project_id,sector,state,original_cost,revised_cost,planned_duration_months,project_age_months,physical_progress,financial_progress,milestones_total,milestones_delayed,land_acquisition_pending,clearance_pending,funding_issue,contractor_issue,previous_schedule_deviation,is_delayed
PAI-00001,Railways,Kerala,286.4,287.7,38,21,53.9,58.4,8,1,0,0,0,0,-5.1,0
PAI-00002,Water & Sanitation,Uttar Pradesh,163.3,165.6,35,26,79.6,68.6,6,0,0,0,0,0,3.3,1
PAI-00003,Urban Transit,Bihar,507.9,518.3,22,9,31.6,38.6,5,0,0,0,0,0,-2.8,0
PAI-00004,Power,Bihar,133.3,138.1,34,32,96.5,91.5,10,1,0,0,0,0,5.8,0
PAI-00005,Power,Andhra Pradesh,306.7,319.4,47,81,100.0,92.0,12,0,0,0,0,1,-5.9,0
PAI-00006,Water & Sanitation,Haryana,94.7,96.6,44,21,47.9,47.1,9,1,1,0,0,0,-0.8,0
PAI-00007,Water & Sanitation,Madhya Pradesh,313.3,325.5,36,20,59.2,55.9,10,2,0,0,0,0,6.7,0
PAI-00008,Airports,Maharashtra,178.5,198.8,45,68,91.0,93.1,12,1,1,0,0,0,9.3,1
PAI-00009,Urban Transit,Tamil Nadu,793.7,929.8,45,46,100.0,77.0,8,1,1,0,0,1,4.4,1
PAI-00010,Railways,Kerala,719.2,770.4,57,59,100.0,67.1,12,2,0,1,0,0,10.8,1
PAI-00011,Urban Transit,Rajasthan,78.1,88.0,52,12,22.8,31.5,16,2,1,0,0,1,11.4,1
PAI-00012,Roads,Telangana,874.3,927.6,46,34,75.6,92.7,9,1,0,0,1,0,-3.4,0
PAI-00013,Railways,Jharkhand,243.7,249.3,28,42,93.8,100.0,5,1,0,0,0,0,-1.3,0
PAI-00014,Roads,Kerala,218.3,221.1,58,62,94.6,100.0,12,1,0,0,0,0,1.9,0
PAI-00015,Railways,Maharashtra,469.4,495.4,71,54,88.2,85.4,15,1,0,0,0,1,-2.7,0
PAI-00016,Ports,Maharashtra,141.0,147.5,52,26,45.5,52.1,12,1,0,0,0,0,2.8,0
PAI-00017,Water & Sanitation,Rajasthan,91.5,94.7,40,29,70.9,79.6,7,0,0,0,0,0,-0.2,0
PAI-00018,Power,Andhra Pradesh,498.0,513.7,18,65,99.5,97.1,4,1,0,0,0,0,3.5,0
PAI-00019,Roads,Gujarat,856.2,962.2,48,65,95.3,90.3,10,0,1,0,1,0,6.6,1
PAI-00020,Roads,Karnataka,382.5,419.7,41,38,100.0,100.0,11,2,1,0,0,0,-7.2,0
PAI-00021,Railways,Telangana,285.3,295.3,52,42,82.2,88.3,15,1,1,0,0,0,6.5,0
PAI-00022,Roads,Gujarat,756.8,798.0,19,40,99.6,97.0,5,0,1,0,0,0,3.5,1
PAI-00023,Power,Rajasthan,78.5,80.6,39,62,99.0,98.9,10,0,1,0,0,0,-1.6,0
PAI-00024,Railways,Tamil Nadu,316.4,333.3,48,45,100.0,97.9,11,2,0,1,0,1,-4.5,0
PAI-00025,Industrial Corridors,West Bengal,77.5,85.4,53,65,97.6,100.0,12,1,1,1,0,0,1.4,1
PAI-00026,Water & Sanitation,West Bengal,490.0,546.1,53,16,21.9,6.7,13,2,0,0,1,0,3.3,1
PAI-00027,Railways,Odisha,143.7,151.5,40,56,86.1,90.3,13,1,1,0,0,0,1.4,1
PAI-00028,Power,Uttar Pradesh,588.5,629.8,42,81,100.0,94.3,10,2,0,0,0,0,16.4,1
PAI-00029,Power,Tamil Nadu,219.9,239.0,72,59,81.2,95.7,21,0,0,0,1,0,5.9,0
PAI-00030,Urban Transit,Uttar Pradesh,374.8,376.3,77,51,61.1,69.3,20,1,0,0,0,0,9.9,0
PAI-00031,Roads,Jharkhand,312.0,320.0,55,75,81.9,80.2,13,0,1,1,0,0,1.1,0
PAI-00032,Roads,West Bengal,641.8,649.1,24,11,51.0,47.0,4,0,0,1,0,0,-1.5,1
PAI-00033,Roads,Tamil Nadu,211.0,218.2,61,58,97.3,89.5,15,2,0,0,0,0,9.6,0
PAI-00034,Railways,Karnataka,1253.2,1362.9,62,60,100.0,95.1,15,1,1,0,0,0,1.4,1
PAI-00035,Power,Andhra Pradesh,202.9,223.0,30,15,60.5,54.9,8,3,0,0,0,0,11.4,1
PAI-00036,Urban Transit,Tamil Nadu,400.2,413.2,41,46,100.0,96.5,12,0,0,0,0,0,-12.0,0
PAI-00037,Power,Rajasthan,158.8,160.4,39,65,98.8,84.6,10,0,0,0,0,0,3.5,0
PAI-00038,Urban Transit,Jharkhand,176.9,192.6,19,36,100.0,80.0,7,2,0,0,0,0,8.1,0
PAI-00039,Airports,Karnataka,1180.6,1241.3,27,6,10.9,6.9,4,0,0,0,0,0,-1.9,0
PAI-00040,Industrial Corridors,Kerala,161.6,192.1,28,82,97.0,89.9,7,3,1,1,0,1,8.7,1
PAI-00041,Urban Transit,Maharashtra,407.0,420.1,44,9,17.5,30.7,12,0,0,0,0,0,5.5,0
PAI-00042,Railways,Karnataka,502.4,529.4,32,14,40.4,42.3,10,2,1,0,0,0,-4.7,0
PAI-00043,Railways,Telangana,232.4,242.1,51,43,72.0,69.7,12,0,0,0,0,1,0.3,1
PAI-00044,Industrial Corridors,Bihar,249.5,260.0,41,37,92.2,91.1,11,0,0,1,0,0,2.8,0
PAI-00045,Railways,Gujarat,451.2,466.3,78,75,96.1,87.4,18,1,0,0,0,0,-0.9,0
PAI-00046,Water & Sanitation,Karnataka,190.1,195.3,72,24,32.4,30.8,17,1,0,0,0,0,-2.6,1
PAI-00047,Water & Sanitation,Rajasthan,163.9,176.2,31,19,60.7,43.9,5,1,0,0,1,0,-3.8,1
PAI-00048,Power,Andhra Pradesh,154.1,166.6,42,25,54.9,68.6,11,1,0,0,0,1,11.3,0
PAI-00049,Ports,Tamil Nadu,195.9,222.1,38,41,92.3,93.9,10,0,1,1,0,1,-2.2,1
PAI-00050,Water & Sanitation,Andhra Pradesh,74.1,77.1,47,83,100.0,100.0,12,0,0,0,0,0,0.1,0
PAI-00051,Roads,Rajasthan,63.3,63.8,31,7,17.5,8.0,9,0,0,0,0,0,-8.8,0
PAI-00052,Railways,Madhya Pradesh,200.2,207.4,41,42,100.0,91.2,11,0,1,0,0,0,4.2,0
PAI-00053,Roads,Bihar,255.6,270.6,36,28,70.1,78.2,12,0,1,0,1,0,-3.8,1
PAI-00054,Industrial Corridors,Telangana,997.9,1137.2,36,82,100.0,100.0,9,1,1,0,0,1,3.9,1
PAI-00055,Urban Transit,Maharashtra,126.6,129.6,54,38,65.2,73.1,12,1,0,0,0,0,2.4,0
PAI-00056,Railways,Telangana,441.2,446.4,20,35,89.9,73.8,6,1,0,0,0,1,-4.9,0
PAI-00057,Industrial Corridors,Jharkhand,165.4,170.9,52,83,100.0,100.0,12,1,0,0,0,0,6.9,1
PAI-00058,Roads,Rajasthan,183.6,185.5,80,29,33.8,32.0,21,0,1,0,0,0,2.0,1
PAI-00059,Industrial Corridors,Madhya Pradesh,408.4,416.5,34,60,90.3,80.2,9,0,0,0,0,0,4.2,0
PAI-00060,Urban Transit,Jharkhand,387.9,416.7,23,48,100.0,94.4,4,1,1,0,1,0,-3.8,0
PAI-00061,Water & Sanitation,Haryana,330.1,333.1,58,57,88.7,97.5,13,1,0,0,0,0,2.9,0
PAI-00062,Railways,Odisha,820.2,906.2,56,22,37.7,44.2,10,3,0,0,0,1,8.8,1
PAI-00063,Water & Sanitation,Karnataka,631.7,661.3,57,56,100.0,100.0,15,2,0,0,0,0,6.5,0
PAI-00064,Roads,Jharkhand,763.1,868.5,43,65,100.0,100.0,10,0,1,1,1,0,-0.2,0
PAI-00065,Water & Sanitation,West Bengal,972.5,1029.3,19,43,100.0,92.2,5,0,1,0,0,0,3.2,1
PAI-00066,Roads,Madhya Pradesh,119.6,123.3,44,42,100.0,100.0,11,1,0,0,0,0,1.1,0
PAI-00067,Roads,Tamil Nadu,386.0,431.2,22,14,66.5,57.0,8,0,0,0,1,0,14.2,1
PAI-00068,Water & Sanitation,Bihar,162.1,166.7,17,39,97.9,93.7,4,0,0,0,0,0,-5.3,0
PAI-00069,Power,Maharashtra,125.0,127.4,48,38,67.2,56.9,12,1,1,0,0,0,7.1,0
PAI-00070,Power,Uttar Pradesh,250.0,294.6,63,19,33.0,23.9,14,4,1,0,0,0,13.9,0
PAI-00071,Roads,Bihar,292.5,328.5,35,14,56.6,53.2,12,4,0,0,0,0,13.0,0
PAI-00072,Urban Transit,Bihar,86.2,89.1,77,14,10.1,18.2,20,1,0,0,0,0,8.4,0
PAI-00073,Roads,Bihar,314.0,317.5,35,58,89.7,96.2,8,1,0,1,0,0,4.4,0
PAI-00074,Railways,Madhya Pradesh,148.8,152.6,12,73,100.0,95.7,4,2,0,0,0,0,2.5,0
PAI-00075,Roads,Bihar,89.5,99.7,40,44,100.0,100.0,12,2,1,0,0,0,10.1,1
PAI-00076,Railways,Haryana,260.9,269.3,31,18,48.4,57.8,6,0,0,0,1,0,1.1,1
PAI-00077,Water & Sanitation,Haryana,374.5,403.2,43,75,100.0,91.2,12,2,0,1,0,0,6.1,0
PAI-00078,Urban Transit,Bihar,488.0,576.8,28,79,89.5,73.6,7,1,1,0,1,0,11.1,1
PAI-00079,Water & Sanitation,Bihar,128.3,131.1,32,19,53.6,51.7,12,0,0,0,0,0,-3.5,0
PAI-00080,Urban Transit,Kerala,285.1,295.6,44,6,6.9,12.5,10,3,0,0,0,0,1.0,0
PAI-00081,Industrial Corridors,Rajasthan,250.7,270.7,13,26,85.8,89.7,5,1,0,1,0,1,4.0,1
PAI-00082,Power,West Bengal,82.0,82.0,41,6,6.4,4.8,11,0,0,0,0,0,0.7,0
PAI-00083,Railways,Madhya Pradesh,222.1,229.3,41,13,26.0,26.0,10,0,1,0,0,1,0.2,1
PAI-00084,Water & Sanitation,Haryana,524.7,537.0,36,17,55.5,53.3,12,0,0,0,0,1,0.3,0
PAI-00085,Railways,Uttar Pradesh,499.4,519.6,56,46,83.6,83.0,15,3,0,0,0,0,5.3,1
PAI-00086,Airports,Karnataka,215.7,230.9,32,10,24.1,15.8,6,0,1,0,0,0,-6.9,0
PAI-00087,Airports,Tamil Nadu,66.5,68.3,63,58,86.0,84.3,13,0,0,0,0,0,-1.8,0
PAI-00088,Water & Sanitation,Uttar Pradesh,121.7,132.1,49,58,93.7,84.4,8,2,1,0,0,0,3.3,1
PAI-00089,Airports,Uttar Pradesh,103.5,106.4,36,75,98.6,95.9,13,1,0,0,0,0,12.5,0
PAI-00090,Roads,Karnataka,132.4,136.2,26,48,91.6,96.6,8,0,1,0,0,0,0.1,0
PAI-00091,Roads,Maharashtra,232.8,239.4,42,79,95.4,100.0,13,1,1,0,0,0,4.9,1
PAI-00092,Urban Transit,Rajasthan,159.0,165.5,41,76,99.6,95.4,11,1,1,0,0,0,2.4,1
PAI-00093,Industrial Corridors,Karnataka,208.9,219.5,58,32,48.5,60.2,16,0,0,0,1,0,4.0,1
PAI-00094,Railways,Gujarat,120.8,127.6,28,84,79.9,77.6,8,1,0,1,0,0,-1.2,0
PAI-00095,Urban Transit,Maharashtra,433.5,464.3,45,64,100.0,92.2,10,0,0,0,1,0,-1.4,0
PAI-00096,Ports,Bihar,206.6,213.3,36,20,63.1,62.9,8,1,1,0,0,0,-3.9,1
PAI-00097,Railways,Kerala,339.1,370.1,20,15,70.5,60.6,6,2,1,0,0,0,8.2,0
PAI-00098,Airports,Bihar,182.5,186.1,64,7,1.0,10.5,16,1,0,0,0,0,-1.8,0
PAI-00099,Ports,Maharashtra,351.2,388.6,26,65,73.9,70.1,4,1,1,1,0,0,-1.5,0
PAI-00100,Urban Transit,Jharkhand,369.1,379.1,48,54,92.2,94.5,14,1,0,0,0,0,4.9,0
PAI-00101,Roads,Karnataka,167.0,179.8,58,12,6.6,0.0,15,2,1,0,0,1,0.0,0
PAI-00102,Railways,Madhya Pradesh,210.8,217.1,31,15,41.9,33.9,7,1,0,0,0,0,2.8,0
PAI-00103,Urban Transit,Maharashtra,214.1,220.0,70,6,1.1,0.0,16,1,0,0,0,1,-0.2,1
PAI-00104,Urban Transit,Andhra Pradesh,265.0,289.6,67,67,100.0,100.0,19,0,1,0,0,0,5.9,0
PAI-00105,Water & Sanitation,Uttar Pradesh,166.4,172.7,39,47,100.0,100.0,9,0,0,0,0,0,-2.6,0
PAI-00106,Water & Sanitation,Bihar,468.7,468.7,32,9,29.0,27.1,9,0,0,0,0,0,2.7,0
PAI-00107,Urban Transit,West Bengal,80.6,84.0,46,6,6.3,10.5,8,0,0,0,0,0,-7.1,0
PAI-00108,Airports,Telangana,1522.8,1556.6,59,50,79.7,88.2,11,0,0,0,0,0,-1.6,0
PAI-00109,Ports,Odisha,591.1,641.2,37,45,99.5,99.9,11,2,1,1,0,0,3.8,1
PAI-00110,Industrial Corridors,Madhya Pradesh,154.8,183.7,38,62,94.7,87.7,6,1,1,0,1,1,2.2,1
PAI-00111,Railways,Karnataka,102.1,111.8,27,80,91.8,76.6,6,0,1,0,1,0,-2.7,0
PAI-00112,Railways,Andhra Pradesh,392.1,436.3,85,39,41.0,27.2,22,0,1,0,1,0,-2.6,0
PAI-00113,Roads,Telangana,265.9,276.4,35,77,90.7,93.3,12,1,0,1,0,0,4.1,1
PAI-00114,Water & Sanitation,Kerala,350.7,366.6,44,37,77.4,70.0,12,0,0,0,0,0,-3.0,0
PAI-00115,Roads,Kerala,100.1,105.2,51,11,18.2,13.4,12,0,0,0,0,0,-1.4,0
PAI-00116,Railways,Uttar Pradesh,576.2,609.4,54,72,98.3,100.0,13,2,0,0,0,0,13.4,0
PAI-00117,Power,Jharkhand,225.9,252.0,54,77,100.0,100.0,12,1,1,1,0,0,9.3,1
PAI-00118,Power,Tamil Nadu,546.7,597.4,31,72,89.0,75.3,8,0,1,0,1,0,2.7,1
PAI-00119,Roads,Bihar,37.9,40.1,37,26,70.8,67.2,8,0,1,1,0,0,-6.5,1
PAI-00120,Railways,Madhya Pradesh,266.5,281.6,35,65,95.6,93.4,6,1,1,0,0,0,2.8,0
PAI-00121,Roads,Bihar,170.5,170.9,67,66,81.3,93.5,16,1,0,0,0,0,-2.0,0
PAI-00122,Water & Sanitation,Telangana,340.8,374.1,30,57,100.0,100.0,5,1,1,0,1,0,-3.9,0
PAI-00123,Airports,Gujarat,66.3,67.8,41,51,87.8,76.7,11,0,0,0,0,0,-0.9,0
PAI-00124,Roads,Odisha,210.8,214.5,43,41,93.3,90.5,10,1,0,0,0,0,0.2,0
PAI-00125,Roads,Karnataka,325.8,369.3,20,19,100.0,89.7,9,0,1,0,1,0,2.4,1
PAI-00126,Water & Sanitation,Gujarat,137.2,144.8,32,76,93.8,89.8,6,0,1,1,0,0,3.8,1
PAI-00127,Power,Haryana,209.9,211.2,39,53,100.0,100.0,9,1,0,1,0,0,-4.9,0
PAI-00128,Urban Transit,Telangana,198.6,215.3,53,47,83.8,66.2,17,0,0,0,1,0,6.4,1
PAI-00129,Roads,Maharashtra,667.7,687.0,60,49,77.3,73.6,15,1,0,0,0,0,0.4,0
PAI-00130,Power,Odisha,86.2,92.4,17,71,98.0,95.4,4,1,1,1,0,0,10.9,1
PAI-00131,Urban Transit,Maharashtra,268.2,273.8,65,33,47.0,43.3,17,2,0,0,0,0,4.1,0
PAI-00132,Water & Sanitation,Maharashtra,159.8,162.4,18,21,100.0,100.0,6,0,0,0,0,0,-8.9,0
PAI-00133,Airports,Uttar Pradesh,529.3,579.3,32,59,100.0,97.7,4,0,1,0,1,0,7.9,1
PAI-00134,Industrial Corridors,Maharashtra,109.9,123.3,38,46,87.4,68.8,11,2,0,0,0,1,4.0,0
PAI-00135,Water & Sanitation,Rajasthan,570.3,572.0,40,27,67.9,61.4,9,1,0,0,0,0,-0.9,1
PAI-00136,Urban Transit,Rajasthan,218.6,232.0,27,53,94.5,79.3,6,1,0,0,1,0,-2.7,0
PAI-00137,Ports,Madhya Pradesh,544.8,615.1,64,46,84.3,86.7,16,1,1,1,0,1,1.4,1
PAI-00138,Water & Sanitation,West Bengal,685.0,731.7,39,31,68.4,65.0,10,1,0,0,1,0,5.9,0
PAI-00139,Urban Transit,Madhya Pradesh,145.6,159.6,50,43,80.7,83.7,13,0,1,0,1,0,-0.8,0
PAI-00140,Power,Gujarat,205.1,206.2,32,42,97.1,100.0,10,0,0,0,0,0,-5.9,0
PAI-00141,Roads,Bihar,308.8,329.3,63,78,97.6,95.9,16,1,1,0,0,0,2.9,1
PAI-00142,Railways,Bihar,242.8,253.2,66,53,73.7,74.2,20,0,0,0,0,0,-2.1,0
PAI-00143,Roads,West Bengal,118.1,121.8,36,53,100.0,100.0,11,1,1,0,0,0,-4.4,1
PAI-00144,Industrial Corridors,Haryana,368.0,428.2,56,73,94.7,88.5,16,3,1,1,0,0,15.2,1
PAI-00145,Railways,Jharkhand,367.2,379.6,50,14,28.5,37.0,9,1,1,0,0,0,-3.1,0
PAI-00146,Power,Tamil Nadu,84.3,94.1,72,54,74.7,86.8,14,1,1,0,0,0,18.3,1
PAI-00147,Railways,Haryana,480.3,516.1,46,72,83.8,99.3,11,0,0,0,1,0,4.7,0
PAI-00148,Roads,Kerala,325.2,354.5,44,53,100.0,88.2,12,0,1,0,1,0,1.7,0
PAI-00149,Urban Transit,West Bengal,153.7,158.2,17,82,97.2,88.3,6,1,0,0,0,0,9.1,1
PAI-00150,Power,West Bengal,319.3,350.2,44,33,85.1,83.4,10,4,0,0,0,0,6.6,1
PAI-00151,Railways,Uttar Pradesh,1320.8,1343.2,38,9,20.4,26.9,7,0,1,0,0,0,-8.2,1
PAI-00152,Railways,Jharkhand,675.0,756.7,13,32,98.5,87.2,4,2,1,0,0,1,1.8,1
PAI-00153,Airports,Uttar Pradesh,304.7,343.1,51,15,35.3,35.1,12,3,0,0,1,0,11.8,1
PAI-00154,Water & Sanitation,Gujarat,275.1,284.6,35,9,29.7,39.7,8,0,1,0,0,0,-2.5,0
PAI-00155,Railways,Uttar Pradesh,71.1,75.0,30,76,100.0,100.0,9,2,0,0,0,0,9.7,0
PAI-00156,Urban Transit,Telangana,538.0,561.0,57,36,64.6,58.8,15,0,0,0,0,0,-2.1,0
PAI-00157,Roads,Andhra Pradesh,448.2,498.5,18,16,96.5,75.1,8,1,1,0,0,0,0.6,1
PAI-00158,Ports,Tamil Nadu,179.8,188.9,28,81,86.0,81.7,5,1,1,0,0,0,-2.1,0
PAI-00159,Water & Sanitation,West Bengal,675.9,730.1,58,72,92.1,88.7,15,1,1,0,0,0,5.9,1
PAI-00160,Water & Sanitation,Kerala,129.8,142.3,45,33,62.9,53.3,12,1,0,0,1,0,2.9,1
PAI-00161,Power,Odisha,739.4,768.9,44,13,25.8,29.2,14,1,0,0,0,0,2.2,0
PAI-00162,Railways,Jharkhand,406.5,422.5,32,74,98.7,98.2,6,2,1,0,0,0,2.6,0
PAI-00163,Railways,Uttar Pradesh,272.2,272.2,16,46,100.0,100.0,4,0,0,0,0,0,-7.2,0
PAI-00164,Railways,Uttar Pradesh,161.2,165.8,65,72,90.2,94.0,15,0,1,0,0,0,-0.5,0
PAI-00165,Ports,Kerala,307.7,323.1,47,23,45.1,55.2,13,2,0,0,0,1,8.8,1
PAI-00166,Railways,Kerala,138.3,147.3,40,41,100.0,100.0,8,0,1,0,1,0,-0.7,0
PAI-00167,Power,Andhra Pradesh,230.3,237.4,66,22,35.2,61.2,15,0,0,0,0,0,-1.0,0
PAI-00168,Roads,Rajasthan,914.1,930.9,45,14,23.9,23.7,11,1,0,0,0,0,2.9,1
PAI-00169,Roads,Madhya Pradesh,52.2,57.4,48,12,31.7,44.2,14,0,0,0,1,0,7.7,0
PAI-00170,Water & Sanitation,Jharkhand,84.0,85.8,64,15,18.1,17.5,13,1,0,0,0,0,8.9,1
PAI-00171,Ports,Haryana,94.8,97.8,75,75,94.9,91.2,15,1,0,1,0,0,3.7,1
PAI-00172,Urban Transit,Madhya Pradesh,803.1,843.6,60,33,47.0,43.3,17,1,0,0,0,0,-1.1,0
PAI-00173,Urban Transit,Telangana,204.5,215.6,49,50,81.2,88.7,14,1,0,1,0,1,7.8,1
PAI-00174,Ports,Rajasthan,78.0,83.4,45,74,92.3,100.0,7,0,0,1,1,1,-0.2,1
PAI-00175,Industrial Corridors,Andhra Pradesh,86.7,89.2,45,37,66.8,54.2,8,1,0,0,0,0,3.7,1
PAI-00176,Industrial Corridors,Uttar Pradesh,316.4,325.1,30,16,59.4,65.7,7,1,0,0,0,0,1.4,0
PAI-00177,Power,Rajasthan,175.4,191.7,58,70,100.0,95.0,16,2,0,0,0,0,15.1,1
PAI-00178,Roads,Telangana,174.6,190.6,31,53,100.0,100.0,7,0,1,0,1,0,-1.0,0
PAI-00179,Water & Sanitation,Tamil Nadu,205.1,213.4,60,66,100.0,100.0,17,2,0,0,0,0,-0.5,0
PAI-00180,Industrial Corridors,Uttar Pradesh,125.2,126.2,44,25,41.9,59.9,14,3,0,0,0,0,4.4,0
PAI-00181,Airports,Odisha,35.5,36.3,62,81,81.0,87.9,19,2,0,0,0,0,0.4,1
PAI-00182,Urban Transit,Andhra Pradesh,855.3,941.3,38,39,83.2,77.5,10,2,0,0,0,1,4.7,1
PAI-00183,Railways,Maharashtra,165.9,179.6,34,27,83.7,92.7,5,1,1,1,0,0,3.2,1
PAI-00184,Power,West Bengal,614.3,637.7,32,19,60.1,46.5,8,1,0,0,0,0,3.2,0
PAI-00185,Railways,West Bengal,149.1,154.3,12,13,100.0,100.0,4,0,0,1,0,0,-3.2,0
PAI-00186,Railways,Madhya Pradesh,365.2,392.5,23,20,78.4,83.8,4,0,1,0,1,0,-4.5,0
PAI-00187,Ports,Maharashtra,143.8,169.0,54,64,96.0,100.0,12,2,1,0,1,0,9.1,1
PAI-00188,Roads,Karnataka,914.8,921.5,28,8,40.9,32.2,9,2,0,0,0,0,3.3,0
PAI-00189,Airports,Tamil Nadu,592.3,620.8,32,78,96.8,85.7,7,2,0,0,0,0,13.1,0
PAI-00190,Railways,Madhya Pradesh,260.8,260.8,52,31,55.5,46.3,12,0,0,1,0,0,7.4,0
PAI-00191,Roads,Madhya Pradesh,213.0,218.4,67,14,22.2,14.6,19,2,0,0,0,0,3.0,0
PAI-00192,Urban Transit,Rajasthan,307.0,314.3,41,76,89.4,77.6,11,0,0,0,0,0,-1.5,0
PAI-00193,Railways,Bihar,54.7,61.8,39,42,94.9,100.0,10,1,1,0,1,0,-2.4,0
PAI-00194,Water & Sanitation,Maharashtra,126.3,132.6,58,49,86.8,85.9,18,0,0,1,0,0,-4.7,0
PAI-00195,Water & Sanitation,Madhya Pradesh,148.8,159.3,53,84,97.2,100.0,15,2,1,1,0,0,1.0,0
PAI-00196,Roads,Telangana,116.6,128.3,47,70,93.8,100.0,8,2,0,1,0,1,1.6,0
PAI-00197,Railways,West Bengal,565.0,596.1,32,24,67.6,57.9,9,0,1,0,0,0,-4.7,0
PAI-00198,Power,Kerala,639.6,657.6,50,76,78.9,77.5,13,0,1,0,0,0,-3.9,0
PAI-00199,Railways,West Bengal,656.7,690.5,40,34,80.1,90.6,10,2,0,1,0,0,0.8,0
PAI-00200,Industrial Corridors,Madhya Pradesh,116.9,126.8,21,14,69.4,69.0,4,2,1,0,0,1,-1.0,1
PAI-00201,Urban Transit,Maharashtra,50.3,52.5,38,38,100.0,100.0,10,2,0,0,0,0,8.2,1
PAI-00202,Roads,Jharkhand,147.9,151.1,52,15,33.3,28.2,15,1,0,0,0,0,-4.6,0
PAI-00203,Power,Andhra Pradesh,293.7,306.4,41,40,98.9,100.0,9,1,0,0,0,0,-5.0,1
PAI-00204,Industrial Corridors,Kerala,80.9,89.5,25,76,100.0,97.4,8,1,1,1,0,0,1.3,0
PAI-00205,Airports,Jharkhand,96.1,96.8,38,30,85.7,92.9,12,0,0,0,0,0,-5.2,0
PAI-00206,Roads,Telangana,491.4,524.6,24,71,82.0,85.9,8,1,0,1,0,0,6.8,1
PAI-00207,Ports,Jharkhand,173.8,182.4,39,79,99.1,100.0,10,0,1,0,0,0,7.0,1
PAI-00208,Urban Transit,Uttar Pradesh,239.8,255.1,41,31,98.4,100.0,11,4,0,0,0,0,13.0,1
PAI-00209,Roads,Karnataka,647.7,708.1,43,33,85.7,96.3,12,2,0,0,0,0,17.0,1
PAI-00210,Industrial Corridors,Haryana,56.4,62.6,49,59,100.0,86.8,11,1,1,0,0,0,3.0,1
PAI-00211,Railways,Bihar,254.3,265.8,44,32,76.7,82.0,11,0,1,0,0,0,-0.8,1
PAI-00212,Urban Transit,Uttar Pradesh,214.6,227.9,75,51,69.5,51.3,20,0,0,0,0,1,0.6,0
PAI-00213,Water & Sanitation,Madhya Pradesh,142.5,165.0,69,76,100.0,93.0,18,0,0,1,1,1,8.2,0
PAI-00214,Water & Sanitation,Jharkhand,173.6,188.7,56,72,92.5,100.0,17,1,1,1,0,0,6.3,1
PAI-00215,Railways,Rajasthan,791.8,821.3,37,55,98.3,93.1,9,1,1,0,0,0,-4.4,1
PAI-00216,Urban Transit,Karnataka,208.4,234.4,43,78,97.0,100.0,9,0,1,0,1,0,3.6,1
PAI-00217,Roads,Haryana,374.8,407.5,37,38,96.7,100.0,9,1,1,1,0,0,-5.9,1
PAI-00218,Water & Sanitation,Bihar,255.3,280.1,12,32,100.0,100.0,4,0,1,1,0,0,4.4,0
PAI-00219,Ports,West Bengal,657.8,698.6,39,28,78.1,73.1,9,1,0,1,1,0,-5.8,1
PAI-00220,Roads,Rajasthan,587.4,622.4,36,42,91.9,91.9,13,0,0,1,0,0,-8.4,0
PAI-00221,Roads,Odisha,60.0,63.3,72,66,91.6,87.1,17,1,0,1,0,0,6.9,0
PAI-00222,Roads,Tamil Nadu,172.6,185.4,30,21,63.9,65.6,8,1,1,0,0,0,-0.9,1
PAI-00223,Railways,Madhya Pradesh,594.4,610.1,50,21,42.2,53.6,16,1,0,0,0,1,-0.3,0
PAI-00224,Railways,Bihar,118.1,123.0,52,84,93.5,100.0,14,1,0,1,0,0,0.9,1
PAI-00225,Industrial Corridors,Kerala,807.1,923.9,47,52,91.0,79.4,12,2,0,1,1,0,8.7,1
PAI-00226,Water & Sanitation,Jharkhand,294.8,294.8,59,45,67.9,67.3,14,0,0,0,0,0,1.8,0
PAI-00227,Railways,Jharkhand,152.7,159.0,34,13,41.7,27.2,7,0,0,0,1,1,-5.2,0
PAI-00228,Urban Transit,Madhya Pradesh,161.8,165.7,35,12,39.1,44.9,9,0,0,1,0,0,-2.5,0
PAI-00229,Urban Transit,Karnataka,350.9,409.9,50,72,94.0,95.0,11,0,1,0,1,1,2.4,1
PAI-00230,Ports,Rajasthan,400.9,431.2,58,15,40.2,19.2,13,1,0,1,0,0,3.8,1
PAI-00231,Roads,Haryana,308.4,313.4,56,26,43.3,43.9,16,0,0,0,0,0,-0.3,0
PAI-00232,Railways,Gujarat,590.0,635.1,52,82,100.0,100.0,15,1,1,0,0,0,-4.0,1
PAI-00233,Water & Sanitation,Bihar,246.2,253.1,37,19,43.8,24.2,12,0,0,0,0,0,3.0,0
PAI-00234,Airports,West Bengal,475.8,501.3,26,83,100.0,98.8,6,0,0,1,0,0,6.8,0
PAI-00235,Urban Transit,Rajasthan,299.1,308.2,47,11,26.4,18.8,9,0,0,0,0,0,-1.7,0
PAI-00236,Railways,Maharashtra,234.8,247.8,28,7,18.4,12.2,9,1,1,0,0,0,-0.2,0
PAI-00237,Ports,Kerala,646.7,701.4,32,48,95.5,97.8,6,0,1,0,0,0,3.7,0
PAI-00238,Roads,West Bengal,217.4,224.0,57,31,43.0,48.4,15,0,0,0,0,0,-0.3,0
PAI-00239,Industrial Corridors,Gujarat,130.7,138.1,38,51,93.4,100.0,10,0,1,0,0,0,3.4,1
PAI-00240,Urban Transit,Haryana,265.0,274.4,50,82,100.0,100.0,10,0,0,0,1,0,0.2,0
PAI-00241,Airports,Kerala,235.7,247.0,28,33,100.0,100.0,6,1,0,0,0,0,-0.5,0
PAI-00242,Railways,Andhra Pradesh,298.2,312.5,37,6,14.6,11.2,14,0,0,0,0,1,0.2,0
PAI-00243,Water & Sanitation,Kerala,104.4,115.7,36,8,25.9,23.2,12,1,1,0,0,0,4.4,0
PAI-00244,Industrial Corridors,Rajasthan,293.7,316.9,40,80,89.7,77.2,13,1,0,1,0,0,1.3,1
PAI-00245,Airports,Karnataka,167.8,170.9,61,38,62.0,50.5,17,1,0,0,0,0,6.4,0
PAI-00246,Roads,Odisha,644.0,753.4,68,84,100.0,100.0,20,2,0,1,1,0,15.1,1
PAI-00247,Railways,Maharashtra,415.6,445.1,64,38,53.8,53.1,14,1,1,0,0,0,4.6,1
PAI-00248,Urban Transit,Jharkhand,184.8,189.9,18,11,70.5,74.9,8,0,0,1,0,0,-3.1,0
PAI-00249,Urban Transit,Jharkhand,151.8,157.2,52,71,91.8,93.3,13,0,0,0,0,0,-0.3,1
PAI-00250,Water & Sanitation,Kerala,400.8,412.8,43,10,27.2,33.2,8,2,0,0,0,0,6.5,0
PAI-00251,Industrial Corridors,Haryana,322.5,357.2,51,44,80.7,82.8,11,1,1,0,0,1,7.5,0
PAI-00252,Industrial Corridors,Karnataka,573.5,612.1,12,46,93.2,96.6,4,1,0,0,1,0,2.2,0
PAI-00253,Industrial Corridors,Maharashtra,186.7,202.4,42,48,84.8,81.6,12,4,0,0,0,0,15.0,1
PAI-00254,Roads,Jharkhand,330.0,334.4,48,12,28.3,42.6,12,1,0,0,0,0,1.3,0
PAI-00255,Railways,Maharashtra,267.8,281.0,43,55,100.0,100.0,9,1,0,0,1,0,5.8,1
PAI-00256,Ports,Telangana,199.4,219.7,41,69,98.1,100.0,12,2,1,0,0,0,4.9,0
PAI-00257,Urban Transit,Karnataka,163.7,163.7,22,39,95.9,95.4,10,0,0,0,0,0,2.6,1
PAI-00258,Urban Transit,Gujarat,431.8,443.2,20,60,91.4,96.7,4,1,0,0,0,0,-1.5,0
PAI-00259,Power,Kerala,475.5,495.6,43,24,65.6,46.9,12,1,0,0,0,0,-5.4,0
PAI-00260,Water & Sanitation,Odisha,253.1,280.0,35,27,70.9,62.7,9,3,0,1,0,0,4.6,0
PAI-00261,Railways,Uttar Pradesh,203.3,207.5,59,19,40.4,33.8,16,1,0,0,0,0,6.1,0
PAI-00262,Industrial Corridors,Bihar,69.3,70.9,59,53,74.7,80.1,16,0,0,0,0,0,-4.1,0
PAI-00263,Power,Andhra Pradesh,65.9,67.6,13,58,100.0,94.6,4,0,0,0,0,0,2.3,0
PAI-00264,Industrial Corridors,Maharashtra,273.7,281.4,30,27,87.3,92.7,10,1,0,0,0,0,5.6,0
PAI-00265,Urban Transit,Karnataka,369.5,426.4,63,82,96.9,98.5,17,3,0,0,0,1,11.3,1
PAI-00266,Roads,Kerala,45.0,45.0,47,64,100.0,100.0,11,0,1,0,0,0,-4.0,0
PAI-00267,Railways,Uttar Pradesh,324.0,353.1,59,79,92.9,94.8,12,1,1,1,0,0,3.2,0
PAI-00268,Airports,Madhya Pradesh,266.7,277.7,57,41,67.3,55.4,15,1,0,0,0,0,10.4,0
PAI-00269,Roads,Odisha,196.5,208.2,31,65,100.0,100.0,7,0,1,1,0,0,6.1,1
PAI-00270,Urban Transit,Telangana,323.3,335.5,21,82,89.0,95.0,6,1,0,0,0,0,-1.2,1
PAI-00271,Railways,Madhya Pradesh,213.6,223.3,42,34,85.4,95.6,12,2,0,0,0,0,5.7,0
PAI-00272,Water & Sanitation,Haryana,172.0,179.6,63,16,28.7,37.8,17,0,1,0,0,0,0.3,0
PAI-00273,Roads,Andhra Pradesh,725.6,803.7,65,83,100.0,90.0,17,0,1,0,0,1,10.4,1
PAI-00274,Urban Transit,Maharashtra,28.5,28.7,64,61,97.0,87.3,17,1,0,0,0,0,6.4,0
PAI-00275,Urban Transit,Jharkhand,280.3,293.1,14,83,100.0,95.4,4,1,0,0,0,0,1.0,0
PAI-00276,Water & Sanitation,Maharashtra,410.9,433.1,69,65,97.0,97.0,16,1,0,0,0,0,-2.6,0
PAI-00277,Water & Sanitation,Maharashtra,161.8,163.1,26,17,63.0,70.5,7,0,0,0,0,0,0.7,0
PAI-00278,Roads,Rajasthan,652.9,711.1,35,56,100.0,90.5,9,1,0,0,1,1,0.5,1
PAI-00279,Power,Odisha,425.2,432.8,33,17,39.3,38.3,5,0,0,0,0,0,-2.3,0
PAI-00280,Airports,Gujarat,160.9,168.5,52,42,93.7,96.6,13,1,0,1,0,0,3.3,1
PAI-00281,Power,West Bengal,156.2,178.4,59,21,45.7,38.2,14,5,0,0,0,0,14.8,1
PAI-00282,Roads,Telangana,787.2,792.7,51,49,87.1,93.5,12,0,0,0,0,0,-0.0,0
PAI-00283,Urban Transit,Telangana,531.6,565.9,29,24,79.2,67.5,5,1,0,1,0,0,-1.0,1
PAI-00284,Industrial Corridors,Andhra Pradesh,102.0,116.9,72,46,57.9,72.4,19,2,1,0,0,1,10.3,1
PAI-00285,Roads,Tamil Nadu,346.0,355.5,67,10,15.8,15.1,17,0,1,0,0,0,-0.7,0
PAI-00286,Airports,Gujarat,211.5,216.8,43,31,66.9,76.4,14,1,0,0,0,0,-5.4,0
PAI-00287,Railways,Karnataka,167.5,176.2,40,73,90.9,96.8,4,0,0,0,0,0,1.1,1
PAI-00288,Railways,Maharashtra,283.6,311.5,46,65,100.0,94.5,13,1,0,1,0,1,5.7,1
PAI-00289,Industrial Corridors,Gujarat,386.5,413.7,51,66,100.0,96.7,14,1,1,0,0,0,4.5,1
PAI-00290,Roads,Karnataka,822.9,859.3,42,50,100.0,94.8,7,1,0,0,0,0,1.6,0
PAI-00291,Ports,Odisha,984.0,997.8,57,8,12.6,20.6,15,0,0,1,0,0,2.4,0
PAI-00292,Power,Odisha,1277.4,1325.7,68,67,100.0,99.5,17,0,0,0,0,0,3.1,0
PAI-00293,Urban Transit,Kerala,243.4,247.2,34,7,14.9,7.4,8,1,0,0,0,0,-0.9,1
PAI-00294,Water & Sanitation,West Bengal,515.3,551.5,84,26,13.0,0.0,22,2,0,0,0,1,-6.7,0
PAI-00295,Power,Kerala,333.9,350.9,55,70,95.4,92.8,15,0,0,0,0,0,8.0,0
PAI-00296,Water & Sanitation,Telangana,261.4,269.2,45,35,66.2,73.0,15,3,0,0,0,0,7.4,1
PAI-00297,Water & Sanitation,Jharkhand,228.5,247.6,31,23,75.8,82.8,5,1,0,0,1,0,1.0,1
PAI-00298,Urban Transit,Madhya Pradesh,52.7,54.8,55,75,100.0,90.1,14,1,0,0,1,0,2.0,0
PAI-00299,Roads,Bihar,1442.2,1544.0,30,83,82.2,87.2,5,0,1,0,0,0,-0.5,1
PAI-00300,Ports,Bihar,118.1,121.3,72,66,97.6,100.0,20,0,1,0,0,0,-4.6,0
PAI-00301,Urban Transit,West Bengal,481.5,482.9,53,42,66.5,63.5,16,0,0,0,0,0,-7.8,0
PAI-00302,Industrial Corridors,West Bengal,60.6,65.2,12,80,96.2,93.5,4,1,1,0,0,0,3.9,1
PAI-00303,Urban Transit,Karnataka,502.6,516.4,50,38,85.2,86.4,13,2,0,0,0,0,4.3,0
PAI-00304,Industrial Corridors,West Bengal,487.2,495.9,50,72,95.2,88.1,13,0,0,0,0,0,4.6,0
PAI-00305,Industrial Corridors,West Bengal,289.5,290.6,30,10,28.5,24.9,8,1,0,0,0,0,-3.1,0
PAI-00306,Roads,Rajasthan,260.0,282.2,25,58,98.5,100.0,9,1,1,0,0,1,7.6,1
PAI-00307,Water & Sanitation,Jharkhand,487.5,504.6,63,9,18.7,19.4,18,1,0,0,0,0,4.5,0
PAI-00308,Railways,Jharkhand,336.4,337.2,31,53,100.0,100.0,11,0,1,0,0,0,-5.9,1
PAI-00309,Industrial Corridors,Rajasthan,68.0,81.4,31,68,100.0,81.2,9,1,1,0,1,1,-2.1,1
PAI-00310,Urban Transit,Bihar,109.3,115.5,44,50,82.8,88.0,10,2,0,0,1,0,0.9,0
PAI-00311,Water & Sanitation,Haryana,777.6,821.6,56,53,100.0,93.3,14,0,1,0,0,0,-1.3,1
PAI-00312,Urban Transit,Jharkhand,895.3,919.6,55,30,50.3,47.2,14,0,0,0,0,0,2.9,0
PAI-00313,Roads,Gujarat,286.4,335.0,54,8,9.2,4.3,14,2,1,0,0,1,11.2,1
PAI-00314,Industrial Corridors,Andhra Pradesh,243.6,265.5,23,36,97.5,83.0,4,1,1,0,0,0,3.7,0
PAI-00315,Roads,Andhra Pradesh,336.1,343.2,41,28,72.2,82.4,10,0,0,0,0,0,-6.0,0
PAI-00316,Water & Sanitation,Karnataka,262.2,263.4,57,32,61.6,63.7,13,0,0,0,0,0,-3.3,0
PAI-00317,Railways,Uttar Pradesh,427.7,441.0,44,50,100.0,100.0,13,1,0,0,0,0,1.6,0
PAI-00318,Urban Transit,Tamil Nadu,154.6,160.2,46,79,100.0,100.0,17,0,1,0,0,0,6.2,0
PAI-00319,Roads,Madhya Pradesh,344.3,383.8,69,22,42.0,45.5,18,1,1,0,1,0,-4.3,1
PAI-00320,Power,Bihar,185.2,190.8,34,15,38.9,32.8,6,1,0,0,0,0,5.4,0
PAI-00321,Airports,Karnataka,291.0,323.4,37,21,48.1,54.1,12,1,0,1,1,0,2.9,1
PAI-00322,Railways,Kerala,207.4,228.9,43,44,94.4,76.6,13,0,1,0,1,0,-8.6,1
PAI-00323,Railways,Tamil Nadu,1166.9,1224.2,41,14,39.6,32.9,14,1,0,0,1,0,-4.8,1
PAI-00324,Railways,Andhra Pradesh,289.7,322.8,37,20,66.6,66.7,10,3,1,0,0,0,3.4,1
PAI-00325,Railways,Telangana,182.4,194.4,38,12,39.2,25.7,5,1,1,0,0,0,5.4,0
PAI-00326,Industrial Corridors,Uttar Pradesh,114.8,121.8,12,23,83.1,91.2,4,0,1,1,0,0,-4.6,1
PAI-00327,Roads,Tamil Nadu,191.6,198.1,29,23,82.8,93.0,5,1,0,0,0,0,-3.2,0
PAI-00328,Industrial Corridors,Karnataka,274.7,282.2,17,29,98.8,100.0,6,2,0,1,0,0,-1.1,0
PAI-00329,Water & Sanitation,Bihar,1437.0,1531.8,47,52,100.0,96.2,13,1,1,0,0,0,3.9,1
PAI-00330,Roads,Madhya Pradesh,325.9,335.4,26,19,77.7,97.5,6,1,0,0,0,1,3.6,0
PAI-00331,Industrial Corridors,Rajasthan,104.6,115.1,38,16,54.9,63.5,7,5,0,0,0,0,11.9,0
PAI-00332,Railways,Jharkhand,534.2,636.9,35,75,100.0,81.4,10,1,1,1,1,1,5.9,1
PAI-00333,Power,Maharashtra,198.6,209.7,50,28,46.0,50.7,13,0,0,0,0,0,-2.4,0
PAI-00334,Roads,Maharashtra,163.5,170.6,39,24,64.8,68.2,9,0,0,0,0,0,-6.4,0
PAI-00335,Urban Transit,Rajasthan,36.5,38.2,57,24,42.4,40.1,20,0,0,0,1,0,-3.9,0
PAI-00336,Railways,West Bengal,28.0,31.1,61,84,90.3,98.9,14,1,1,1,0,0,4.4,0
PAI-00337,Roads,West Bengal,411.6,426.7,39,66,77.2,76.5,10,0,1,0,0,0,5.5,0
PAI-00338,Railways,Uttar Pradesh,103.5,107.9,20,66,97.1,100.0,7,0,1,0,0,0,3.2,1
PAI-00339,Power,Telangana,471.8,513.8,48,79,100.0,93.1,12,3,0,0,0,0,9.9,1
PAI-00340,Urban Transit,Telangana,131.1,136.6,50,76,100.0,95.5,11,1,0,0,0,0,8.1,0
PAI-00341,Urban Transit,Kerala,91.4,93.2,37,50,99.1,100.0,7,0,0,0,0,0,-2.3,0
PAI-00342,Power,Odisha,155.3,163.0,55,50,94.8,92.2,13,1,0,0,0,0,-2.7,0
PAI-00343,Roads,Andhra Pradesh,1428.1,1433.9,31,24,79.8,67.9,10,0,0,1,0,0,-6.5,0
PAI-00344,Power,Madhya Pradesh,1692.2,1754.5,55,15,19.5,22.8,13,1,0,0,0,1,6.1,0
PAI-00345,Airports,Rajasthan,290.1,292.5,35,79,87.0,71.8,9,0,0,0,0,0,5.2,0
PAI-00346,Ports,Madhya Pradesh,302.1,306.7,43,37,80.8,74.0,11,0,0,0,0,0,-9.3,0
PAI-00347,Roads,Telangana,299.4,308.7,44,55,100.0,92.3,13,0,1,0,0,0,0.9,1
PAI-00348,Roads,Telangana,430.4,436.7,48,33,64.5,64.2,15,0,0,0,0,0,-1.9,0
PAI-00349,Roads,West Bengal,160.9,168.0,52,71,91.3,100.0,10,0,1,0,0,1,-1.2,0
PAI-00350,Power,West Bengal,94.6,101.3,32,47,98.8,80.1,8,0,1,0,0,0,-4.3,1
PAI-00351,Industrial Corridors,West Bengal,840.0,941.6,23,69,100.0,100.0,8,1,1,0,0,1,7.3,1
PAI-00352,Water & Sanitation,Uttar Pradesh,287.6,331.4,25,31,93.4,95.9,8,1,0,0,1,1,5.8,0
PAI-00353,Urban Transit,West Bengal,714.9,758.0,44,83,84.4,67.0,12,2,0,0,0,0,9.5,0
PAI-00354,Railways,Tamil Nadu,81.0,83.1,39,10,17.9,11.9,10,2,0,0,0,0,4.5,0
PAI-00355,Power,Telangana,120.9,123.6,64,11,8.0,8.3,16,0,0,0,0,0,-8.6,1
PAI-00356,Roads,Tamil Nadu,49.7,58.4,27,73,100.0,83.1,10,1,1,0,1,0,6.4,1
PAI-00357,Roads,Telangana,978.8,1005.4,45,36,67.1,67.2,19,0,1,0,0,0,-1.4,1
PAI-00358,Water & Sanitation,Karnataka,1810.6,1964.6,45,47,88.9,85.7,14,1,0,1,0,0,4.6,1
PAI-00359,Power,Bihar,28.5,30.2,34,49,91.8,82.8,6,0,0,0,0,1,2.2,1
PAI-00360,Airports,Bihar,73.3,75.0,15,9,59.8,54.8,4,1,0,0,0,0,-0.5,0
PAI-00361,Water & Sanitation,Odisha,256.2,278.5,59,70,100.0,100.0,13,2,1,0,0,0,4.2,1
PAI-00362,Roads,Madhya Pradesh,131.3,157.2,30,75,100.0,100.0,9,3,1,1,1,0,12.0,1
PAI-00363,Roads,Jharkhand,120.9,128.9,42,61,81.5,74.5,11,0,1,0,0,1,-6.9,0
PAI-00364,Airports,Haryana,1173.1,1217.9,58,32,50.6,46.5,15,1,0,0,0,0,5.5,1
PAI-00365,Urban Transit,Karnataka,282.0,290.7,37,19,52.1,61.9,8,0,0,0,0,0,-0.0,0
PAI-00366,Urban Transit,Karnataka,248.5,253.8,33,65,100.0,100.0,11,0,1,0,0,0,2.6,0
PAI-00367,Water & Sanitation,Odisha,299.4,311.3,51,62,100.0,91.9,12,0,0,0,0,1,-0.9,0
PAI-00368,Water & Sanitation,West Bengal,331.0,369.2,59,62,97.2,84.8,15,1,1,0,0,0,1.7,1
PAI-00369,Power,Haryana,175.5,181.9,52,67,100.0,100.0,16,1,0,1,1,0,3.4,0
PAI-00370,Ports,Maharashtra,132.0,149.8,40,81,100.0,95.5,9,2,1,0,0,1,9.0,1
PAI-00371,Ports,Telangana,879.6,998.3,60,56,87.7,67.6,13,1,1,0,1,0,0.9,1
PAI-00372,Railways,Odisha,493.5,534.0,12,72,100.0,100.0,4,2,0,0,0,1,9.4,0
PAI-00373,Power,Maharashtra,38.0,39.9,47,70,97.0,100.0,12,1,1,0,0,0,0.7,0
PAI-00374,Roads,Telangana,523.4,570.9,46,10,13.7,7.7,10,1,0,0,1,0,-0.3,1
PAI-00375,Water & Sanitation,Rajasthan,264.6,297.7,42,70,99.6,100.0,14,3,1,0,0,0,12.6,1
PAI-00376,Railways,Karnataka,1005.4,1168.4,53,44,84.5,80.1,13,2,1,0,0,1,17.4,1
PAI-00377,Power,Rajasthan,48.1,49.3,46,45,90.1,88.1,12,1,0,0,0,0,8.9,1
PAI-00378,Railways,Karnataka,25.0,26.2,32,48,90.3,95.0,11,0,1,0,0,0,3.6,1
PAI-00379,Airports,Uttar Pradesh,532.2,556.8,40,23,64.0,48.5,9,2,0,0,0,1,2.4,0
PAI-00380,Urban Transit,Tamil Nadu,103.4,107.8,45,26,67.0,64.3,11,3,0,0,0,0,4.3,0
PAI-00381,Roads,Kerala,90.8,94.2,35,62,100.0,100.0,8,2,0,0,0,0,-0.2,0
PAI-00382,Industrial Corridors,Bihar,148.0,163.0,46,71,92.9,85.3,11,2,0,0,1,0,5.3,1
PAI-00383,Railways,Uttar Pradesh,200.0,236.0,12,75,100.0,93.1,4,3,1,0,0,0,14.7,1
PAI-00384,Roads,Uttar Pradesh,196.3,202.9,64,66,96.1,100.0,20,2,0,1,0,0,0.8,0
PAI-00385,Urban Transit,Karnataka,749.8,771.3,31,75,87.6,88.2,12,2,0,0,0,0,14.6,0
PAI-00386,Urban Transit,Telangana,182.4,186.1,56,62,98.5,89.1,14,0,1,0,0,0,1.1,1
PAI-00387,Roads,Haryana,239.2,268.9,58,59,97.0,99.1,14,2,1,1,0,0,5.4,1
PAI-00388,Water & Sanitation,Madhya Pradesh,189.2,212.2,40,19,47.8,34.1,9,2,1,0,0,0,3.4,1
PAI-00389,Railways,Jharkhand,161.6,163.5,47,37,77.2,70.0,12,0,0,0,0,0,-0.1,0
PAI-00390,Roads,Haryana,258.2,283.3,51,26,57.8,69.5,11,0,0,1,1,0,3.7,0
PAI-00391,Industrial Corridors,Andhra Pradesh,108.5,114.0,29,58,100.0,100.0,10,3,0,0,0,0,5.7,0
PAI-00392,Railways,Karnataka,95.7,98.4,42,31,75.2,82.5,11,1,0,0,0,0,2.7,0
PAI-00393,Airports,Uttar Pradesh,95.1,106.8,66,19,33.2,16.9,19,0,1,0,1,0,-1.9,1
PAI-00394,Urban Transit,Bihar,137.3,157.8,60,51,100.0,99.9,14,1,1,0,1,0,4.7,1
PAI-00395,Railways,Madhya Pradesh,1328.6,1515.4,50,51,99.8,97.0,13,2,0,0,1,0,8.9,1
PAI-00396,Roads,Odisha,263.4,278.3,28,9,17.7,26.2,9,1,1,0,0,0,4.0,1
PAI-00397,Water & Sanitation,Tamil Nadu,65.3,67.3,20,57,100.0,95.6,4,1,0,0,0,0,7.4,0
PAI-00398,Roads,Karnataka,92.4,95.9,43,11,31.6,37.2,11,2,0,1,0,0,0.5,0
PAI-00399,Water & Sanitation,Gujarat,183.9,197.3,39,54,91.8,100.0,9,0,0,0,1,1,-2.8,0
PAI-00400,Power,Gujarat,279.9,286.0,51,69,100.0,95.7,9,1,0,1,0,0,3.4,0
PAI-00401,Roads,Kerala,370.0,434.4,36,37,92.8,98.5,8,2,1,0,1,1,2.5,0
PAI-00402,Power,West Bengal,147.8,149.3,53,83,100.0,100.0,15,2,0,0,0,0,6.9,0
PAI-00403,Airports,Odisha,216.1,230.4,38,18,51.2,54.8,7,1,0,0,0,0,-0.5,0
PAI-00404,Ports,Bihar,77.1,81.2,42,53,95.1,100.0,12,1,0,0,0,0,0.9,0
PAI-00405,Railways,Andhra Pradesh,76.5,79.2,39,45,93.6,86.9,10,0,0,1,0,0,-5.0,0
PAI-00406,Roads,Odisha,541.8,576.5,65,75,99.6,100.0,14,1,0,0,0,0,15.7,1
PAI-00407,Urban Transit,Uttar Pradesh,132.1,139.3,67,51,81.4,74.7,15,0,0,0,0,1,10.5,1
PAI-00408,Roads,Uttar Pradesh,128.9,137.7,49,80,93.4,100.0,12,0,1,0,0,0,-3.9,0
PAI-00409,Roads,Madhya Pradesh,854.3,958.6,35,70,97.9,95.4,11,0,1,1,0,0,6.4,0
PAI-00410,Water & Sanitation,Kerala,92.4,95.0,12,11,83.0,65.5,6,1,0,0,0,0,1.8,0
PAI-00411,Power,West Bengal,347.0,352.2,38,58,100.0,100.0,11,0,0,0,0,0,2.3,0
PAI-00412,Airports,Karnataka,695.1,803.4,36,77,93.2,82.2,8,1,0,0,1,1,0.2,0
PAI-00413,Roads,Maharashtra,471.4,492.6,42,79,100.0,100.0,14,0,0,0,0,1,1.3,0
PAI-00414,Industrial Corridors,Maharashtra,209.2,222.9,29,77,96.9,97.5,8,1,0,1,1,0,0.6,0
PAI-00415,Roads,Andhra Pradesh,208.2,213.9,46,16,39.8,41.7,13,1,0,0,0,0,3.3,1
PAI-00416,Ports,West Bengal,201.9,219.8,13,31,98.5,87.9,4,1,1,0,0,0,4.7,1
PAI-00417,Urban Transit,Jharkhand,1042.0,1081.9,24,53,92.4,92.4,9,0,0,0,0,1,3.1,0
PAI-00418,Industrial Corridors,Gujarat,227.1,233.9,33,42,100.0,100.0,9,0,0,0,0,0,-6.5,0
PAI-00419,Railways,Jharkhand,674.2,709.1,54,56,100.0,92.0,14,1,0,0,1,0,5.1,0
PAI-00420,Railways,Odisha,145.6,154.8,42,44,95.2,100.0,11,1,1,0,0,0,3.9,0
PAI-00421,Railways,Gujarat,36.8,42.2,32,65,96.6,100.0,8,2,1,0,1,0,4.2,1
PAI-00422,Industrial Corridors,Madhya Pradesh,191.3,206.2,52,47,80.2,79.0,12,1,0,0,1,1,-2.5,0
PAI-00423,Roads,Rajasthan,348.1,376.9,46,68,90.5,86.9,12,1,1,1,0,0,-1.2,1
PAI-00424,Ports,Karnataka,253.1,256.7,30,68,100.0,100.0,4,0,0,1,0,0,2.0,0
PAI-00425,Water & Sanitation,Jharkhand,330.1,362.9,75,65,100.0,83.8,17,1,1,0,0,0,1.1,1
PAI-00426,Urban Transit,Karnataka,307.0,310.3,28,10,28.9,19.7,4,1,0,0,0,0,1.5,0
PAI-00427,Railways,Telangana,132.8,142.2,32,67,86.6,79.3,6,0,0,0,0,1,7.8,0
PAI-00428,Industrial Corridors,Haryana,214.1,236.8,12,18,91.0,84.3,4,1,1,0,0,1,4.0,1
PAI-00429,Urban Transit,Haryana,339.4,375.0,27,82,87.4,72.1,7,2,1,0,0,0,9.4,1
PAI-00430,Water & Sanitation,Odisha,119.4,137.0,41,8,34.2,20.4,11,3,0,0,1,0,6.8,1
PAI-00431,Industrial Corridors,West Bengal,362.3,391.9,32,7,29.7,14.1,10,1,0,0,0,1,2.6,0
PAI-00432,Ports,Haryana,129.1,135.1,35,10,33.7,31.1,9,1,1,0,0,0,5.3,0
PAI-00433,Urban Transit,Jharkhand,38.3,40.5,38,79,91.3,94.3,7,1,0,0,0,0,4.8,1
PAI-00434,Urban Transit,Rajasthan,241.3,255.2,66,83,91.4,69.9,18,1,0,0,0,1,5.3,0
PAI-00435,Ports,Odisha,93.5,107.0,17,75,96.0,93.4,5,1,1,0,1,0,10.0,1
PAI-00436,Roads,Uttar Pradesh,423.6,439.1,70,41,64.7,67.2,17,1,0,0,0,0,-2.8,1
PAI-00437,Urban Transit,Gujarat,250.1,278.5,34,69,93.7,92.3,9,1,0,1,1,0,8.4,1
PAI-00438,Power,Odisha,1007.3,1026.0,32,41,97.1,89.7,4,0,0,0,0,0,-6.3,0
PAI-00439,Power,Uttar Pradesh,195.3,196.2,38,31,92.8,89.2,7,2,0,0,0,0,-2.5,0
PAI-00440,Urban Transit,Rajasthan,305.1,316.9,23,75,99.5,85.4,4,1,0,0,0,0,0.6,0
PAI-00441,Railways,Karnataka,272.4,280.4,28,58,84.2,78.6,6,1,0,0,0,0,-0.9,0
PAI-00442,Railways,Rajasthan,227.9,240.1,39,19,39.8,41.8,9,0,0,0,1,0,0.2,0
PAI-00443,Roads,Gujarat,529.6,599.9,39,68,100.0,100.0,10,1,0,1,0,1,1.6,1
PAI-00444,Ports,Madhya Pradesh,73.8,74.6,63,48,81.5,78.4,15,0,1,0,0,0,-3.7,0
PAI-00445,Industrial Corridors,Kerala,99.0,100.8,34,36,93.6,76.1,9,2,0,0,0,0,1.6,1
PAI-00446,Ports,Jharkhand,701.6,783.5,43,38,80.8,70.0,10,2,1,0,0,0,8.4,0
PAI-00447,Industrial Corridors,Madhya Pradesh,245.0,255.6,43,34,76.2,79.1,14,0,0,1,0,0,3.3,0
PAI-00448,Ports,Odisha,212.7,237.2,42,78,93.1,85.4,12,3,0,1,0,0,16.3,1
PAI-00449,Power,Rajasthan,89.1,92.8,28,27,83.5,78.5,7,0,0,0,0,0,-5.2,0
PAI-00450,Roads,Haryana,223.6,253.8,47,24,52.0,63.3,12,4,0,1,0,1,13.1,1
PAI-00451,Industrial Corridors,Odisha,110.6,112.8,56,25,50.1,47.9,15,1,0,0,0,0,5.1,0
PAI-00452,Airports,Uttar Pradesh,243.6,268.8,31,59,100.0,96.9,8,3,0,0,0,0,7.6,1
PAI-00453,Water & Sanitation,Odisha,297.2,347.2,12,70,100.0,98.5,4,2,1,0,1,0,10.6,1
PAI-00454,Water & Sanitation,Rajasthan,91.1,92.5,45,76,99.7,95.3,15,0,0,0,0,0,-2.7,0
PAI-00455,Urban Transit,Gujarat,270.4,302.0,18,7,43.5,35.7,4,1,0,0,1,0,3.4,1
PAI-00456,Roads,Tamil Nadu,523.3,569.1,40,23,66.0,60.3,9,1,1,0,1,0,3.2,1
PAI-00457,Railways,Tamil Nadu,253.1,262.7,50,10,28.1,32.1,13,1,0,0,0,0,-1.5,0
PAI-00458,Roads,West Bengal,364.1,369.0,47,16,38.6,40.2,10,2,0,0,0,0,6.1,0
PAI-00459,Airports,Madhya Pradesh,116.6,118.1,52,71,100.0,100.0,13,0,1,0,0,0,1.1,0
PAI-00460,Railways,West Bengal,60.1,69.0,51,76,92.0,98.0,12,1,1,1,1,0,2.0,1
PAI-00461,Ports,Jharkhand,376.9,382.3,45,66,97.0,82.8,13,1,0,0,0,0,2.0,1
PAI-00462,Industrial Corridors,Tamil Nadu,446.5,499.1,30,78,100.0,100.0,6,1,1,0,0,0,11.6,1
PAI-00463,Railways,Madhya Pradesh,184.5,206.5,45,73,98.9,100.0,12,1,1,0,1,0,11.9,1
PAI-00464,Power,Bihar,166.5,174.1,12,55,91.5,82.4,4,0,1,0,0,0,3.8,1
PAI-00465,Roads,Kerala,434.3,446.1,36,7,11.3,10.4,11,1,0,1,0,0,-2.0,0
PAI-00466,Railways,Karnataka,560.6,565.0,50,82,100.0,100.0,13,2,0,0,0,0,1.6,1
PAI-00467,Ports,Kerala,495.8,556.9,16,79,90.0,81.7,6,0,1,0,0,1,-6.9,0
PAI-00468,Railways,Karnataka,175.6,176.6,18,15,77.4,81.3,7,0,0,0,0,0,-0.8,0
PAI-00469,Urban Transit,Maharashtra,562.1,573.2,55,11,5.7,3.0,11,2,0,0,0,0,4.5,1
PAI-00470,Water & Sanitation,Kerala,272.0,275.0,37,25,65.4,66.8,9,1,0,1,0,0,0.7,1
PAI-00471,Power,Jharkhand,191.5,224.9,36,69,92.5,89.3,11,2,1,0,0,1,14.0,1
PAI-00472,Urban Transit,Karnataka,84.0,86.6,56,45,92.8,80.9,13,2,0,0,0,0,11.2,0
PAI-00473,Roads,Maharashtra,107.2,119.9,43,47,86.6,78.3,10,1,1,0,1,0,3.4,1
PAI-00474,Airports,Telangana,303.8,319.1,23,47,100.0,88.3,8,1,0,0,0,0,4.4,1
PAI-00475,Power,Maharashtra,143.2,147.0,40,27,54.1,50.2,9,0,0,0,0,0,-1.0,0
PAI-00476,Ports,Madhya Pradesh,437.0,449.5,70,27,28.6,41.7,19,1,0,0,0,1,-0.2,0
PAI-00477,Railways,West Bengal,191.2,197.4,22,48,95.3,100.0,5,1,0,0,0,0,6.8,0
PAI-00478,Water & Sanitation,Rajasthan,37.5,38.8,54,16,24.4,16.6,12,0,0,0,0,0,-1.8,0
PAI-00479,Power,Andhra Pradesh,547.5,596.3,55,44,85.5,92.4,15,1,1,0,0,0,4.7,1
PAI-00480,Industrial Corridors,Maharashtra,141.5,145.1,48,34,63.1,62.7,9,1,0,0,0,0,-0.6,1
PAI-00481,Water & Sanitation,Tamil Nadu,228.4,239.7,31,12,49.0,43.4,6,1,0,0,0,1,9.2,1
PAI-00482,Ports,Haryana,627.7,722.1,32,38,100.0,100.0,9,2,1,1,0,1,4.7,1
PAI-00483,Railways,Odisha,195.6,218.2,18,83,98.8,100.0,4,0,1,1,0,0,5.5,0
PAI-00484,Roads,Bihar,109.2,113.0,41,21,37.4,51.7,8,1,0,0,0,0,4.5,0
PAI-00485,Roads,Odisha,127.0,136.6,83,11,25.4,23.8,22,2,1,0,0,0,4.6,0
PAI-00486,Roads,Rajasthan,243.4,244.4,33,42,92.0,100.0,5,0,0,1,0,0,5.6,0
PAI-00487,Ports,Uttar Pradesh,224.8,231.6,56,56,94.4,97.6,15,1,0,0,0,0,0.1,0
PAI-00488,Industrial Corridors,Gujarat,376.7,435.3,37,81,95.0,92.2,11,0,1,0,1,1,-3.6,1
PAI-00489,Power,West Bengal,157.8,162.4,59,79,100.0,87.2,15,0,0,0,0,0,-2.3,0
PAI-00490,Roads,Uttar Pradesh,196.6,213.2,55,45,85.1,83.9,12,1,1,1,0,0,2.9,1
PAI-00491,Urban Transit,Jharkhand,166.5,176.0,54,35,60.2,67.8,10,1,0,0,0,0,3.2,0
PAI-00492,Urban Transit,Jharkhand,112.2,127.0,50,25,56.7,56.7,12,3,1,0,0,0,12.1,1
PAI-00493,Ports,Andhra Pradesh,131.8,147.6,12,15,93.8,78.4,4,2,1,0,0,0,8.7,0
PAI-00494,Urban Transit,Karnataka,437.6,469.9,42,83,90.6,97.3,11,0,0,0,1,0,5.5,1
PAI-00495,Railways,West Bengal,183.7,191.9,37,53,89.9,90.7,11,0,1,1,0,0,3.1,0
PAI-00496,Urban Transit,West Bengal,238.4,261.6,68,34,48.8,49.5,15,0,1,0,1,0,2.1,1
PAI-00497,Power,Uttar Pradesh,325.6,333.2,37,62,97.9,100.0,12,1,0,0,0,0,3.6,0
PAI-00498,Water & Sanitation,Uttar Pradesh,805.6,856.0,44,64,100.0,97.6,10,2,0,0,0,1,-1.6,0
PAI-00499,Urban Transit,Jharkhand,95.6,96.0,31,46,100.0,98.2,12,1,0,0,0,0,-0.2,0
PAI-00500,Water & Sanitation,Jharkhand,80.0,91.0,43,41,100.0,87.0,10,2,0,0,1,1,7.6,1
PAI-00501,Roads,Tamil Nadu,69.0,69.0,20,11,59.6,64.1,7,1,0,0,0,0,-2.3,0
PAI-00502,Roads,Tamil Nadu,163.2,179.3,53,39,71.6,64.5,15,2,1,0,0,1,-0.9,0
PAI-00503,Roads,Karnataka,982.2,992.3,47,64,86.0,100.0,12,0,1,0,0,0,1.7,0
PAI-00504,Power,Bihar,1406.6,1545.4,72,38,52.1,47.3,17,1,1,0,1,0,0.1,1
PAI-00505,Urban Transit,West Bengal,62.2,69.3,14,53,100.0,100.0,4,2,1,0,0,1,5.5,1
PAI-00506,Railways,Bihar,493.9,501.9,12,60,94.6,97.0,4,1,0,0,0,0,-1.5,0
PAI-00507,Railways,Tamil Nadu,260.9,271.5,49,20,32.4,41.8,10,0,0,0,0,1,-5.1,1
PAI-00508,Roads,Jharkhand,273.8,301.4,44,67,96.1,89.8,11,0,1,1,0,0,1.3,1
PAI-00509,Urban Transit,Andhra Pradesh,370.0,421.5,12,8,80.0,87.0,4,3,1,0,0,0,6.4,0
PAI-00510,Power,West Bengal,155.9,160.7,25,57,100.0,100.0,6,0,0,0,0,0,4.9,0
PAI-00511,Airports,Kerala,242.0,245.5,70,79,100.0,100.0,19,0,0,0,0,0,-1.8,0
PAI-00512,Roads,Telangana,742.0,791.7,31,14,49.8,38.8,7,3,0,0,0,0,5.5,0
PAI-00513,Railways,Tamil Nadu,104.6,109.2,35,32,85.6,71.5,7,2,0,0,0,0,-0.6,0
PAI-00514,Industrial Corridors,Uttar Pradesh,600.9,631.1,31,29,96.8,97.5,7,0,0,0,0,0,3.3,0
PAI-00515,Roads,Maharashtra,4261.0,4485.0,36,32,93.6,100.0,7,0,0,0,1,0,-3.4,0
PAI-00516,Roads,Uttar Pradesh,80.4,82.2,51,59,87.5,94.1,16,0,0,0,0,0,-1.7,0
PAI-00517,Urban Transit,West Bengal,111.7,118.5,60,68,97.0,86.3,17,2,0,0,0,1,4.5,0
PAI-00518,Roads,West Bengal,63.6,70.7,16,15,95.4,98.3,4,3,1,0,0,0,7.9,1
PAI-00519,Roads,West Bengal,197.5,206.7,31,82,97.1,100.0,5,0,1,0,0,0,-8.5,0
PAI-00520,Industrial Corridors,Bihar,133.8,135.8,36,20,58.5,55.9,11,1,0,0,0,0,-0.1,1
PAI-00521,Power,Rajasthan,128.2,132.3,32,66,89.7,94.7,8,0,0,0,1,0,1.6,0
PAI-00522,Water & Sanitation,Maharashtra,99.8,104.0,47,58,100.0,96.8,12,1,0,0,0,0,-0.1,0
PAI-00523,Roads,Uttar Pradesh,403.5,414.1,14,19,82.0,78.6,6,0,1,0,0,0,-7.6,0
PAI-00524,Power,Kerala,564.7,564.7,45,38,88.6,99.1,11,0,0,0,0,0,7.8,1
PAI-00525,Roads,Bihar,271.2,271.4,52,45,85.6,90.3,15,1,0,1,0,0,3.8,1
PAI-00526,Railways,Madhya Pradesh,254.2,283.7,38,56,100.0,96.1,10,2,1,1,0,1,5.2,1
PAI-00527,Railways,Madhya Pradesh,589.1,628.9,39,43,100.0,100.0,6,0,1,0,0,1,5.4,0
PAI-00528,Urban Transit,Andhra Pradesh,271.1,282.5,55,14,13.5,33.0,16,2,0,0,0,0,-2.9,0
PAI-00529,Urban Transit,Maharashtra,111.1,114.1,46,60,100.0,100.0,9,0,0,0,0,0,6.2,0
PAI-00530,Industrial Corridors,Uttar Pradesh,287.9,308.0,36,47,100.0,100.0,8,0,0,1,1,0,4.8,1
PAI-00531,Railways,Madhya Pradesh,1469.5,1516.8,47,52,100.0,87.4,16,1,0,0,0,0,10.1,1
PAI-00532,Roads,Jharkhand,1170.2,1214.3,41,12,23.8,20.4,14,1,1,1,0,0,-7.2,0
PAI-00533,Roads,Telangana,655.8,673.6,13,10,71.8,61.8,4,1,0,0,0,0,-0.7,1
PAI-00534,Roads,Bihar,201.7,205.2,66,9,16.9,30.7,15,1,0,1,0,0,-2.0,0
PAI-00535,Ports,Kerala,378.2,383.5,37,23,64.0,55.3,9,0,1,0,0,0,-3.5,0
PAI-00536,Roads,Madhya Pradesh,277.2,301.0,45,25,55.4,49.2,14,2,0,1,0,0,6.9,1
PAI-00537,Water & Sanitation,Haryana,572.9,594.6,28,20,78.2,74.0,7,2,0,0,0,0,-1.6,0
PAI-00538,Roads,Haryana,304.7,324.9,42,39,88.0,78.3,10,2,0,1,0,0,6.0,1
PAI-00539,Roads,Maharashtra,131.1,149.5,49,24,57.6,44.5,13,0,1,0,1,0,4.4,1
PAI-00540,Ports,Bihar,1032.8,1077.6,42,81,85.4,83.5,11,1,0,0,0,0,3.9,0
PAI-00541,Industrial Corridors,Telangana,139.9,147.5,41,39,100.0,100.0,8,2,0,0,0,0,-5.1,1
PAI-00542,Railways,Uttar Pradesh,434.0,456.8,39,45,95.4,91.0,12,0,0,0,0,0,-0.5,0
PAI-00543,Ports,Madhya Pradesh,125.2,129.7,62,68,95.3,100.0,17,1,0,0,0,0,2.0,0
PAI-00544,Railways,Karnataka,315.7,330.5,45,65,100.0,100.0,9,0,1,1,0,0,0.2,1
PAI-00545,Ports,Madhya Pradesh,297.4,316.0,23,69,98.3,100.0,6,1,0,0,0,0,5.2,0
PAI-00546,Urban Transit,Odisha,89.4,93.4,38,77,95.7,83.7,10,0,0,0,0,0,10.9,1
PAI-00547,Airports,Telangana,144.1,145.9,24,75,95.4,100.0,6,0,0,1,0,0,3.7,1
PAI-00548,Urban Transit,Gujarat,53.5,54.7,69,9,9.6,27.2,13,1,0,0,0,0,1.3,0
PAI-00549,Urban Transit,Bihar,89.6,95.0,49,17,35.7,49.1,14,0,0,0,0,0,-1.1,0
PAI-00550,Railways,Maharashtra,243.2,274.4,46,61,97.6,96.5,9,1,1,1,0,1,1.7,1
PAI-00551,Power,Uttar Pradesh,148.9,165.3,45,82,88.2,92.7,13,1,1,1,0,0,5.0,1
PAI-00552,Power,Haryana,105.0,111.5,35,51,100.0,100.0,8,1,0,0,1,0,5.2,0
PAI-00553,Urban Transit,Madhya Pradesh,913.3,930.1,16,71,100.0,90.5,5,0,0,0,0,0,-1.3,0
PAI-00554,Railways,Maharashtra,130.9,138.5,33,82,81.6,84.5,6,0,0,0,1,0,2.2,1
PAI-00555,Power,Jharkhand,225.5,229.7,40,61,96.2,100.0,8,1,0,0,0,0,-1.0,0
PAI-00556,Roads,Bihar,108.4,109.1,44,63,99.0,83.5,11,0,0,0,0,0,-0.3,0
PAI-00557,Industrial Corridors,Haryana,417.5,431.3,44,76,100.0,100.0,12,0,0,0,0,0,10.2,0
PAI-00558,Roads,Maharashtra,131.8,139.0,27,28,100.0,84.5,9,4,0,0,0,0,9.7,0
PAI-00559,Railways,Telangana,321.0,346.2,39,31,87.8,90.8,8,1,1,0,0,0,3.0,0
PAI-00560,Power,Karnataka,1003.1,1039.7,48,56,78.8,83.0,18,0,0,0,0,0,4.4,0
PAI-00561,Industrial Corridors,Gujarat,94.3,103.9,37,56,91.5,79.5,9,1,1,0,0,0,1.5,0
PAI-00562,Roads,Gujarat,515.8,580.4,35,56,85.0,80.8,8,3,1,0,0,0,6.8,1
PAI-00563,Ports,Jharkhand,115.7,126.8,44,26,55.5,52.4,9,2,1,0,0,0,2.3,0
PAI-00564,Roads,Andhra Pradesh,389.5,394.1,39,27,74.2,67.3,9,0,0,0,0,0,2.9,0
PAI-00565,Roads,Rajasthan,694.7,727.7,36,20,56.5,48.7,9,1,0,0,0,0,5.0,0
PAI-00566,Urban Transit,West Bengal,615.1,630.1,25,12,53.5,55.3,4,2,0,0,0,0,3.2,0
PAI-00567,Airports,Haryana,353.0,364.4,22,52,98.7,100.0,4,1,0,1,0,0,2.0,0
PAI-00568,Urban Transit,Karnataka,186.8,192.6,37,45,95.1,100.0,12,0,0,0,0,0,-2.1,0
PAI-00569,Urban Transit,Uttar Pradesh,552.9,567.6,24,53,100.0,97.3,6,1,0,0,0,0,6.2,0
PAI-00570,Urban Transit,Odisha,770.8,770.8,32,58,100.0,100.0,7,0,1,0,0,0,-7.1,1
PAI-00571,Water & Sanitation,Bihar,567.2,569.1,65,18,20.6,29.8,19,0,0,0,0,0,2.6,0
PAI-00572,Roads,Haryana,449.0,527.4,55,78,100.0,88.1,14,3,0,1,0,1,2.2,1
PAI-00573,Urban Transit,Uttar Pradesh,578.9,612.3,37,39,100.0,92.0,9,1,1,0,0,0,4.1,0
PAI-00574,Roads,Maharashtra,297.4,321.3,35,62,100.0,93.8,11,0,1,0,0,0,-1.9,1
PAI-00575,Water & Sanitation,Uttar Pradesh,695.8,707.6,69,68,98.2,100.0,20,1,0,0,0,0,1.3,0
PAI-00576,Urban Transit,Andhra Pradesh,517.1,572.5,52,57,98.8,100.0,15,2,0,0,0,1,8.0,1
PAI-00577,Urban Transit,West Bengal,258.0,276.0,12,63,92.6,85.7,4,0,1,0,0,0,8.3,1
PAI-00578,Power,Kerala,221.1,228.1,29,21,73.0,75.1,7,1,0,0,0,0,2.5,0
PAI-00579,Roads,Bihar,146.6,152.4,36,81,100.0,100.0,13,1,1,1,0,0,0.4,1
PAI-00580,Roads,Tamil Nadu,76.4,82.7,47,53,81.8,73.1,13,0,1,1,0,0,5.9,1
PAI-00581,Power,Rajasthan,83.8,88.2,67,45,70.8,69.9,15,1,0,0,1,0,-0.3,0
PAI-00582,Water & Sanitation,Haryana,105.2,109.8,55,83,91.0,100.0,16,2,0,0,0,0,-0.1,0
PAI-00583,Railways,Uttar Pradesh,328.9,342.8,36,51,94.6,79.6,7,0,0,0,0,0,8.5,0
PAI-00584,Urban Transit,Madhya Pradesh,351.2,358.3,45,74,94.5,98.5,13,0,0,0,0,0,-4.3,0
PAI-00585,Railways,Madhya Pradesh,119.7,123.7,71,47,76.4,69.9,16,0,0,0,0,0,-2.8,0
PAI-00586,Water & Sanitation,Maharashtra,213.2,215.0,54,36,64.2,62.3,14,2,0,0,0,0,-1.6,0
PAI-00587,Roads,Karnataka,191.9,210.8,22,70,100.0,87.7,6,3,0,0,0,0,10.7,1
PAI-00588,Industrial Corridors,Tamil Nadu,284.9,301.9,53,13,28.3,26.1,12,0,1,0,0,1,-1.4,0
PAI-00589,Urban Transit,Jharkhand,152.8,157.7,46,75,89.8,88.7,14,1,0,0,0,0,5.5,0
PAI-00590,Roads,Karnataka,427.9,427.9,20,53,85.8,100.0,5,2,0,0,0,0,0.5,0
PAI-00591,Industrial Corridors,Andhra Pradesh,378.9,389.1,33,78,87.1,87.2,9,0,1,0,0,0,1.1,0
PAI-00592,Roads,Haryana,44.9,50.9,46,40,76.4,78.6,14,4,1,0,0,0,15.0,1
PAI-00593,Railways,Karnataka,99.7,99.7,55,10,22.2,16.8,15,0,0,0,0,0,0.2,0
PAI-00594,Railways,Kerala,134.4,139.9,51,48,100.0,100.0,14,1,0,0,0,0,0.5,0
PAI-00595,Water & Sanitation,Rajasthan,436.4,494.6,60,52,94.9,93.9,15,4,0,0,0,1,15.1,1
PAI-00596,Airports,Rajasthan,282.7,294.9,42,38,84.7,76.4,7,0,0,0,0,0,3.9,0
PAI-00597,Roads,Tamil Nadu,496.2,554.5,85,73,76.3,78.2,22,2,1,0,0,1,11.3,1
PAI-00598,Ports,Maharashtra,188.8,196.8,55,63,84.9,88.4,13,1,1,0,0,0,-0.7,1
PAI-00599,Power,Telangana,157.3,160.1,19,67,100.0,100.0,6,0,0,0,0,0,2.9,0
PAI-00600,Power,Kerala,1164.7,1225.9,52,79,100.0,91.8,12,4,0,0,0,0,13.4,0
PAI-00601,Water & Sanitation,Tamil Nadu,787.2,858.5,60,72,95.0,94.5,12,2,0,0,1,0,1.8,1
PAI-00602,Power,Karnataka,394.3,404.4,42,54,85.6,86.0,9,0,0,0,0,0,3.5,0
PAI-00603,Urban Transit,Gujarat,31.9,32.0,35,73,89.1,85.7,8,0,1,0,0,0,9.1,1
PAI-00604,Urban Transit,Karnataka,467.8,488.4,20,33,100.0,87.3,6,0,0,1,1,0,1.4,0
PAI-00605,Roads,Tamil Nadu,79.6,83.4,53,8,14.3,11.0,10,1,0,0,0,0,-0.2,0
PAI-00606,Industrial Corridors,Maharashtra,567.1,575.2,34,13,36.9,45.9,6,0,1,0,0,0,2.0,0
PAI-00607,Roads,Tamil Nadu,602.5,616.0,46,63,90.2,89.6,12,0,1,0,0,0,3.9,0
PAI-00608,Power,Gujarat,211.4,221.9,37,20,38.3,30.6,11,1,0,0,1,0,1.8,0
PAI-00609,Urban Transit,Karnataka,938.8,1066.6,76,50,59.3,64.9,21,1,1,1,0,0,7.1,0
PAI-00610,Railways,Kerala,197.5,197.5,48,13,38.0,28.0,9,0,0,0,0,0,-7.5,1
PAI-00611,Roads,Uttar Pradesh,327.6,373.6,61,77,88.1,91.2,19,3,1,0,0,0,8.3,1
PAI-00612,Railways,Rajasthan,247.2,275.6,25,13,51.8,25.7,9,0,1,0,0,1,-0.0,1
PAI-00613,Railways,Gujarat,259.4,269.0,32,20,64.7,73.9,9,1,0,1,0,0,3.0,0
PAI-00614,Industrial Corridors,Jharkhand,515.0,584.1,34,76,93.2,94.6,8,0,1,0,1,0,-4.1,0
PAI-00615,Airports,Jharkhand,247.1,251.9,36,25,77.2,68.7,9,1,0,0,0,0,-0.9,0
PAI-00616,Roads,Haryana,78.2,91.5,22,52,100.0,100.0,5,2,1,1,0,1,9.6,1
PAI-00617,Industrial Corridors,Tamil Nadu,893.4,936.6,52,7,22.5,20.5,16,1,1,0,0,0,0.6,0
PAI-00618,Water & Sanitation,Telangana,109.0,110.7,72,27,37.5,30.0,18,1,0,0,0,0,-4.6,0
PAI-00619,Urban Transit,Madhya Pradesh,325.9,337.6,57,67,100.0,100.0,12,0,0,0,0,0,-2.7,1
PAI-00620,Railways,Haryana,120.8,126.2,34,22,38.8,41.3,9,0,0,0,0,0,-2.8,0
PAI-00621,Railways,Rajasthan,431.2,447.5,60,78,100.0,100.0,14,0,0,1,0,1,-9.4,0
PAI-00622,Railways,Karnataka,129.6,138.2,42,27,70.9,76.7,12,0,0,1,0,0,2.8,1
PAI-00623,Industrial Corridors,Telangana,641.4,686.0,27,73,98.1,100.0,7,0,0,1,1,0,3.5,0
PAI-00624,Water & Sanitation,Gujarat,136.5,163.1,55,18,39.3,16.6,11,1,1,1,1,0,10.4,1
PAI-00625,Urban Transit,Rajasthan,973.0,1068.8,32,55,100.0,100.0,11,2,1,0,0,0,0.8,0
PAI-00626,Railways,Kerala,674.8,720.5,47,56,81.8,91.9,14,1,1,0,0,0,2.1,1
PAI-00627,Railways,Uttar Pradesh,253.6,267.0,45,55,89.4,84.9,12,0,1,1,0,0,-0.7,0
PAI-00628,Urban Transit,Telangana,389.1,389.1,45,44,100.0,100.0,12,0,0,0,0,0,-2.6,0
PAI-00629,Railways,West Bengal,105.0,115.3,20,59,96.5,98.6,4,1,1,1,0,0,4.5,0
PAI-00630,Railways,West Bengal,445.9,494.4,53,57,84.7,74.5,14,1,1,0,0,1,-3.6,1
PAI-00631,Roads,Gujarat,448.8,472.1,40,22,46.2,44.6,12,1,0,0,0,0,4.0,0
PAI-00632,Airports,Haryana,303.0,307.8,35,27,80.3,92.2,10,1,0,0,0,0,-7.0,0
PAI-00633,Roads,Andhra Pradesh,360.0,382.8,46,49,100.0,97.1,12,0,1,1,0,0,-1.6,1
PAI-00634,Railways,Maharashtra,476.4,505.7,52,7,15.7,12.4,12,1,0,0,0,1,2.3,1
PAI-00635,Urban Transit,Bihar,463.8,466.6,32,48,98.4,97.5,7,1,0,0,0,0,4.2,0
PAI-00636,Airports,Maharashtra,1366.6,1380.4,56,14,25.2,19.9,15,0,0,0,0,0,-2.8,0
PAI-00637,Airports,Rajasthan,224.4,224.4,32,8,28.3,21.7,9,2,0,0,0,0,9.5,1
PAI-00638,Roads,Telangana,188.5,199.1,49,9,21.5,26.3,10,1,1,0,0,0,-1.8,0
PAI-00639,Ports,Karnataka,211.6,226.2,75,48,63.3,56.9,20,0,1,1,0,0,-5.3,0
PAI-00640,Water & Sanitation,Andhra Pradesh,927.7,941.6,21,59,84.8,74.3,5,0,0,0,0,0,3.8,0
PAI-00641,Roads,Jharkhand,246.1,266.1,37,13,42.0,33.3,8,0,1,1,0,0,-5.0,0
PAI-00642,Water & Sanitation,Madhya Pradesh,157.6,177.3,22,77,98.1,100.0,6,2,1,0,0,0,8.4,0
PAI-00643,Urban Transit,Madhya Pradesh,129.5,130.6,27,18,62.7,56.9,7,1,0,0,0,0,4.3,0
PAI-00644,Water & Sanitation,West Bengal,367.6,381.0,31,30,100.0,100.0,9,1,0,0,0,0,-0.3,0
PAI-00645,Industrial Corridors,Madhya Pradesh,607.3,631.9,56,9,3.0,2.2,14,1,1,0,0,0,6.7,0
PAI-00646,Roads,Maharashtra,220.7,228.3,41,44,90.7,99.4,10,0,1,0,0,0,2.7,0
PAI-00647,Urban Transit,Odisha,1214.6,1254.7,55,32,49.7,51.5,19,2,0,0,0,0,4.2,0
PAI-00648,Roads,Haryana,370.6,381.0,31,40,100.0,100.0,5,1,0,0,0,0,0.6,0
PAI-00649,Urban Transit,Jharkhand,410.3,457.0,20,33,98.1,100.0,4,0,0,0,1,1,4.6,0
PAI-00650,Railways,Odisha,229.5,244.0,59,41,70.8,68.2,12,1,1,0,0,0,7.7,0
PAI-00651,Railways,Telangana,71.7,75.6,23,46,87.1,84.0,7,3,0,0,0,0,4.4,0
PAI-00652,Industrial Corridors,Rajasthan,478.3,557.6,28,46,97.0,86.7,7,1,0,1,1,0,8.7,0
PAI-00653,Water & Sanitation,Tamil Nadu,530.3,549.3,21,35,100.0,94.7,4,1,0,0,0,0,0.9,1
PAI-00654,Airports,Telangana,73.2,76.3,57,16,41.7,58.8,14,2,0,0,0,0,3.3,0
PAI-00655,Water & Sanitation,Telangana,95.2,95.3,47,8,1.0,0.0,12,1,0,0,0,0,9.6,0
PAI-00656,Industrial Corridors,Andhra Pradesh,49.5,53.7,37,40,100.0,100.0,12,0,1,0,1,0,-1.1,1
PAI-00657,Industrial Corridors,Tamil Nadu,71.4,74.8,41,30,79.3,84.6,10,0,0,0,0,1,-5.8,0
PAI-00658,Railways,Uttar Pradesh,41.0,47.4,59,76,93.8,86.9,15,3,1,0,0,0,18.0,1
PAI-00659,Urban Transit,Haryana,137.3,141.8,38,21,60.4,80.7,10,1,0,0,0,0,-1.4,0
PAI-00660,Urban Transit,Tamil Nadu,145.6,152.2,12,35,95.0,91.9,5,0,0,0,0,0,2.9,0
PAI-00661,Urban Transit,West Bengal,118.3,128.4,46,63,100.0,77.3,12,1,0,0,0,0,3.2,0
PAI-00662,Urban Transit,Maharashtra,73.7,75.4,65,60,100.0,99.7,13,1,0,0,0,0,1.8,0
PAI-00663,Ports,Rajasthan,410.7,417.9,37,18,70.7,70.8,12,0,0,0,0,0,-5.5,0
PAI-00664,Railways,Gujarat,66.8,74.1,47,9,21.7,27.5,12,2,1,0,0,1,8.6,1
PAI-00665,Urban Transit,Madhya Pradesh,277.4,294.5,41,21,44.0,38.9,15,1,0,0,0,1,2.3,1
PAI-00666,Urban Transit,Karnataka,55.9,56.8,39,75,100.0,100.0,8,0,0,0,0,0,2.2,1
PAI-00667,Railways,Maharashtra,251.8,258.0,68,9,23.3,27.3,20,0,0,0,0,0,2.9,0
PAI-00668,Railways,Jharkhand,301.4,334.5,44,76,92.7,93.0,11,2,0,1,0,1,11.9,1
PAI-00669,Power,Rajasthan,398.1,419.9,62,50,65.8,71.5,16,0,1,1,0,0,0.8,1
PAI-00670,Power,Gujarat,264.8,271.1,42,42,91.5,97.7,5,2,0,0,0,0,-3.5,0
PAI-00671,Roads,Telangana,188.3,201.5,46,42,85.1,83.6,16,0,1,1,0,0,-1.9,1
PAI-00672,Railways,Madhya Pradesh,405.3,413.1,54,35,68.8,64.3,11,1,0,0,0,0,-1.0,0
PAI-00673,Water & Sanitation,Jharkhand,507.1,507.1,47,69,100.0,100.0,13,0,0,0,0,0,-3.8,0
PAI-00674,Power,Bihar,302.3,318.5,67,56,82.6,87.4,20,0,0,0,1,0,4.9,0
PAI-00675,Roads,Haryana,402.0,458.7,42,19,39.0,32.7,9,2,1,0,0,1,8.5,1
PAI-00676,Roads,Odisha,208.3,212.5,32,8,27.5,33.1,9,0,1,0,0,0,-4.6,0
PAI-00677,Roads,Kerala,221.0,230.5,39,10,22.5,6.6,12,0,0,0,0,0,1.9,0
PAI-00678,Industrial Corridors,Madhya Pradesh,257.2,269.3,51,53,100.0,92.6,13,1,1,0,0,0,5.5,1
PAI-00679,Water & Sanitation,Andhra Pradesh,452.1,461.2,22,27,100.0,100.0,4,0,1,0,0,0,5.6,1
PAI-00680,Water & Sanitation,Bihar,95.8,99.1,51,57,97.5,95.5,13,0,0,0,0,0,-0.7,0
PAI-00681,Power,Telangana,464.6,474.5,37,54,100.0,100.0,8,1,0,0,0,0,7.6,1
PAI-00682,Urban Transit,Telangana,75.7,78.2,34,47,95.7,93.8,9,1,0,0,0,1,-6.8,1
PAI-00683,Urban Transit,Odisha,47.0,51.1,49,9,16.2,34.0,10,1,0,1,0,0,3.5,1
PAI-00684,Roads,Odisha,1836.0,1901.8,28,63,100.0,90.0,8,3,0,0,0,0,12.7,1
PAI-00685,Industrial Corridors,Bihar,1102.5,1213.1,50,44,89.8,93.5,11,1,0,0,1,1,5.3,0
PAI-00686,Urban Transit,Madhya Pradesh,270.3,278.6,54,63,97.4,90.3,19,1,0,0,1,0,2.1,0
PAI-00687,Roads,Rajasthan,200.2,211.1,35,24,67.6,58.4,8,0,0,0,0,1,3.9,1
PAI-00688,Railways,Jharkhand,262.5,285.0,41,21,55.2,67.6,9,3,0,1,0,0,8.6,1
PAI-00689,Roads,West Bengal,139.8,149.6,34,10,29.5,39.7,9,4,0,1,0,0,3.6,1
PAI-00690,Power,West Bengal,352.4,366.2,43,15,44.4,51.9,14,0,0,0,0,0,-2.4,0
PAI-00691,Water & Sanitation,Gujarat,364.3,367.4,53,16,25.8,26.5,17,0,0,1,0,0,0.7,0
PAI-00692,Railways,Jharkhand,140.7,146.6,44,61,100.0,100.0,14,1,1,0,0,0,7.2,1
PAI-00693,Industrial Corridors,Madhya Pradesh,206.9,230.1,53,43,80.6,82.1,15,2,0,0,0,1,2.9,0
PAI-00694,Power,Maharashtra,143.0,145.5,25,64,100.0,92.8,6,0,0,0,0,0,-2.6,0
PAI-00695,Urban Transit,Kerala,387.0,397.4,40,76,91.3,92.9,9,0,0,0,0,0,-1.6,0
PAI-00696,Roads,Madhya Pradesh,25.0,26.3,49,84,97.3,91.8,14,1,0,1,0,0,-2.0,0
PAI-00697,Roads,Tamil Nadu,578.9,642.2,33,81,91.5,97.2,4,2,1,0,0,1,8.4,1
PAI-00698,Urban Transit,Tamil Nadu,174.8,186.7,36,49,93.0,89.1,10,0,0,0,0,1,3.6,1
PAI-00699,Roads,Haryana,254.5,259.1,37,7,22.5,18.1,10,0,0,0,0,0,-0.5,0
PAI-00700,Roads,Karnataka,253.8,257.3,31,48,94.7,92.1,8,0,0,0,0,0,-6.2,0
PAI-00701,Railways,Haryana,409.6,427.8,24,73,88.0,91.6,4,0,0,1,0,0,3.4,0
PAI-00702,Railways,Odisha,87.8,92.7,51,63,100.0,94.9,12,1,1,0,0,0,-0.2,1
PAI-00703,Roads,West Bengal,128.5,131.5,39,43,98.4,99.7,11,0,1,0,0,0,-3.7,1
PAI-00704,Railways,West Bengal,641.3,680.8,37,80,100.0,88.2,12,2,0,0,0,0,4.4,0
PAI-00705,Urban Transit,Haryana,113.8,122.5,12,58,99.0,100.0,5,2,0,0,0,1,10.4,0
PAI-00706,Industrial Corridors,Gujarat,70.0,70.3,44,59,90.6,88.4,10,1,0,0,0,0,5.0,0
PAI-00707,Railways,Uttar Pradesh,151.4,166.7,72,65,84.5,97.6,18,1,0,1,0,0,7.3,1
PAI-00708,Power,Bihar,273.7,279.6,44,73,97.0,100.0,13,0,1,0,0,0,0.5,1
PAI-00709,Roads,Kerala,68.5,78.6,62,75,100.0,80.5,18,0,1,0,0,1,3.5,1
PAI-00710,Roads,Odisha,687.2,729.6,62,20,30.7,30.9,14,1,0,0,0,1,-1.3,0
PAI-00711,Roads,Andhra Pradesh,180.3,207.2,28,57,91.4,91.7,10,2,1,1,0,1,13.4,1
PAI-00712,Industrial Corridors,Maharashtra,265.1,296.3,38,55,90.5,100.0,8,0,1,1,0,0,7.2,1
PAI-00713,Power,Odisha,120.2,123.0,29,28,94.0,89.5,7,0,0,0,0,0,-2.4,0
PAI-00714,Power,Tamil Nadu,828.5,897.9,56,35,65.5,63.6,16,1,0,1,0,0,7.6,0
PAI-00715,Railways,Haryana,478.3,536.8,55,80,95.5,97.2,17,3,0,0,0,0,19.7,1
PAI-00716,Urban Transit,Jharkhand,280.8,289.8,58,57,98.9,94.5,17,1,0,0,0,0,6.4,0
PAI-00717,Railways,Maharashtra,319.1,328.8,47,44,100.0,89.3,11,2,0,0,0,0,3.5,1
PAI-00718,Water & Sanitation,West Bengal,882.1,921.6,41,15,51.6,46.9,9,1,0,0,0,1,4.6,1
PAI-00719,Railways,Tamil Nadu,433.9,446.8,43,55,95.3,84.0,14,1,0,0,0,0,2.2,0
PAI-00720,Urban Transit,Gujarat,371.6,417.7,42,81,89.1,99.8,11,1,0,0,1,0,10.0,1
PAI-00721,Ports,Bihar,251.4,253.3,46,20,48.6,50.7,13,0,0,0,0,1,5.6,0
PAI-00722,Urban Transit,Jharkhand,130.4,132.0,28,51,99.9,100.0,10,0,0,0,0,0,1.0,0
PAI-00723,Power,Tamil Nadu,780.5,833.0,27,28,100.0,96.5,4,2,0,1,0,0,13.6,0
PAI-00724,Roads,Madhya Pradesh,294.6,312.4,45,82,98.9,81.5,12,1,0,0,0,0,8.8,0
PAI-00725,Water & Sanitation,Tamil Nadu,133.9,141.0,12,67,97.1,99.7,4,0,0,0,0,1,-4.7,0
PAI-00726,Roads,Madhya Pradesh,482.9,547.6,37,83,100.0,93.2,7,1,0,1,1,0,6.3,1
PAI-00727,Power,Bihar,164.3,172.4,50,69,100.0,100.0,14,0,0,0,0,0,12.2,0
PAI-00728,Ports,Karnataka,112.5,117.5,49,69,100.0,97.1,12,1,0,0,0,0,7.6,0
PAI-00729,Water & Sanitation,Gujarat,408.0,439.4,12,47,100.0,97.7,4,0,0,0,1,0,2.9,1
PAI-00730,Water & Sanitation,Kerala,560.1,562.7,32,25,78.4,88.7,12,1,0,0,0,0,0.1,0
PAI-00731,Ports,Odisha,1002.2,1031.0,35,57,100.0,100.0,10,0,0,1,0,0,3.2,0
PAI-00732,Railways,West Bengal,287.2,290.6,23,9,38.4,36.4,7,0,0,0,0,0,5.9,0
PAI-00733,Urban Transit,Jharkhand,483.6,522.5,52,33,73.1,66.6,16,3,0,0,0,0,10.9,1
PAI-00734,Urban Transit,Jharkhand,157.8,166.8,49,79,87.7,69.5,12,1,0,1,0,0,-0.8,0
PAI-00735,Industrial Corridors,Jharkhand,270.7,278.6,60,51,96.9,94.3,14,0,0,1,0,0,-3.2,1
PAI-00736,Roads,Karnataka,237.8,260.3,37,64,100.0,100.0,9,2,1,1,0,0,-4.4,1
PAI-00737,Urban Transit,Telangana,124.9,141.2,26,46,95.7,79.5,7,3,0,0,0,1,7.9,1
PAI-00738,Urban Transit,Haryana,479.4,489.3,44,20,49.7,62.6,12,0,0,0,0,0,10.8,0
PAI-00739,Urban Transit,Karnataka,282.4,288.5,55,44,80.7,80.7,16,0,0,1,0,0,-6.5,0
PAI-00740,Urban Transit,Bihar,185.9,193.7,56,35,67.3,73.5,14,0,0,0,1,0,-12.0,0
PAI-00741,Airports,Gujarat,672.9,736.1,44,13,24.8,8.1,17,2,0,0,1,0,6.3,1
PAI-00742,Water & Sanitation,Karnataka,191.8,202.5,38,27,76.8,86.2,8,1,0,0,1,0,-3.0,0
PAI-00743,Railways,Karnataka,476.1,508.9,16,58,90.7,99.6,4,1,1,1,0,0,-7.4,0
PAI-00744,Railways,Tamil Nadu,510.0,544.9,36,12,40.1,35.2,9,0,1,0,0,0,7.4,0
PAI-00745,Railways,Gujarat,106.2,109.1,28,26,100.0,100.0,12,0,0,0,0,0,-5.3,0
PAI-00746,Railways,West Bengal,201.2,209.3,64,10,22.8,16.1,14,3,0,0,0,0,7.9,1
PAI-00747,Power,Gujarat,280.0,284.4,59,78,99.7,100.0,15,1,0,0,0,0,-1.6,0
PAI-00748,Power,Haryana,212.6,214.9,45,58,100.0,100.0,14,0,0,0,0,0,2.9,0
PAI-00749,Power,Telangana,168.1,185.8,33,39,97.4,100.0,7,1,1,1,0,0,2.7,0
PAI-00750,Power,Rajasthan,322.9,362.5,24,8,38.4,43.6,10,1,1,0,0,1,-3.9,0
PAI-00751,Roads,Telangana,283.7,293.3,23,22,92.5,75.8,5,0,0,0,0,0,-0.3,0
PAI-00752,Railways,Jharkhand,206.7,209.9,56,22,30.5,27.0,14,0,1,0,0,0,-1.6,0
PAI-00753,Water & Sanitation,Maharashtra,25.2,26.7,54,71,100.0,95.9,12,0,1,0,0,0,-3.0,1
PAI-00754,Water & Sanitation,Haryana,85.9,90.6,18,28,100.0,97.6,7,2,0,0,0,1,7.3,0
PAI-00755,Ports,Uttar Pradesh,227.5,260.7,59,54,97.6,83.4,11,3,1,0,0,0,10.8,1
PAI-00756,Urban Transit,Odisha,156.5,156.7,49,30,62.5,51.2,12,0,0,0,0,0,1.2,0
PAI-00757,Roads,Gujarat,859.1,968.9,12,20,81.2,66.3,4,0,0,0,1,1,-3.6,0
PAI-00758,Roads,Tamil Nadu,260.2,281.3,49,57,99.2,83.2,11,0,1,1,0,0,5.5,1
PAI-00759,Roads,Haryana,1049.1,1080.5,67,51,69.3,88.8,20,0,1,0,0,0,0.9,0
PAI-00760,Railways,Kerala,717.4,811.7,44,80,100.0,97.5,12,1,0,1,1,0,7.9,1
PAI-00761,Airports,Rajasthan,305.3,316.0,27,60,95.5,90.1,5,0,0,0,0,0,1.5,1
PAI-00762,Urban Transit,Tamil Nadu,789.5,824.8,55,45,84.3,73.6,15,2,0,0,0,1,1.4,0
PAI-00763,Roads,Tamil Nadu,36.8,37.7,68,50,74.0,81.6,18,1,0,0,0,0,-0.9,1
PAI-00764,Power,Tamil Nadu,282.5,284.0,37,65,84.9,100.0,9,0,0,0,0,0,2.0,1
PAI-00765,Ports,Andhra Pradesh,284.3,290.7,28,17,53.8,51.0,5,0,1,0,0,0,-2.0,0
PAI-00766,Urban Transit,Telangana,123.4,125.7,33,62,100.0,100.0,7,1,0,0,0,0,2.5,0
PAI-00767,Airports,Haryana,290.7,297.3,43,29,81.1,82.6,8,0,0,1,0,0,-2.9,1
PAI-00768,Railways,Kerala,229.2,249.0,42,44,94.6,96.3,10,3,1,1,0,0,15.8,0
PAI-00769,Urban Transit,Andhra Pradesh,46.8,48.7,31,16,63.7,75.0,8,1,1,0,0,0,1.5,0
PAI-00770,Airports,Andhra Pradesh,525.2,532.5,42,9,18.3,1.0,13,1,0,0,0,0,6.5,0
PAI-00771,Railways,West Bengal,166.3,184.7,59,66,94.2,90.5,17,2,0,0,0,1,12.3,1
PAI-00772,Power,Karnataka,206.3,221.7,56,78,97.7,87.1,13,0,1,0,0,0,1.3,0
PAI-00773,Ports,Uttar Pradesh,286.8,300.2,30,58,100.0,93.8,8,1,0,0,0,0,4.2,0
PAI-00774,Ports,Rajasthan,394.8,434.2,26,69,100.0,95.3,5,0,1,0,0,0,2.7,1
PAI-00775,Water & Sanitation,Madhya Pradesh,115.8,123.4,57,68,98.6,84.3,14,1,0,0,0,0,7.2,1
PAI-00776,Roads,Bihar,389.5,430.0,51,36,84.6,74.5,16,2,1,1,0,0,5.9,1
PAI-00777,Railways,Jharkhand,740.5,749.1,30,49,100.0,93.9,6,0,0,0,0,0,0.6,0
PAI-00778,Urban Transit,Telangana,304.7,317.8,35,60,96.5,100.0,8,2,0,0,0,0,9.3,0
PAI-00779,Roads,Tamil Nadu,1930.7,2106.6,67,41,66.5,71.0,16,2,1,0,0,0,5.3,0
PAI-00780,Industrial Corridors,Madhya Pradesh,153.4,157.0,55,42,77.8,83.8,11,0,1,0,0,0,-2.4,1
PAI-00781,Urban Transit,Karnataka,434.4,442.3,33,82,100.0,100.0,8,1,0,1,0,0,-2.0,1
PAI-00782,Railways,Karnataka,82.5,82.5,38,29,83.0,93.0,9,1,0,0,0,0,5.7,0
PAI-00783,Roads,Odisha,270.0,276.6,47,71,87.1,89.3,11,0,0,1,0,0,3.6,1
PAI-00784,Water & Sanitation,Telangana,577.9,650.9,46,42,91.6,100.0,11,1,1,0,1,0,-6.9,0
PAI-00785,Railways,Maharashtra,249.8,290.1,63,54,94.9,78.8,12,3,1,1,0,0,14.4,1
PAI-00786,Roads,West Bengal,674.2,754.4,37,23,53.1,46.1,9,0,1,0,0,1,3.3,1
PAI-00787,Power,Haryana,279.6,294.9,12,53,100.0,78.8,4,1,0,1,0,0,8.5,0
PAI-00788,Water & Sanitation,Maharashtra,345.5,346.6,61,69,93.9,100.0,16,1,0,0,0,0,1.9,0
PAI-00789,Airports,Bihar,129.2,139.1,48,6,13.0,2.0,11,0,1,0,1,0,-3.9,0
PAI-00790,Water & Sanitation,Maharashtra,538.4,610.2,63,21,44.1,32.9,13,6,0,0,0,0,15.7,1
PAI-00791,Power,Odisha,136.6,146.8,35,67,99.3,96.6,9,0,1,0,1,0,-1.8,0
PAI-00792,Ports,Madhya Pradesh,120.4,126.2,41,65,100.0,87.4,8,1,0,1,0,0,4.3,1
PAI-00793,Urban Transit,Tamil Nadu,325.2,334.5,18,61,88.6,77.6,4,1,0,0,0,0,5.6,1
PAI-00794,Railways,West Bengal,123.7,129.3,53,75,100.0,91.8,11,0,1,0,0,0,3.6,1
PAI-00795,Railways,Maharashtra,518.6,528.1,56,12,8.3,4.4,10,0,0,0,0,0,0.3,1
PAI-00796,Roads,Maharashtra,322.6,368.3,30,68,86.5,82.4,7,0,1,0,0,1,6.0,1
PAI-00797,Roads,Uttar Pradesh,176.7,191.1,59,79,86.6,71.9,16,0,1,0,0,0,3.8,0
PAI-00798,Ports,Maharashtra,85.4,90.0,40,42,100.0,94.9,9,0,0,0,1,0,0.9,0
PAI-00799,Urban Transit,Jharkhand,367.2,386.0,52,36,60.5,59.7,9,0,0,0,1,0,2.3,0
PAI-00800,Roads,Kerala,76.3,82.3,47,31,72.6,63.2,11,3,0,0,0,0,4.8,0
PAI-00801,Railways,Kerala,388.2,417.4,57,11,28.1,26.6,17,1,0,0,0,1,7.4,0
PAI-00802,Ports,Tamil Nadu,198.2,206.5,20,44,93.3,100.0,4,0,1,0,0,0,1.8,0
PAI-00803,Roads,West Bengal,85.8,99.2,38,70,100.0,100.0,7,0,1,1,1,0,5.1,1
PAI-00804,Railways,Karnataka,703.8,728.1,40,83,98.1,100.0,12,0,1,0,0,0,1.1,0
PAI-00805,Water & Sanitation,Tamil Nadu,105.8,114.0,51,11,24.5,18.1,14,1,1,0,0,0,4.2,1
PAI-00806,Railways,Haryana,375.3,378.1,61,16,27.0,34.2,14,2,0,0,0,0,5.7,0
PAI-00807,Urban Transit,Tamil Nadu,397.1,406.1,12,26,100.0,100.0,4,0,0,0,0,0,3.7,0
PAI-00808,Urban Transit,Odisha,279.6,293.0,42,43,83.6,88.0,12,1,0,0,0,0,1.6,0
PAI-00809,Water & Sanitation,Karnataka,180.3,186.5,67,31,45.7,40.2,19,1,0,0,0,0,5.1,0
PAI-00810,Ports,Gujarat,143.8,145.6,38,32,78.1,70.2,11,0,1,0,0,0,2.7,1
PAI-00811,Railways,Kerala,212.8,222.9,40,49,87.5,82.8,7,0,0,1,0,1,-0.7,0
PAI-00812,Industrial Corridors,Maharashtra,347.2,387.7,64,67,100.0,96.2,14,0,1,1,0,1,0.0,0
PAI-00813,Urban Transit,Gujarat,57.0,57.3,48,77,97.8,89.6,12,0,0,0,0,0,2.8,0
PAI-00814,Power,Odisha,857.9,875.1,33,38,100.0,97.0,5,0,0,0,0,0,-3.4,0
PAI-00815,Roads,Bihar,297.1,303.4,57,43,77.9,75.8,16,1,0,0,0,0,0.5,0
PAI-00816,Railways,Madhya Pradesh,438.9,455.8,44,71,100.0,96.8,11,0,1,0,0,0,5.8,0
PAI-00817,Railways,Maharashtra,110.3,113.1,42,10,19.6,27.4,15,0,0,0,0,0,-0.7,0
PAI-00818,Power,Madhya Pradesh,107.6,118.4,53,78,97.1,90.9,15,2,0,1,0,0,8.7,1
PAI-00819,Industrial Corridors,Uttar Pradesh,293.9,309.7,43,66,100.0,100.0,11,2,0,1,0,0,10.8,0
PAI-00820,Roads,Rajasthan,212.0,220.6,53,44,84.9,82.7,10,0,0,0,0,0,2.7,0
PAI-00821,Power,Bihar,1378.0,1392.5,56,33,60.7,59.3,12,1,0,0,0,0,-3.5,0
PAI-00822,Roads,Bihar,200.8,205.3,26,9,23.0,22.3,9,0,0,0,0,0,-7.3,0
PAI-00823,Urban Transit,Haryana,252.5,276.3,48,72,97.6,100.0,14,1,1,1,0,0,5.1,0
PAI-00824,Urban Transit,Rajasthan,350.8,352.6,36,26,62.2,64.5,10,1,0,0,0,0,-6.8,0
PAI-00825,Railways,Haryana,130.6,146.1,25,45,93.1,91.6,6,1,1,1,0,1,1.3,0
PAI-00826,Roads,Maharashtra,344.0,347.0,49,78,97.0,97.3,14,0,0,0,0,0,7.6,0
PAI-00827,Ports,Kerala,116.2,136.1,43,76,100.0,98.4,14,3,1,0,1,0,5.4,1
PAI-00828,Urban Transit,Madhya Pradesh,77.5,77.7,55,34,66.5,78.8,14,1,0,0,0,0,0.9,0
PAI-00829,Industrial Corridors,Kerala,387.9,406.7,26,70,96.4,100.0,7,0,1,1,0,0,-11.5,0
PAI-00830,Water & Sanitation,Rajasthan,612.9,626.4,44,32,65.3,67.9,10,0,0,1,0,0,-7.4,0
PAI-00831,Roads,Bihar,44.2,45.7,40,17,57.6,46.1,12,0,0,0,0,0,7.3,0
PAI-00832,Power,Odisha,200.3,219.8,34,46,100.0,98.9,6,3,1,0,0,0,6.7,1
PAI-00833,Airports,Tamil Nadu,711.1,765.5,36,44,97.8,100.0,9,0,0,0,1,0,0.5,0
PAI-00834,Airports,West Bengal,51.2,55.9,15,67,96.0,77.0,4,0,1,0,0,0,4.1,0
PAI-00835,Urban Transit,Tamil Nadu,165.9,166.6,60,24,42.1,35.5,14,3,0,0,0,0,0.4,1
PAI-00836,Airports,Tamil Nadu,615.4,684.0,56,52,94.8,94.3,14,3,0,1,0,0,11.1,1
PAI-00837,Railways,Karnataka,319.5,320.3,36,72,89.1,83.8,6,1,0,1,0,0,0.4,0
PAI-00838,Power,Gujarat,156.1,164.5,19,55,100.0,100.0,4,2,0,0,0,1,7.4,1
PAI-00839,Power,Uttar Pradesh,159.7,166.1,31,45,96.0,93.4,4,2,0,1,0,0,0.9,1
PAI-00840,Roads,Madhya Pradesh,592.7,623.5,56,44,81.8,78.7,14,1,1,0,0,0,-0.1,1
PAI-00841,Roads,Tamil Nadu,144.3,147.6,41,57,100.0,90.8,8,1,0,0,0,0,3.7,1
PAI-00842,Industrial Corridors,Andhra Pradesh,205.4,233.7,49,63,95.4,97.6,15,1,1,1,0,1,5.9,1
PAI-00843,Railways,Jharkhand,911.4,936.8,37,67,99.7,99.2,9,1,0,0,0,0,-0.9,0
PAI-00844,Urban Transit,Kerala,85.5,87.5,31,18,59.8,64.7,5,1,0,0,0,0,4.5,0
PAI-00845,Industrial Corridors,Madhya Pradesh,266.5,273.1,43,72,84.4,75.6,12,1,0,0,0,0,7.1,0
PAI-00846,Roads,Karnataka,1655.1,1749.4,19,8,40.2,53.8,5,2,0,1,0,0,4.8,0
PAI-00847,Roads,Uttar Pradesh,343.7,351.3,68,74,100.0,98.9,14,1,0,1,0,0,-3.7,0
PAI-00848,Industrial Corridors,Rajasthan,272.9,276.6,43,71,100.0,90.7,11,0,0,1,0,0,-3.7,0
PAI-00849,Industrial Corridors,Madhya Pradesh,709.1,809.2,47,76,100.0,100.0,12,5,0,0,0,0,17.4,1
PAI-00850,Industrial Corridors,Telangana,439.7,489.9,54,82,96.9,89.2,14,0,1,0,1,0,-0.2,1
PAI-00851,Industrial Corridors,Andhra Pradesh,339.5,352.2,31,30,100.0,100.0,6,2,1,0,0,0,-1.2,0
PAI-00852,Ports,West Bengal,366.1,388.7,60,26,58.2,54.2,18,1,0,0,0,1,-5.1,0
PAI-00853,Airports,Kerala,484.9,491.6,57,8,1.0,12.1,16,0,0,0,0,0,-2.0,0
PAI-00854,Roads,Bihar,90.8,91.3,32,38,99.3,100.0,6,1,0,0,0,0,3.3,0
PAI-00855,Urban Transit,Bihar,474.7,494.3,23,57,99.1,92.4,4,1,0,0,1,0,-0.5,0
PAI-00856,Power,Haryana,444.6,490.2,31,59,100.0,90.9,5,1,1,0,0,0,5.6,1
PAI-00857,Railways,West Bengal,421.4,485.1,44,38,88.2,76.2,11,1,1,1,0,0,5.5,1
PAI-00858,Roads,Tamil Nadu,504.9,589.0,41,58,95.1,91.9,10,3,1,1,0,1,9.4,1
PAI-00859,Power,Karnataka,178.3,191.3,48,33,61.3,67.3,11,2,0,0,0,1,-3.6,0
PAI-00860,Power,Odisha,175.2,181.6,33,26,85.8,97.1,8,2,0,0,0,0,2.2,0
PAI-00861,Railways,Kerala,192.6,195.5,68,57,86.3,80.7,19,1,0,0,0,0,1.9,0
PAI-00862,Urban Transit,West Bengal,165.0,171.4,13,49,100.0,91.3,4,0,0,0,0,0,0.8,0
PAI-00863,Water & Sanitation,Telangana,199.0,212.3,26,72,100.0,75.2,10,1,0,0,0,0,4.0,1
PAI-00864,Industrial Corridors,Kerala,33.1,35.4,12,57,100.0,100.0,6,1,1,0,0,0,9.0,0
PAI-00865,Roads,Maharashtra,498.1,500.6,74,9,7.8,17.2,17,1,0,0,0,0,10.9,0
PAI-00866,Industrial Corridors,Kerala,99.0,101.9,47,8,20.2,13.6,15,1,0,0,0,0,7.0,1
PAI-00867,Railways,Bihar,287.1,293.2,36,10,14.7,15.0,12,2,0,0,0,0,8.6,0
PAI-00868,Railways,Karnataka,244.6,248.7,37,8,28.7,46.5,11,0,1,0,0,0,-2.2,0
PAI-00869,Water & Sanitation,Maharashtra,596.5,614.8,33,20,64.2,73.8,9,0,0,0,0,0,4.1,0
PAI-00870,Water & Sanitation,Maharashtra,212.6,228.9,46,42,100.0,97.8,12,1,1,0,0,1,-0.2,1
PAI-00871,Railways,Bihar,593.3,681.6,23,79,87.8,83.6,9,1,1,0,1,0,1.4,1
PAI-00872,Railways,Jharkhand,467.3,477.5,40,11,33.9,30.1,10,2,0,0,0,0,1.0,0
PAI-00873,Industrial Corridors,Gujarat,241.1,265.4,71,72,100.0,100.0,16,1,1,0,1,0,-1.7,0
PAI-00874,Water & Sanitation,Rajasthan,512.8,529.9,14,67,100.0,100.0,5,1,1,0,0,0,0.9,0
PAI-00875,Power,Jharkhand,128.7,131.3,49,66,91.8,100.0,10,1,0,0,0,0,2.1,0
PAI-00876,Railways,Karnataka,149.3,151.3,39,40,94.4,89.0,9,0,1,0,0,0,-8.1,0
PAI-00877,Airports,Rajasthan,263.4,271.6,40,31,83.7,81.8,10,0,0,0,1,0,4.9,0
PAI-00878,Roads,Maharashtra,244.5,252.7,45,28,61.5,69.1,12,1,0,1,0,0,-1.1,1
PAI-00879,Industrial Corridors,West Bengal,91.3,95.5,55,42,82.1,74.9,11,0,0,0,0,0,-2.7,1
PAI-00880,Urban Transit,Haryana,538.1,542.8,13,36,96.2,95.0,4,1,0,0,0,0,-4.8,0
PAI-00881,Industrial Corridors,Andhra Pradesh,633.9,702.9,32,71,100.0,100.0,4,0,1,1,0,0,7.9,0
PAI-00882,Railways,Uttar Pradesh,191.6,196.2,52,18,22.3,17.9,14,1,0,0,0,1,2.3,1
PAI-00883,Power,Karnataka,1042.1,1110.3,41,30,72.5,72.6,10,5,0,0,0,0,11.7,1
PAI-00884,Roads,Tamil Nadu,178.3,178.3,12,79,100.0,100.0,5,1,0,0,0,0,3.7,0
PAI-00885,Roads,Tamil Nadu,115.1,123.7,24,46,95.5,86.2,6,2,0,0,0,0,14.5,1
PAI-00886,Water & Sanitation,Bihar,280.2,288.5,40,29,62.8,62.1,11,0,0,0,0,0,-7.0,0
PAI-00887,Urban Transit,Uttar Pradesh,158.6,170.0,67,55,91.1,86.2,16,2,0,0,0,0,5.8,0
PAI-00888,Water & Sanitation,West Bengal,184.8,188.3,12,61,100.0,100.0,4,1,0,0,0,0,4.1,0
PAI-00889,Urban Transit,Odisha,149.2,157.8,53,73,89.8,81.3,12,0,0,0,0,0,4.4,0
PAI-00890,Roads,Tamil Nadu,239.8,250.9,40,49,98.0,100.0,11,0,0,1,0,0,1.5,0
PAI-00891,Roads,Odisha,222.1,226.0,33,43,97.0,98.0,10,1,0,1,0,0,8.3,1
PAI-00892,Water & Sanitation,Tamil Nadu,217.8,220.4,51,16,50.7,48.8,15,0,0,0,0,0,-4.5,0
PAI-00893,Airports,Andhra Pradesh,996.8,1075.1,36,7,11.3,9.5,13,3,0,0,0,1,16.2,1
PAI-00894,Power,Haryana,208.6,210.8,64,70,88.8,74.6,17,1,0,0,0,0,-6.8,0
PAI-00895,Water & Sanitation,Haryana,536.0,555.7,33,57,100.0,100.0,6,1,0,0,0,1,4.1,0
PAI-00896,Railways,Gujarat,122.3,131.4,32,22,57.6,55.8,6,0,0,0,1,0,-0.4,0
PAI-00897,Railways,Kerala,1014.3,1096.6,62,22,31.3,26.8,21,2,1,0,0,0,8.4,1
PAI-00898,Industrial Corridors,West Bengal,129.5,145.2,35,57,91.5,99.2,9,2,1,0,1,0,-4.6,1
PAI-00899,Railways,Karnataka,168.6,185.6,32,35,94.2,73.1,4,1,1,0,0,0,4.8,1
PAI-00900,Ports,Bihar,50.3,51.9,63,58,100.0,100.0,18,0,0,1,0,1,1.3,0
PAI-00901,Power,Haryana,274.1,288.0,65,47,79.3,94.6,19,0,0,1,0,0,-6.7,0
PAI-00902,Roads,Haryana,198.2,214.7,36,46,100.0,100.0,11,2,0,1,0,0,5.3,0
PAI-00903,Water & Sanitation,Uttar Pradesh,192.9,200.0,46,75,87.5,91.6,11,1,0,0,0,0,1.6,1
PAI-00904,Industrial Corridors,Odisha,738.3,740.6,25,25,84.8,87.4,4,0,0,0,0,0,-9.3,1
PAI-00905,Railways,Bihar,103.2,111.8,46,62,100.0,94.6,13,0,0,1,1,0,6.2,1
PAI-00906,Power,Andhra Pradesh,145.9,155.9,30,69,97.1,100.0,5,1,0,1,0,0,2.4,1
PAI-00907,Ports,Gujarat,615.3,640.0,17,7,40.2,59.2,6,0,0,0,0,0,-4.7,0
PAI-00908,Power,Uttar Pradesh,75.3,77.1,28,45,91.5,75.0,6,0,0,0,0,0,-1.0,1
PAI-00909,Water & Sanitation,Andhra Pradesh,319.8,331.6,48,48,100.0,100.0,9,0,0,0,0,0,9.1,0
PAI-00910,Urban Transit,Gujarat,184.0,205.1,37,69,100.0,91.0,12,1,0,1,1,0,2.4,1
PAI-00911,Railways,Gujarat,393.1,404.3,48,18,35.1,42.3,12,1,0,0,0,0,2.4,1
PAI-00912,Power,Tamil Nadu,443.4,507.4,28,49,87.7,100.0,12,1,1,0,0,1,6.4,1
PAI-00913,Water & Sanitation,Telangana,105.7,111.4,63,80,98.7,91.3,18,0,1,1,0,0,-0.9,1
PAI-00914,Urban Transit,Andhra Pradesh,255.4,258.6,43,26,53.2,45.4,14,0,0,0,0,0,3.0,1
PAI-00915,Ports,Haryana,610.4,642.5,32,27,88.3,89.6,9,1,0,1,0,1,3.8,1
PAI-00916,Industrial Corridors,Telangana,155.3,155.4,30,38,100.0,100.0,11,3,0,0,0,0,2.6,1
PAI-00917,Railways,Haryana,398.2,434.3,51,68,96.8,100.0,12,2,1,0,0,0,3.8,1
PAI-00918,Airports,West Bengal,159.3,163.1,44,31,65.3,60.4,9,1,0,0,0,0,5.5,0
PAI-00919,Roads,Karnataka,277.4,277.4,24,37,100.0,99.6,4,0,0,0,0,0,-3.7,0
PAI-00920,Water & Sanitation,West Bengal,330.6,373.3,48,69,100.0,98.7,15,2,1,0,0,0,12.4,1
PAI-00921,Airports,West Bengal,308.1,313.5,58,41,67.4,60.7,16,1,0,0,0,0,3.9,0
PAI-00922,Water & Sanitation,Telangana,255.2,258.8,45,16,18.7,33.7,13,0,1,0,0,0,1.3,0
PAI-00923,Water & Sanitation,Karnataka,45.9,46.3,18,12,71.9,71.1,4,2,0,0,0,0,3.2,0
PAI-00924,Water & Sanitation,Andhra Pradesh,110.8,114.0,37,77,99.0,99.3,11,1,0,0,0,0,7.8,0
PAI-00925,Water & Sanitation,Bihar,250.7,252.3,12,83,85.5,92.4,4,0,0,0,0,0,-4.8,0
PAI-00926,Ports,West Bengal,1463.3,1565.4,22,51,87.5,78.2,5,2,0,0,0,0,6.0,0
PAI-00927,Roads,Jharkhand,266.8,299.5,47,10,25.0,19.3,12,3,1,0,0,0,12.0,1
PAI-00928,Water & Sanitation,West Bengal,352.1,396.0,49,75,93.6,80.8,13,1,0,0,1,0,12.6,0
PAI-00929,Urban Transit,Telangana,99.9,106.5,47,39,70.0,68.5,10,2,0,0,0,1,8.7,0
PAI-00930,Power,Rajasthan,1107.4,1138.6,62,72,100.0,100.0,17,0,0,0,0,0,-3.7,0
PAI-00931,Power,Rajasthan,304.5,344.8,63,53,95.2,100.0,18,3,0,0,0,0,16.0,1
PAI-00932,Urban Transit,Andhra Pradesh,241.3,289.3,24,78,100.0,100.0,6,4,1,1,1,0,12.9,1
PAI-00933,Water & Sanitation,Andhra Pradesh,193.8,208.7,54,61,95.2,96.1,15,1,0,0,1,0,5.4,1
PAI-00934,Urban Transit,Maharashtra,63.2,64.5,26,20,84.1,78.4,7,0,0,1,0,0,-4.9,0
PAI-00935,Roads,Tamil Nadu,315.9,348.8,32,12,41.7,36.2,8,3,0,1,0,1,3.4,1
PAI-00936,Water & Sanitation,Rajasthan,465.9,477.7,33,74,100.0,98.8,9,1,0,0,0,0,-3.0,0
PAI-00937,Railways,Haryana,115.3,115.3,33,34,96.4,84.4,8,0,1,0,0,0,-4.9,0
PAI-00938,Ports,Kerala,482.1,494.4,77,12,10.2,0.0,19,1,0,0,0,0,-8.1,0
PAI-00939,Railways,Jharkhand,213.5,218.3,46,68,94.0,95.6,11,0,0,0,0,1,6.6,1
PAI-00940,Railways,Karnataka,96.2,98.7,24,52,90.1,93.3,7,0,0,0,0,0,4.8,0
PAI-00941,Water & Sanitation,Karnataka,98.7,102.7,15,35,82.2,91.3,4,0,0,0,0,0,0.6,0
PAI-00942,Water & Sanitation,Uttar Pradesh,216.0,232.3,47,53,94.9,100.0,12,1,0,0,0,1,4.5,1
PAI-00943,Railways,Rajasthan,110.3,126.9,41,55,100.0,71.8,12,4,1,0,0,0,14.1,1
PAI-00944,Railways,Rajasthan,1053.5,1087.7,50,46,87.5,92.6,7,0,0,0,0,0,-7.1,0
PAI-00945,Roads,Karnataka,252.1,290.2,30,37,91.2,85.4,5,1,1,1,1,0,2.5,0
PAI-00946,Urban Transit,Telangana,903.0,936.4,45,21,48.5,47.9,10,1,0,1,0,1,0.6,1
PAI-00947,Railways,Telangana,68.6,76.6,68,71,84.5,88.0,17,0,1,1,1,0,-2.1,1
PAI-00948,Water & Sanitation,Karnataka,263.8,282.6,52,59,100.0,85.6,13,3,0,0,0,0,7.2,1
PAI-00949,Roads,Tamil Nadu,436.4,478.8,57,38,74.0,83.1,20,1,1,1,0,0,-1.7,0
PAI-00950,Railways,Telangana,71.5,76.7,41,42,100.0,100.0,10,1,1,1,0,0,-5.1,0
PAI-00951,Railways,Jharkhand,127.6,130.9,58,78,100.0,100.0,14,0,0,0,0,0,8.1,0
PAI-00952,Water & Sanitation,Rajasthan,556.9,613.2,60,49,100.0,100.0,13,2,0,0,0,0,1.5,1
PAI-00953,Urban Transit,West Bengal,334.4,336.6,28,46,98.6,92.7,6,0,0,0,0,0,2.2,0
PAI-00954,Water & Sanitation,Jharkhand,138.7,142.0,48,26,63.2,57.4,16,1,0,0,0,0,-2.9,0
PAI-00955,Roads,Kerala,1080.2,1091.4,45,19,26.9,29.8,14,1,0,0,0,0,8.9,0
PAI-00956,Water & Sanitation,Gujarat,71.7,72.4,54,83,94.4,99.4,13,0,0,0,0,0,-0.2,0
PAI-00957,Water & Sanitation,Telangana,209.3,210.6,53,49,91.7,94.7,13,0,0,0,0,0,-5.2,1
PAI-00958,Urban Transit,Tamil Nadu,420.5,420.5,73,11,13.9,10.8,17,0,0,0,0,0,-5.3,0
PAI-00959,Railways,Gujarat,893.1,969.7,33,6,13.8,5.8,10,1,0,0,0,1,-6.1,1
PAI-00960,Urban Transit,Tamil Nadu,80.0,84.2,13,67,90.1,99.0,4,0,0,0,1,0,-6.0,1
PAI-00961,Water & Sanitation,Bihar,195.9,224.9,55,43,63.8,55.9,16,1,1,0,1,0,-1.9,1
PAI-00962,Railways,Haryana,310.0,334.4,37,65,95.5,100.0,12,1,1,0,0,0,7.3,0
PAI-00963,Water & Sanitation,Madhya Pradesh,4378.5,4514.7,27,14,55.0,62.7,4,0,0,0,0,0,-2.6,0
PAI-00964,Railways,Andhra Pradesh,358.4,375.4,62,11,8.7,3.7,15,2,0,0,0,0,3.8,0
PAI-00965,Water & Sanitation,Bihar,184.2,211.0,25,53,100.0,100.0,6,5,0,0,0,0,17.1,1
PAI-00966,Power,Kerala,300.2,314.7,40,72,100.0,100.0,8,0,0,0,1,0,2.5,1
PAI-00967,Roads,Madhya Pradesh,262.5,268.1,12,71,100.0,100.0,6,1,0,0,0,0,3.1,0
PAI-00968,Water & Sanitation,West Bengal,392.3,429.6,51,35,76.2,58.9,12,2,0,0,0,0,-0.4,1
PAI-00969,Railways,Rajasthan,406.4,419.7,34,53,93.6,100.0,9,1,0,0,0,0,-1.0,0
PAI-00970,Water & Sanitation,Andhra Pradesh,272.5,288.3,88,57,70.0,81.0,23,1,0,0,0,1,-1.0,1
PAI-00971,Water & Sanitation,West Bengal,154.1,171.0,60,44,79.8,86.2,17,2,0,0,0,1,16.9,1
PAI-00972,Water & Sanitation,Madhya Pradesh,107.2,109.5,45,13,28.9,29.5,10,0,0,0,0,0,5.2,0
PAI-00973,Roads,Rajasthan,1108.2,1259.7,57,27,41.2,29.2,14,2,1,1,0,0,2.7,0
PAI-00974,Railways,Karnataka,137.2,144.7,12,16,97.0,96.6,4,2,0,1,0,0,3.3,0
PAI-00975,Power,Bihar,189.2,196.4,71,28,27.9,25.7,19,0,0,0,0,0,-5.4,0
PAI-00976,Urban Transit,Karnataka,2049.8,2117.0,41,53,94.6,83.5,9,1,0,0,1,0,-2.5,0
PAI-00977,Power,Karnataka,73.9,74.8,60,39,55.2,59.7,14,0,0,0,0,0,-4.8,0
PAI-00978,Urban Transit,Maharashtra,325.1,336.6,36,76,100.0,100.0,9,0,0,0,0,0,0.3,0
PAI-00979,Roads,Odisha,469.2,497.1,19,80,83.8,89.8,6,0,0,1,1,1,-3.1,0
PAI-00980,Power,Odisha,1130.0,1163.6,53,18,42.6,64.5,13,1,0,0,0,0,3.9,0
PAI-00981,Railways,Gujarat,82.8,86.7,22,30,98.1,95.1,7,1,0,0,0,1,-0.9,1
PAI-00982,Urban Transit,Tamil Nadu,195.1,214.3,32,62,100.0,100.0,9,1,0,0,1,0,10.9,0
PAI-00983,Urban Transit,Uttar Pradesh,235.0,235.0,43,29,58.6,50.4,12,0,0,0,0,0,1.3,0
PAI-00984,Water & Sanitation,Andhra Pradesh,93.8,96.9,62,18,26.0,27.1,20,1,0,0,0,0,4.8,0
PAI-00985,Urban Transit,Gujarat,239.1,247.0,49,36,73.5,79.2,7,2,0,0,0,0,10.8,0
PAI-00986,Urban Transit,West Bengal,120.9,136.3,41,43,100.0,80.8,11,2,0,0,1,0,9.5,1
PAI-00987,Water & Sanitation,Bihar,394.1,405.5,63,26,54.0,61.0,19,2,0,0,0,0,9.6,1
PAI-00988,Water & Sanitation,Odisha,70.3,76.4,14,72,89.1,94.1,4,2,0,0,0,1,9.2,0
PAI-00989,Water & Sanitation,Rajasthan,103.6,110.9,71,46,64.7,62.4,16,1,1,0,0,0,8.7,1
PAI-00990,Railways,Jharkhand,52.6,53.6,54,25,49.7,46.8,15,1,0,1,0,0,5.4,0
PAI-00991,Roads,Odisha,620.7,659.6,49,16,39.6,31.2,12,1,1,0,0,0,0.6,1
PAI-00992,Urban Transit,Andhra Pradesh,266.4,278.3,38,29,83.7,93.1,7,0,0,0,0,0,-3.4,0
PAI-00993,Roads,West Bengal,364.5,384.3,65,74,100.0,100.0,14,3,0,0,0,1,4.4,0
PAI-00994,Airports,Maharashtra,73.3,76.9,22,77,99.3,90.7,5,0,0,0,0,1,2.9,1
PAI-00995,Airports,West Bengal,295.9,326.1,40,52,100.0,88.0,9,0,1,1,0,0,6.2,1
PAI-00996,Airports,Telangana,644.9,652.3,29,33,100.0,100.0,6,1,0,0,0,0,-2.8,0
PAI-00997,Water & Sanitation,Bihar,296.0,296.5,62,12,15.3,12.1,17,3,0,0,0,0,8.8,1
PAI-00998,Railways,Maharashtra,126.3,129.2,33,12,22.0,32.7,9,1,0,0,0,0,9.2,1
PAI-00999,Railways,Maharashtra,140.1,142.9,20,68,100.0,96.3,9,1,0,0,0,0,-0.5,0
PAI-01000,Railways,Odisha,231.7,238.3,64,37,53.1,54.6,14,0,1,1,0,0,-1.4,0
PAI-01001,Urban Transit,Haryana,594.2,602.8,34,59,95.7,97.7,10,0,1,0,0,0,1.5,1
PAI-01002,Water & Sanitation,West Bengal,231.9,247.6,21,84,100.0,100.0,4,0,0,0,1,0,-8.9,0
PAI-01003,Railways,Andhra Pradesh,58.8,62.2,41,37,100.0,100.0,12,1,0,0,0,1,8.0,1
PAI-01004,Urban Transit,Uttar Pradesh,622.8,647.9,48,68,94.9,87.4,13,0,0,0,0,0,3.7,0
PAI-01005,Airports,Uttar Pradesh,123.6,133.7,12,22,100.0,100.0,5,1,1,0,0,0,6.7,1
PAI-01006,Railways,Gujarat,181.7,197.5,54,22,46.1,51.3,14,1,1,0,0,0,4.7,1
PAI-01007,Urban Transit,Haryana,393.9,401.2,80,40,60.2,53.3,20,0,0,0,0,0,-2.8,0
PAI-01008,Power,Kerala,112.7,114.1,60,58,81.1,84.7,14,0,0,0,0,0,8.6,0
PAI-01009,Water & Sanitation,Gujarat,172.0,185.6,56,15,20.1,15.0,13,2,0,0,0,1,0.4,1
PAI-01010,Power,Gujarat,165.0,173.7,49,60,100.0,95.2,10,0,0,0,0,1,4.5,0
PAI-01011,Water & Sanitation,Uttar Pradesh,1022.7,1031.0,33,17,65.2,69.3,7,2,0,0,0,0,1.1,0
PAI-01012,Roads,Haryana,840.0,903.7,46,70,98.1,97.1,12,0,1,0,0,1,0.3,1
PAI-01013,Railways,Karnataka,799.7,915.8,57,54,96.8,98.2,13,4,0,1,0,1,9.3,1
PAI-01014,Railways,Uttar Pradesh,251.2,260.1,37,16,38.4,49.6,7,2,0,0,0,0,-0.0,0
PAI-01015,Urban Transit,Uttar Pradesh,221.0,223.7,61,17,30.2,44.0,12,0,0,0,0,0,-8.1,0
PAI-01016,Railways,Andhra Pradesh,262.6,310.0,51,69,100.0,93.4,15,3,1,0,1,0,9.6,1
PAI-01017,Urban Transit,Jharkhand,66.2,67.9,49,71,100.0,100.0,11,1,0,0,0,0,-1.4,0
PAI-01018,Ports,Haryana,704.6,737.7,34,32,97.9,100.0,8,0,1,0,0,0,-6.0,0
PAI-01019,Industrial Corridors,Telangana,583.2,636.7,45,78,95.6,100.0,11,0,1,1,0,0,-4.8,1
PAI-01020,Railways,Madhya Pradesh,269.6,296.6,46,57,100.0,100.0,9,1,1,0,0,1,-1.5,1
PAI-01021,Railways,Uttar Pradesh,646.0,682.3,41,48,100.0,100.0,8,1,1,0,0,0,0.3,1
PAI-01022,Water & Sanitation,Maharashtra,63.9,66.8,65,35,54.5,60.1,17,2,0,0,1,0,1.7,0
PAI-01023,Water & Sanitation,Andhra Pradesh,254.0,301.4,54,81,89.1,74.9,13,3,0,1,1,0,3.9,1
PAI-01024,Power,Jharkhand,225.7,230.2,55,57,93.8,93.5,13,1,0,0,0,0,4.0,1
PAI-01025,Airports,West Bengal,204.4,211.9,29,82,97.4,92.3,10,1,1,0,0,0,-4.9,1
PAI-01026,Power,Maharashtra,138.7,144.8,62,38,58.5,58.0,19,0,0,0,0,0,-1.5,0
PAI-01027,Ports,West Bengal,255.3,286.0,38,50,94.4,77.9,8,1,0,0,1,0,4.4,0
PAI-01028,Water & Sanitation,Tamil Nadu,115.6,126.2,58,26,43.1,44.3,14,0,1,0,0,1,-5.8,1
PAI-01029,Urban Transit,Rajasthan,311.7,314.2,23,53,99.1,89.7,6,0,0,0,0,0,4.6,0
PAI-01030,Power,Karnataka,226.7,232.6,70,22,21.1,23.3,14,2,0,0,0,0,-0.9,0
PAI-01031,Urban Transit,Madhya Pradesh,198.4,208.5,50,71,94.5,100.0,10,2,0,0,0,1,3.7,1
PAI-01032,Airports,Bihar,131.7,133.4,39,72,93.1,100.0,10,0,0,0,0,0,-2.5,0
PAI-01033,Industrial Corridors,West Bengal,504.9,576.8,17,46,100.0,99.6,4,1,1,0,0,1,6.4,0
PAI-01034,Urban Transit,Rajasthan,118.9,118.9,12,48,100.0,100.0,4,1,0,0,0,0,-1.1,0
PAI-01035,Urban Transit,Tamil Nadu,663.7,695.4,31,26,77.6,80.1,5,0,1,0,0,0,-3.6,0
PAI-01036,Urban Transit,Uttar Pradesh,349.3,366.8,46,7,21.0,14.5,11,2,0,0,0,1,9.1,0
PAI-01037,Water & Sanitation,Odisha,467.4,542.9,32,55,99.4,93.1,10,2,1,0,1,0,9.1,1
PAI-01038,Railways,Tamil Nadu,52.9,59.6,41,61,100.0,93.1,10,0,1,0,1,0,4.4,1
PAI-01039,Railways,Bihar,1292.6,1422.9,15,27,100.0,100.0,4,3,1,0,0,0,9.3,1
PAI-01040,Roads,Tamil Nadu,3559.0,3849.1,48,55,100.0,96.4,9,0,1,0,0,1,1.9,1
PAI-01041,Urban Transit,Karnataka,758.9,780.2,38,37,90.0,89.2,8,2,0,0,0,0,11.5,0
PAI-01042,Power,Kerala,457.4,457.4,58,65,96.3,91.2,13,1,0,0,0,0,3.2,1
PAI-01043,Roads,Gujarat,367.2,389.5,50,28,47.1,44.8,16,1,1,0,0,0,1.7,0
PAI-01044,Urban Transit,Tamil Nadu,112.2,112.2,17,46,97.3,95.1,6,1,0,0,0,0,5.3,0
PAI-01045,Ports,West Bengal,194.9,207.4,28,29,100.0,100.0,11,0,0,1,0,0,-0.8,0
PAI-01046,Urban Transit,Telangana,116.1,118.3,77,57,67.1,70.6,22,0,0,0,0,0,8.7,0
PAI-01047,Industrial Corridors,Bihar,101.1,106.2,20,59,99.3,94.3,9,0,0,0,0,0,9.1,0
PAI-01048,Industrial Corridors,Uttar Pradesh,210.1,223.1,33,28,85.4,85.7,10,3,0,0,0,1,6.4,0
PAI-01049,Railways,Haryana,252.7,288.2,62,81,100.0,100.0,15,3,0,0,0,1,6.7,1
PAI-01050,Urban Transit,Karnataka,349.4,401.1,33,13,44.0,58.9,8,3,0,0,0,1,12.4,1
PAI-01051,Water & Sanitation,Andhra Pradesh,230.4,234.2,32,10,31.5,35.2,10,0,0,1,0,0,0.8,0
PAI-01052,Water & Sanitation,Telangana,59.6,60.4,42,59,89.2,84.7,11,0,0,0,0,0,-2.7,1
PAI-01053,Railways,Andhra Pradesh,246.5,256.7,45,58,91.4,87.4,12,1,0,0,0,0,-3.0,0
PAI-01054,Airports,Madhya Pradesh,81.5,86.9,45,64,100.0,87.9,13,1,0,0,0,0,3.3,0
PAI-01055,Power,Haryana,282.7,289.9,33,19,51.3,50.4,9,0,0,0,0,0,0.9,0
PAI-01056,Railways,Gujarat,1118.7,1181.9,74,52,78.7,84.1,17,0,1,0,0,1,-6.1,0
PAI-01057,Industrial Corridors,West Bengal,972.0,1053.1,37,73,84.5,82.0,8,2,1,0,0,0,1.9,1
PAI-01058,Water & Sanitation,Jharkhand,418.6,436.7,61,45,61.1,69.0,14,2,0,1,0,0,2.4,0
PAI-01059,Urban Transit,Uttar Pradesh,654.3,696.8,27,41,99.4,86.5,7,0,1,0,0,0,-6.4,0
PAI-01060,Ports,Gujarat,360.8,412.3,33,32,98.6,100.0,7,0,1,0,1,0,8.0,1
PAI-01061,Water & Sanitation,Haryana,165.9,169.1,47,8,22.6,20.8,10,2,0,0,0,0,2.9,0
PAI-01062,Railways,Madhya Pradesh,354.3,365.9,39,7,18.5,0.0,13,1,0,0,0,0,-5.8,1
PAI-01063,Ports,West Bengal,276.0,286.6,74,31,41.6,35.6,16,2,0,0,0,0,6.0,1
PAI-01064,Airports,West Bengal,171.0,177.1,44,58,91.3,86.5,12,1,0,0,0,0,15.4,0
PAI-01065,Power,Madhya Pradesh,131.8,142.3,42,41,90.0,89.5,11,0,1,0,1,0,-4.5,1
PAI-01066,Ports,Andhra Pradesh,411.0,420.4,59,63,100.0,100.0,16,0,0,0,0,0,-4.0,0
PAI-01067,Roads,Gujarat,133.3,153.3,37,60,97.0,100.0,9,2,1,0,0,1,3.2,0
PAI-01068,Airports,West Bengal,227.6,247.9,22,51,90.4,92.1,6,0,1,0,1,0,2.2,1
PAI-01069,Railways,Haryana,110.8,114.0,63,24,46.5,57.8,17,1,0,0,0,0,2.6,0
PAI-01070,Railways,Maharashtra,1638.6,1844.1,34,54,90.3,90.8,5,1,0,1,0,1,9.7,0
PAI-01071,Power,Bihar,380.7,387.6,28,66,100.0,100.0,4,0,0,0,0,0,4.7,0
PAI-01072,Railways,Bihar,207.4,223.5,73,62,81.1,61.3,20,2,1,0,0,0,-6.0,1
PAI-01073,Roads,Karnataka,160.3,166.9,37,32,92.3,97.8,11,1,0,1,0,0,1.8,1
PAI-01074,Roads,Jharkhand,113.3,120.3,21,71,92.8,100.0,6,0,0,1,0,0,10.3,1
PAI-01075,Urban Transit,Kerala,99.3,105.1,29,64,100.0,84.1,6,0,0,0,0,0,-7.1,0
PAI-01076,Power,Kerala,117.4,122.4,36,71,100.0,88.0,8,1,0,1,0,0,2.9,0
PAI-01077,Railways,Jharkhand,342.6,392.8,12,19,93.9,100.0,4,2,1,0,1,0,2.0,1
PAI-01078,Water & Sanitation,Madhya Pradesh,318.1,319.9,16,40,94.2,94.9,4,0,0,1,0,0,0.7,0
PAI-01079,Power,Maharashtra,142.7,145.4,27,21,81.2,80.4,7,0,0,0,0,0,-1.7,0
PAI-01080,Railways,Telangana,79.6,81.9,56,64,100.0,100.0,15,0,0,0,0,0,-2.5,1
PAI-01081,Urban Transit,Tamil Nadu,123.1,136.2,51,10,19.3,20.8,13,1,1,0,0,1,-4.0,0
PAI-01082,Airports,Karnataka,300.0,303.0,18,9,41.0,49.1,4,2,0,0,0,0,4.4,0
PAI-01083,Power,West Bengal,296.4,301.5,30,41,85.9,76.8,7,0,0,0,0,0,4.8,0
PAI-01084,Urban Transit,West Bengal,211.5,213.6,34,82,100.0,100.0,8,1,0,0,0,0,2.7,1
PAI-01085,Water & Sanitation,Rajasthan,486.6,543.8,23,61,92.9,100.0,5,3,0,0,1,0,4.9,1
PAI-01086,Power,Madhya Pradesh,334.6,354.0,62,59,100.0,100.0,17,1,0,0,1,0,3.4,1
PAI-01087,Roads,Karnataka,402.1,432.1,45,84,88.7,69.8,11,0,1,0,0,0,8.0,0
PAI-01088,Urban Transit,Rajasthan,529.2,561.4,37,36,97.5,87.2,6,1,0,0,1,0,2.1,0
PAI-01089,Ports,Haryana,563.3,612.8,49,83,100.0,94.8,15,3,0,0,0,0,9.6,1
PAI-01090,Industrial Corridors,Telangana,154.3,176.2,31,29,91.5,98.8,4,3,1,0,0,1,6.5,1
PAI-01091,Power,Bihar,110.9,112.8,27,25,91.0,92.2,7,0,0,0,0,0,-0.9,0
PAI-01092,Railways,Haryana,380.7,417.0,39,39,83.8,81.4,11,1,1,0,0,0,10.1,1
PAI-01093,Railways,Kerala,111.6,116.3,17,29,100.0,96.3,4,0,1,0,0,0,-9.6,1
PAI-01094,Water & Sanitation,Odisha,192.1,198.8,24,27,88.5,80.9,5,1,0,0,0,1,-3.8,0
PAI-01095,Railways,Tamil Nadu,1016.9,1041.7,44,84,92.9,93.6,12,0,1,1,0,0,-4.3,0
PAI-01096,Roads,West Bengal,272.6,321.0,59,77,91.3,76.5,17,0,1,0,1,0,-7.3,1
PAI-01097,Roads,Uttar Pradesh,199.3,214.3,56,71,98.0,100.0,13,0,1,1,0,0,2.9,1
PAI-01098,Ports,Odisha,172.2,181.1,26,58,100.0,92.5,5,0,1,0,0,0,2.5,1
PAI-01099,Water & Sanitation,Madhya Pradesh,292.5,295.5,30,18,59.4,54.5,7,0,0,0,0,0,-9.8,0
PAI-01100,Urban Transit,Haryana,186.6,194.9,29,82,90.8,91.8,9,1,0,0,0,0,6.4,0
PAI-01101,Railways,Telangana,59.7,64.9,37,84,86.8,74.8,10,2,0,0,0,0,9.5,1
PAI-01102,Industrial Corridors,Uttar Pradesh,94.9,104.8,18,44,96.5,96.5,5,2,1,0,0,1,8.9,1
PAI-01103,Industrial Corridors,Bihar,532.2,571.3,45,78,96.7,89.8,10,0,0,1,0,1,-0.2,1
PAI-01104,Power,Maharashtra,139.5,143.4,17,65,100.0,100.0,5,1,0,0,0,0,-2.2,0
PAI-01105,Power,West Bengal,311.1,324.6,46,31,57.4,66.3,12,0,0,0,1,0,4.2,0
PAI-01106,Power,Jharkhand,94.7,97.3,38,31,65.6,82.7,8,1,0,0,0,0,-0.8,0
PAI-01107,Airports,Jharkhand,570.0,570.0,52,46,100.0,98.4,16,1,0,0,0,0,-2.8,0
PAI-01108,Urban Transit,Kerala,102.8,108.5,12,79,100.0,90.2,4,0,1,0,0,0,-2.3,0
PAI-01109,Power,Haryana,418.5,443.9,49,31,71.3,67.6,14,0,0,0,0,0,-6.4,1
PAI-01110,Roads,Kerala,66.5,70.6,25,74,93.3,83.5,4,2,1,0,0,0,4.8,1
PAI-01111,Ports,Gujarat,497.5,526.2,52,37,78.3,73.3,13,1,1,0,0,0,6.0,1
PAI-01112,Roads,Bihar,63.5,71.6,56,39,71.9,50.7,14,2,1,0,0,0,4.9,1
PAI-01113,Airports,Kerala,562.2,565.4,51,22,52.4,53.7,15,0,0,0,0,0,-3.2,0
PAI-01114,Railways,Karnataka,124.8,129.5,36,34,88.5,73.8,7,0,0,1,0,0,-4.1,0
PAI-01115,Water & Sanitation,Jharkhand,235.6,242.3,29,17,51.7,46.8,5,0,0,1,0,0,-11.1,0
PAI-01116,Railways,Tamil Nadu,56.3,60.5,34,27,76.7,78.1,10,2,1,1,0,0,4.2,1
PAI-01117,Airports,Andhra Pradesh,602.1,625.6,25,8,32.7,31.7,6,0,0,0,0,0,4.4,0
PAI-01118,Power,Karnataka,404.2,417.1,68,60,100.0,99.3,17,0,0,0,0,0,1.5,0
PAI-01119,Power,Karnataka,59.5,61.8,49,44,90.8,100.0,10,2,0,0,0,0,8.8,0
PAI-01120,Water & Sanitation,Andhra Pradesh,313.4,331.0,88,13,9.0,19.1,23,1,1,0,0,0,7.9,1
PAI-01121,Industrial Corridors,Gujarat,259.0,265.1,24,21,83.6,84.3,8,0,0,0,0,0,-2.8,0
PAI-01122,Railways,Jharkhand,89.0,100.0,70,67,100.0,100.0,18,4,0,1,0,0,20.3,1
PAI-01123,Airports,Odisha,509.6,528.2,47,6,8.8,13.4,13,2,0,0,0,0,3.9,0
PAI-01124,Roads,Andhra Pradesh,124.9,128.6,13,35,100.0,100.0,5,0,0,0,0,0,-5.3,0
PAI-01125,Water & Sanitation,Tamil Nadu,543.4,598.4,51,43,93.0,91.6,12,2,1,0,0,0,3.1,1
PAI-01126,Railways,Uttar Pradesh,181.6,188.2,12,6,42.9,45.1,4,0,1,0,0,0,2.3,0
PAI-01127,Industrial Corridors,Odisha,624.3,675.9,12,50,90.8,100.0,7,0,1,0,0,0,-2.3,1
PAI-01128,Industrial Corridors,Maharashtra,102.6,104.7,41,14,23.7,13.4,11,1,0,0,0,0,2.4,1
PAI-01129,Airports,Kerala,189.5,189.5,52,36,75.9,77.1,15,1,0,0,0,0,1.8,0
PAI-01130,Railways,Madhya Pradesh,144.1,147.7,57,28,46.4,45.4,12,1,1,0,0,0,-0.1,1
PAI-01131,Ports,West Bengal,360.4,399.1,54,84,99.8,100.0,14,2,1,0,0,0,13.2,1
PAI-01132,Railways,Uttar Pradesh,892.0,967.0,34,77,100.0,100.0,11,1,0,0,0,0,5.4,0
PAI-01133,Urban Transit,Odisha,410.3,421.2,35,22,56.7,47.3,7,0,0,0,0,0,5.2,1
PAI-01134,Urban Transit,Uttar Pradesh,1661.5,1725.2,43,70,100.0,86.3,9,0,0,0,0,0,0.8,0
PAI-01135,Roads,Karnataka,242.3,258.9,31,10,30.2,31.3,6,1,0,1,0,0,1.6,0
PAI-01136,Urban Transit,Jharkhand,294.8,304.1,43,61,99.6,100.0,10,1,0,0,0,0,7.0,0
PAI-01137,Water & Sanitation,West Bengal,115.3,120.5,45,45,95.9,100.0,12,0,0,0,0,1,-3.2,1
PAI-01138,Urban Transit,Andhra Pradesh,223.4,226.7,40,17,44.5,59.7,13,1,0,0,0,0,-4.7,0
PAI-01139,Industrial Corridors,Telangana,578.5,615.5,51,71,100.0,93.7,14,1,0,0,1,0,1.5,0
PAI-01140,Railways,West Bengal,821.4,844.2,39,80,88.0,87.5,12,0,0,0,0,0,7.8,0
PAI-01141,Urban Transit,Maharashtra,189.9,195.8,25,33,84.1,80.0,7,0,0,0,0,0,7.8,0
PAI-01142,Ports,Bihar,292.2,308.2,40,36,90.3,83.3,9,1,1,0,0,0,1.9,1
PAI-01143,Roads,West Bengal,103.7,105.4,41,60,100.0,100.0,11,0,0,0,0,0,1.0,0
PAI-01144,Roads,Madhya Pradesh,284.4,309.3,69,75,96.7,95.1,16,1,1,0,0,0,0.8,0
PAI-01145,Urban Transit,Gujarat,296.7,338.2,63,13,24.2,25.8,16,4,1,0,0,0,9.0,0
PAI-01146,Power,Karnataka,586.6,601.2,50,13,18.6,22.6,12,1,1,0,0,0,-1.6,1
PAI-01147,Railways,Uttar Pradesh,223.5,243.3,53,84,99.6,98.2,14,1,1,0,0,0,6.8,1
PAI-01148,Industrial Corridors,Karnataka,1959.5,2295.7,52,70,87.4,88.8,10,1,1,1,1,0,7.3,1
PAI-01149,Power,Tamil Nadu,111.3,114.8,52,12,27.1,18.8,11,1,0,0,0,1,-0.5,0
PAI-01150,Industrial Corridors,Maharashtra,49.7,53.1,39,56,100.0,100.0,7,1,0,1,0,0,3.5,0
PAI-01151,Urban Transit,Andhra Pradesh,218.1,236.8,26,72,93.0,69.0,8,1,0,1,0,0,7.0,0
PAI-01152,Roads,Uttar Pradesh,145.9,146.7,41,63,100.0,90.4,7,0,0,0,0,0,1.4,0
PAI-01153,Industrial Corridors,Maharashtra,464.5,494.6,51,68,96.4,89.2,10,0,1,1,0,0,2.2,1
PAI-01154,Railways,Tamil Nadu,191.1,204.6,73,59,88.0,85.2,15,3,0,0,0,0,7.8,1
PAI-01155,Ports,Jharkhand,633.7,655.1,60,31,50.4,34.4,13,0,1,0,0,0,-4.4,0
PAI-01156,Urban Transit,Gujarat,50.4,55.2,52,21,38.5,29.3,15,3,0,0,0,0,8.2,1
PAI-01157,Industrial Corridors,Haryana,98.6,101.6,59,36,53.2,51.4,13,0,1,0,0,0,-9.3,0
PAI-01158,Roads,Jharkhand,678.8,707.6,37,58,91.0,100.0,8,0,1,0,0,0,1.4,0
PAI-01159,Airports,West Bengal,121.1,127.7,40,41,91.3,88.3,8,0,0,0,0,0,-3.5,0
PAI-01160,Water & Sanitation,Jharkhand,345.0,371.5,47,30,59.3,68.7,14,0,1,1,0,1,-4.8,1
PAI-01161,Roads,Haryana,118.0,125.2,43,10,11.0,6.8,11,2,0,0,0,0,8.9,0
PAI-01162,Power,Jharkhand,54.3,57.7,36,11,39.6,42.6,7,1,0,1,0,0,13.0,0
PAI-01163,Roads,Tamil Nadu,37.3,43.3,57,24,55.9,45.8,16,2,1,0,0,1,7.6,1
PAI-01164,Ports,Telangana,298.3,310.7,49,71,90.7,96.0,12,0,1,0,0,0,1.0,0
PAI-01165,Roads,Jharkhand,139.4,152.3,26,74,100.0,99.1,6,0,1,0,0,1,1.7,0
PAI-01166,Industrial Corridors,Maharashtra,172.2,176.0,18,84,90.7,90.7,5,0,1,0,0,0,-6.5,0
PAI-01167,Power,Haryana,200.6,202.7,12,66,100.0,100.0,4,1,0,1,0,0,4.7,1
PAI-01168,Airports,Tamil Nadu,420.6,460.7,58,56,100.0,97.2,14,2,0,1,0,0,12.3,0
PAI-01169,Ports,Jharkhand,1121.4,1167.4,51,6,15.9,13.5,10,0,0,0,0,0,-2.0,0
PAI-01170,Urban Transit,Kerala,104.1,106.8,27,24,90.1,78.5,8,1,0,0,0,0,-2.9,0
PAI-01171,Airports,Karnataka,172.3,180.7,57,81,92.5,88.2,13,2,0,0,0,0,11.1,0
PAI-01172,Industrial Corridors,Andhra Pradesh,508.9,509.5,34,42,93.4,96.4,10,0,1,0,0,0,0.5,0
PAI-01173,Roads,Rajasthan,346.8,371.3,62,51,84.3,83.8,17,0,1,0,0,1,-5.5,1
PAI-01174,Industrial Corridors,Bihar,1272.4,1420.0,35,38,100.0,91.2,8,2,0,0,0,1,6.7,1
PAI-01175,Roads,Odisha,214.7,227.1,40,66,97.8,100.0,9,0,1,1,0,0,-1.5,1
PAI-01176,Industrial Corridors,Jharkhand,32.6,33.9,34,37,100.0,98.6,9,1,0,0,0,0,4.5,0
PAI-01177,Railways,Telangana,229.4,244.0,25,43,100.0,100.0,5,0,1,1,0,0,-7.1,0
PAI-01178,Roads,Madhya Pradesh,114.2,120.7,50,21,36.5,42.2,10,0,0,0,1,0,-12.0,1
PAI-01179,Roads,Gujarat,429.7,449.7,56,10,11.9,11.9,12,0,0,0,0,1,3.5,0
PAI-01180,Railways,Uttar Pradesh,1137.9,1164.8,41,70,98.7,100.0,8,0,0,0,0,0,-2.7,0
PAI-01181,Railways,Gujarat,451.1,492.5,79,67,84.1,99.3,18,1,1,1,0,0,3.0,1
PAI-01182,Railways,Gujarat,161.8,177.1,45,76,100.0,100.0,13,2,0,0,1,0,11.9,1
PAI-01183,Industrial Corridors,Uttar Pradesh,107.8,109.7,27,17,67.7,69.8,4,1,0,0,0,0,6.8,0
PAI-01184,Urban Transit,Tamil Nadu,54.6,59.3,70,23,48.4,54.9,15,4,0,0,0,0,9.6,1
PAI-01185,Water & Sanitation,Kerala,455.3,472.2,30,81,99.4,97.3,5,0,0,1,0,0,1.1,0
PAI-01186,Ports,Gujarat,405.1,422.1,49,11,23.0,15.5,12,0,1,0,0,0,1.1,1
PAI-01187,Industrial Corridors,Karnataka,371.1,422.6,38,82,88.1,85.7,12,3,0,0,0,0,14.4,1
PAI-01188,Roads,Madhya Pradesh,735.5,777.8,33,68,100.0,100.0,10,0,1,0,0,0,-7.4,0
PAI-01189,Urban Transit,Karnataka,210.3,224.0,58,55,100.0,92.6,16,3,0,0,0,0,6.2,0
PAI-01190,Water & Sanitation,Telangana,108.3,108.6,39,47,100.0,100.0,8,1,0,0,0,0,4.4,0
PAI-01191,Water & Sanitation,Uttar Pradesh,236.9,246.5,43,45,83.8,89.4,13,1,0,0,1,0,-2.6,0
PAI-01192,Roads,Rajasthan,176.9,212.9,19,54,100.0,96.6,4,2,0,0,1,1,11.8,1
PAI-01193,Water & Sanitation,Odisha,94.0,94.7,36,66,96.5,91.3,10,0,0,0,0,0,3.8,1
PAI-01194,Airports,West Bengal,300.7,314.6,69,53,77.8,80.6,13,0,0,0,0,0,6.3,0
PAI-01195,Urban Transit,Odisha,237.8,243.3,42,65,100.0,97.3,13,1,0,0,0,0,11.2,0
PAI-01196,Water & Sanitation,Haryana,398.1,410.2,12,26,94.6,91.1,4,1,1,0,0,0,-1.0,0
PAI-01197,Water & Sanitation,Gujarat,295.5,301.4,38,51,93.2,86.0,14,1,1,0,0,0,5.7,1
PAI-01198,Water & Sanitation,Haryana,1012.6,1038.8,35,84,100.0,99.7,9,1,0,1,0,0,2.9,0
PAI-01199,Airports,Jharkhand,77.4,79.4,65,34,53.1,46.0,17,0,1,0,0,0,-1.8,0
PAI-01200,Power,Odisha,116.4,119.4,45,17,22.9,41.1,6,0,0,0,0,0,-3.2,0
PAI-01201,Railways,Kerala,94.9,112.3,49,80,100.0,90.6,15,1,1,1,1,1,1.8,1
PAI-01202,Railways,Madhya Pradesh,311.7,369.8,31,39,98.5,83.4,7,2,1,0,1,0,1.8,1
PAI-01203,Urban Transit,Andhra Pradesh,775.8,838.8,52,20,43.8,46.1,9,1,0,0,1,0,5.1,1
PAI-01204,Railways,Madhya Pradesh,699.8,780.6,43,34,90.7,79.5,10,4,1,0,0,0,14.8,1
PAI-01205,Water & Sanitation,Andhra Pradesh,189.8,197.2,36,11,41.3,40.1,10,2,0,0,0,0,6.0,1
PAI-01206,Railways,Madhya Pradesh,571.3,596.2,36,56,99.4,100.0,5,0,1,0,0,0,-1.3,1
PAI-01207,Power,Madhya Pradesh,295.2,298.9,56,75,95.7,99.0,17,0,0,0,0,0,-12.0,1
PAI-01208,Airports,Madhya Pradesh,310.4,325.2,12,77,91.0,86.8,4,1,0,0,0,0,5.8,0
PAI-01209,Urban Transit,Kerala,173.3,177.5,52,43,79.9,77.7,12,1,0,0,0,0,5.7,0
PAI-01210,Water & Sanitation,Odisha,311.2,340.3,61,75,100.0,100.0,13,0,1,1,0,0,-1.8,0
PAI-01211,Railways,Jharkhand,199.2,234.1,36,83,100.0,90.4,10,1,1,1,1,0,8.0,1
PAI-01212,Roads,Haryana,252.1,267.2,52,9,18.7,20.1,15,1,1,1,0,0,4.1,0
PAI-01213,Water & Sanitation,Maharashtra,125.1,128.3,23,21,83.8,83.4,6,3,0,0,0,0,9.0,0
PAI-01214,Ports,Gujarat,389.1,405.9,58,21,52.5,48.5,14,2,0,0,0,0,13.5,0
PAI-01215,Railways,Madhya Pradesh,291.6,308.5,54,27,44.9,49.4,12,1,1,0,0,0,8.1,0
PAI-01216,Power,Gujarat,1050.5,1191.8,66,50,80.0,79.4,15,1,0,0,1,1,5.0,0
PAI-01217,Industrial Corridors,Andhra Pradesh,241.8,241.8,44,31,60.8,41.3,10,0,0,1,0,0,3.9,0
PAI-01218,Roads,Rajasthan,189.7,204.2,47,50,89.1,89.5,13,2,0,0,0,1,5.8,0
PAI-01219,Water & Sanitation,Madhya Pradesh,635.9,680.5,58,78,100.0,100.0,21,2,0,0,0,0,12.1,1
PAI-01220,Urban Transit,Haryana,261.1,273.1,57,26,45.4,71.8,17,4,0,0,0,1,3.8,0
PAI-01221,Water & Sanitation,Odisha,790.4,810.7,20,33,94.4,84.1,8,0,0,0,0,1,-6.7,0
PAI-01222,Urban Transit,Gujarat,88.4,95.3,38,6,13.3,8.2,9,2,0,0,0,1,14.1,0
PAI-01223,Roads,Maharashtra,149.1,157.8,40,47,92.3,80.6,13,0,0,0,0,0,3.9,1
PAI-01224,Railways,Rajasthan,74.0,78.1,15,66,95.0,74.7,4,1,0,0,0,0,4.9,0
PAI-01225,Airports,Haryana,1168.3,1255.6,43,77,95.7,100.0,10,0,1,1,0,0,-1.1,0
PAI-01226,Roads,West Bengal,1215.5,1312.8,36,63,100.0,84.0,9,0,1,0,1,0,-1.0,1
PAI-01227,Urban Transit,Andhra Pradesh,687.5,690.0,20,9,49.5,43.2,4,0,0,0,0,0,4.7,0
PAI-01228,Urban Transit,Bihar,222.3,224.4,71,62,93.4,91.8,17,1,0,0,0,0,0.6,0
PAI-01229,Industrial Corridors,Kerala,165.9,178.6,33,77,100.0,100.0,8,1,1,0,1,0,-1.3,0
PAI-01230,Roads,Rajasthan,112.1,117.6,41,70,92.9,88.3,13,0,1,0,0,0,-0.1,1
PAI-01231,Power,Jharkhand,1614.8,1671.9,53,76,82.6,79.4,13,0,0,0,0,0,2.1,0
PAI-01232,Railways,Odisha,130.8,134.4,67,25,45.5,48.1,12,1,0,0,0,0,4.6,1
PAI-01233,Urban Transit,Kerala,159.7,162.1,46,28,57.2,62.4,12,1,0,0,0,0,-0.6,0
PAI-01234,Roads,Jharkhand,677.4,697.4,12,46,94.4,93.4,4,0,0,0,0,0,3.1,0
PAI-01235,Power,Jharkhand,266.0,313.3,34,39,86.7,86.6,7,2,1,0,1,1,-0.1,0
PAI-01236,Roads,Kerala,158.2,165.4,12,56,94.7,100.0,4,1,0,0,0,1,12.2,1
PAI-01237,Power,Tamil Nadu,167.0,176.4,14,56,100.0,93.9,4,0,0,0,0,0,0.4,0
PAI-01238,Roads,Andhra Pradesh,1067.2,1113.9,41,23,51.7,52.9,9,0,1,0,0,0,0.6,0
PAI-01239,Water & Sanitation,Tamil Nadu,410.2,437.2,51,24,52.4,44.0,14,2,0,0,0,0,8.6,0
PAI-01240,Roads,Gujarat,173.9,181.7,40,79,77.5,67.4,6,1,0,0,0,0,2.1,0
PAI-01241,Industrial Corridors,Gujarat,130.2,136.4,33,26,64.4,55.1,7,0,0,0,0,1,-0.1,0
PAI-01242,Water & Sanitation,Telangana,147.1,153.9,51,25,45.3,45.9,13,0,0,0,0,0,1.4,0
PAI-01243,Airports,Gujarat,107.1,112.5,45,76,100.0,100.0,13,4,0,0,0,0,8.5,0
PAI-01244,Urban Transit,Madhya Pradesh,255.3,267.0,37,13,58.2,60.2,6,3,0,0,0,0,6.3,1
PAI-01245,Industrial Corridors,Kerala,122.3,141.7,51,13,20.7,11.8,12,2,1,0,0,1,0.4,1
PAI-01246,Water & Sanitation,Karnataka,124.3,129.4,61,19,23.9,26.6,16,1,0,0,0,0,10.8,1
PAI-01247,Urban Transit,Bihar,394.6,410.0,63,61,100.0,100.0,15,0,0,0,0,0,-1.8,0
PAI-01248,Water & Sanitation,Jharkhand,87.7,99.2,35,81,100.0,82.6,10,2,0,0,1,1,6.3,1
PAI-01249,Railways,Uttar Pradesh,865.8,909.3,37,75,100.0,88.3,9,1,0,1,0,0,4.9,0
PAI-01250,Urban Transit,Kerala,154.6,163.4,32,31,96.4,97.5,7,1,0,0,0,1,3.0,0
PAI-01251,Roads,Tamil Nadu,145.1,157.1,47,12,30.4,24.5,10,2,1,0,0,0,-0.4,1
PAI-01252,Railways,Kerala,733.1,744.5,23,63,91.7,88.6,13,0,0,0,0,0,-4.2,0
PAI-01253,Airports,Karnataka,173.1,177.6,33,17,50.1,63.4,8,2,0,0,0,0,3.1,0
PAI-01254,Water & Sanitation,Maharashtra,212.6,238.7,29,32,84.8,94.9,7,2,0,1,0,0,14.3,1
PAI-01255,Urban Transit,Karnataka,378.0,424.9,57,34,75.2,71.9,13,4,0,0,0,0,13.7,1
PAI-01256,Water & Sanitation,Maharashtra,124.2,137.5,31,33,100.0,100.0,6,1,1,0,0,1,-3.3,1
PAI-01257,Industrial Corridors,Gujarat,156.5,165.2,64,30,52.4,45.8,16,0,0,0,1,0,-0.9,0
PAI-01258,Ports,Kerala,396.8,430.9,22,40,87.4,100.0,8,1,1,0,0,0,-2.4,1
PAI-01259,Industrial Corridors,Rajasthan,128.0,133.5,48,58,100.0,100.0,13,1,0,1,0,0,8.7,1
PAI-01260,Water & Sanitation,Jharkhand,214.7,220.6,42,48,89.8,100.0,12,0,0,0,0,0,2.4,0
PAI-01261,Urban Transit,Maharashtra,78.2,81.6,28,8,17.4,24.2,5,1,0,0,0,0,-0.8,0
PAI-01262,Power,Andhra Pradesh,256.7,261.0,64,78,100.0,92.6,19,0,0,0,0,0,-4.9,1
PAI-01263,Airports,Maharashtra,312.5,312.5,39,10,29.2,34.4,13,2,0,0,0,0,1.4,1
PAI-01264,Railways,Tamil Nadu,222.4,233.9,37,49,93.5,78.6,8,0,1,0,0,0,-3.5,1
PAI-01265,Roads,Karnataka,312.5,328.0,35,57,91.9,95.6,10,1,0,0,0,0,2.9,0
PAI-01266,Roads,Rajasthan,188.3,195.2,70,81,80.1,78.6,21,0,0,0,0,0,0.4,0
PAI-01267,Power,Telangana,99.0,103.7,52,8,11.7,3.6,11,1,0,0,0,0,3.6,1
PAI-01268,Power,Bihar,398.6,411.3,35,58,100.0,98.6,9,1,0,0,0,0,1.5,1
PAI-01269,Power,Uttar Pradesh,709.4,718.9,43,29,48.3,49.9,10,0,0,0,0,0,-4.0,0
PAI-01270,Railways,Gujarat,83.8,86.4,79,76,84.3,81.7,14,1,0,0,0,0,8.6,0
PAI-01271,Railways,Rajasthan,482.5,493.6,49,60,100.0,100.0,12,0,1,0,0,0,0.3,0
PAI-01272,Water & Sanitation,Uttar Pradesh,178.5,206.4,38,80,100.0,98.6,10,1,1,0,1,0,5.2,0
PAI-01273,Power,Madhya Pradesh,1897.9,1958.2,53,34,73.0,75.0,11,1,0,0,0,0,14.3,1
PAI-01274,Urban Transit,Odisha,1274.4,1314.1,51,38,60.2,52.3,15,1,0,0,0,1,2.7,0
PAI-01275,Roads,Kerala,464.5,537.2,69,28,32.8,18.7,16,4,1,0,1,0,6.1,1
PAI-01276,Railways,Odisha,607.9,635.5,55,50,91.7,100.0,13,1,0,0,0,0,0.1,0
PAI-01277,Roads,Andhra Pradesh,150.9,165.6,72,47,61.2,69.0,20,2,1,0,0,0,10.4,1
PAI-01278,Urban Transit,Karnataka,149.2,152.7,49,28,60.4,59.2,12,1,0,0,0,0,3.3,0
PAI-01279,Ports,Maharashtra,106.8,121.5,25,55,96.4,99.7,7,2,1,0,1,0,3.4,1
PAI-01280,Water & Sanitation,Uttar Pradesh,285.9,295.4,12,31,96.1,87.4,4,0,0,0,0,0,1.4,0
PAI-01281,Power,Maharashtra,454.6,457.1,53,33,77.1,69.3,16,1,0,0,0,0,6.4,0
PAI-01282,Roads,Telangana,204.5,208.1,63,33,61.5,64.8,17,1,0,0,0,0,-0.4,1
PAI-01283,Roads,Andhra Pradesh,293.1,304.3,23,50,97.2,92.4,6,1,0,0,0,0,1.4,0
PAI-01284,Railways,Rajasthan,626.9,699.0,29,11,25.5,44.9,9,1,1,0,1,0,9.5,0
PAI-01285,Industrial Corridors,Uttar Pradesh,77.8,81.9,40,32,73.3,78.7,9,0,0,0,0,1,2.2,0
PAI-01286,Roads,Rajasthan,567.0,635.9,47,73,99.1,99.7,14,1,1,0,0,1,1.9,1
PAI-01287,Roads,Odisha,81.5,85.6,41,80,96.2,80.3,13,0,0,1,0,0,0.6,0
PAI-01288,Roads,Maharashtra,842.0,912.4,12,63,97.5,100.0,4,1,0,0,1,0,9.4,1
PAI-01289,Ports,Maharashtra,94.6,103.0,54,77,100.0,100.0,13,2,1,0,0,0,8.6,0
PAI-01290,Railways,Bihar,175.1,175.1,31,68,92.4,81.6,9,0,0,0,0,0,-2.9,0
PAI-01291,Roads,Jharkhand,96.4,106.6,27,66,85.6,85.5,8,3,0,1,0,0,3.7,0
PAI-01292,Railways,Telangana,358.5,359.1,34,51,97.7,93.7,4,0,0,0,0,0,1.3,0
PAI-01293,Roads,Tamil Nadu,136.6,153.7,32,57,92.2,93.3,13,0,1,1,0,0,5.2,0
PAI-01294,Railways,Maharashtra,287.7,298.4,48,9,12.6,24.2,12,0,1,0,0,0,-1.2,0
PAI-01295,Railways,Rajasthan,179.1,204.9,27,46,100.0,100.0,7,1,1,1,0,0,5.4,1
PAI-01296,Industrial Corridors,Karnataka,467.4,486.4,22,23,100.0,92.4,8,1,0,0,0,0,-6.6,0
PAI-01297,Industrial Corridors,Rajasthan,733.1,783.5,18,56,100.0,97.7,5,1,0,0,0,0,-2.0,0
PAI-01298,Urban Transit,Andhra Pradesh,139.8,142.0,42,73,87.2,84.9,9,0,0,0,0,0,0.3,0
PAI-01299,Power,Maharashtra,418.9,421.3,62,9,10.0,4.3,15,0,0,0,0,0,-2.2,1
PAI-01300,Industrial Corridors,Bihar,361.4,361.4,37,7,21.4,25.6,7,2,0,0,0,0,-6.4,0
PAI-01301,Airports,Uttar Pradesh,194.6,205.3,33,14,44.1,43.2,9,1,0,0,0,1,2.6,0
PAI-01302,Railways,West Bengal,2104.3,2289.8,64,15,16.1,9.6,12,2,1,0,0,0,0.6,1
PAI-01303,Railways,Tamil Nadu,93.7,98.7,64,34,67.2,66.9,15,3,0,0,0,0,14.4,0
PAI-01304,Urban Transit,Andhra Pradesh,98.2,104.3,28,49,93.0,90.7,10,0,0,0,0,1,-3.0,0
PAI-01305,Power,Karnataka,548.7,585.8,41,63,93.2,99.8,12,1,1,0,0,0,6.0,0
PAI-01306,Ports,Andhra Pradesh,407.7,410.9,44,66,91.6,98.7,15,1,0,0,0,0,10.6,1
PAI-01307,Industrial Corridors,West Bengal,256.7,288.6,46,21,50.0,46.7,10,2,0,0,1,0,3.9,1
PAI-01308,Railways,Uttar Pradesh,242.7,245.8,31,30,98.6,92.6,8,0,1,0,0,0,1.2,0
PAI-01309,Roads,West Bengal,322.5,322.6,31,72,90.5,89.2,4,1,0,1,0,0,3.5,1
PAI-01310,Urban Transit,Jharkhand,120.3,123.9,38,33,86.2,79.2,9,0,1,0,0,0,0.9,0
PAI-01311,Roads,Bihar,138.4,154.8,36,25,61.1,62.1,9,1,0,0,1,1,2.3,1
PAI-01312,Roads,Madhya Pradesh,178.3,184.2,55,53,97.8,89.8,9,1,0,0,0,0,11.3,0
PAI-01313,Railways,Odisha,359.6,394.7,34,77,93.9,100.0,11,2,1,0,0,0,2.7,0
PAI-01314,Industrial Corridors,Madhya Pradesh,89.0,93.7,40,56,100.0,94.3,5,0,1,0,0,0,6.0,0
PAI-01315,Power,Jharkhand,329.7,341.2,33,75,96.4,100.0,8,0,0,0,0,0,4.4,0
PAI-01316,Railways,Haryana,116.4,130.1,28,43,96.2,94.5,8,1,1,0,1,0,1.7,0
PAI-01317,Ports,Kerala,204.0,214.9,57,6,28.8,28.1,16,1,0,0,0,1,1.5,0
PAI-01318,Roads,Telangana,261.0,297.2,42,84,98.7,76.3,13,3,1,0,0,0,6.4,1
PAI-01319,Roads,Tamil Nadu,166.0,180.1,60,59,100.0,94.4,16,0,1,0,0,1,1.7,1
PAI-01320,Airports,Odisha,208.2,216.8,46,15,34.9,38.7,11,0,0,0,0,0,-3.4,0
PAI-01321,Industrial Corridors,Gujarat,224.0,257.0,30,6,24.6,32.7,6,4,1,0,0,0,13.7,1
PAI-01322,Railways,Odisha,93.5,93.9,51,67,100.0,100.0,15,0,0,0,0,0,-5.6,0
PAI-01323,Railways,Maharashtra,149.9,157.6,13,26,94.3,93.8,6,2,0,0,0,0,13.5,0
PAI-01324,Roads,Telangana,492.4,503.7,65,13,18.8,8.5,18,1,0,0,0,0,2.6,1
PAI-01325,Roads,Madhya Pradesh,624.3,658.7,27,62,92.5,73.6,6,1,0,0,0,1,-2.9,1
PAI-01326,Urban Transit,Jharkhand,375.0,378.0,69,62,95.4,96.4,19,0,0,0,0,0,6.3,0
PAI-01327,Power,Kerala,168.8,168.8,62,70,90.0,96.6,15,1,0,0,0,0,-3.4,0
PAI-01328,Industrial Corridors,Haryana,538.6,626.8,53,74,100.0,100.0,10,0,1,1,1,0,4.4,1
PAI-01329,Airports,Kerala,363.5,410.8,33,30,88.7,85.5,13,2,1,1,0,0,0.2,0
PAI-01330,Urban Transit,Jharkhand,314.6,322.8,50,14,19.9,16.0,11,1,0,0,0,0,4.5,0
PAI-01331,Urban Transit,Odisha,263.6,272.8,56,50,93.0,100.0,14,1,0,0,0,0,-4.9,0
PAI-01332,Railways,Madhya Pradesh,83.4,90.2,42,62,100.0,95.7,12,1,0,0,0,1,1.5,0
PAI-01333,Urban Transit,Uttar Pradesh,116.8,116.9,23,17,77.0,93.6,4,1,0,0,0,0,2.8,0
PAI-01334,Power,Odisha,100.2,101.8,21,9,47.0,46.4,8,0,0,0,0,0,4.0,1
PAI-01335,Water & Sanitation,Karnataka,46.7,53.7,12,29,100.0,100.0,4,2,1,0,0,1,9.4,1
PAI-01336,Urban Transit,Telangana,321.5,348.2,50,39,65.5,63.1,13,1,0,1,1,0,1.1,0
PAI-01337,Roads,Karnataka,514.5,563.1,30,23,85.1,94.6,9,1,1,0,0,0,-3.3,0
PAI-01338,Roads,Rajasthan,90.2,92.9,49,21,50.6,54.7,12,1,0,0,0,0,6.2,1
PAI-01339,Urban Transit,Gujarat,272.0,288.1,46,55,100.0,100.0,12,0,0,0,0,1,4.4,1
PAI-01340,Roads,Kerala,389.0,439.9,60,79,86.1,73.0,18,1,1,0,1,0,3.2,0
PAI-01341,Ports,Maharashtra,374.4,399.8,27,62,100.0,95.4,9,3,0,1,0,0,2.9,0
PAI-01342,Railways,Maharashtra,110.3,117.8,60,75,95.1,100.0,14,1,1,0,0,0,-1.3,1
PAI-01343,Roads,Haryana,197.6,234.0,49,52,94.5,99.7,15,2,1,0,1,1,0.7,1
PAI-01344,Power,Gujarat,348.3,352.9,42,8,9.2,20.8,10,2,0,0,0,0,9.4,0
PAI-01345,Railways,Gujarat,291.7,322.5,43,11,19.6,5.5,10,1,0,0,1,0,-1.1,1
PAI-01346,Railways,Haryana,657.4,657.4,36,32,73.9,75.8,10,0,0,0,0,0,-6.0,0
PAI-01347,Railways,Bihar,109.5,111.9,61,73,89.5,96.0,16,1,0,1,0,0,4.3,1
PAI-01348,Ports,Haryana,526.4,570.1,42,53,100.0,100.0,9,0,1,1,0,0,4.8,1
PAI-01349,Power,Karnataka,112.1,117.0,47,31,79.7,71.5,14,1,0,0,0,0,2.1,1
PAI-01350,Railways,Jharkhand,306.5,308.3,34,44,88.2,93.2,9,0,0,0,0,0,0.6,0
PAI-01351,Water & Sanitation,Maharashtra,151.6,154.4,73,40,61.1,57.8,17,1,0,0,0,0,-1.3,1
PAI-01352,Water & Sanitation,Andhra Pradesh,71.1,76.3,46,77,92.6,91.3,13,1,1,1,0,0,3.5,1
PAI-01353,Railways,Bihar,720.9,720.9,12,74,100.0,91.4,4,0,0,0,0,0,-4.1,0
PAI-01354,Urban Transit,Kerala,1074.6,1095.6,58,45,84.1,86.2,14,2,0,0,0,0,12.8,0
PAI-01355,Urban Transit,Telangana,464.4,473.6,44,6,1.0,9.0,10,1,0,0,0,0,3.4,1
PAI-01356,Power,Telangana,211.9,213.9,68,16,28.2,33.5,18,2,0,1,0,0,3.8,1
PAI-01357,Airports,Karnataka,63.5,65.7,12,77,100.0,93.2,5,2,0,0,0,0,10.9,0
PAI-01358,Roads,Rajasthan,486.2,522.2,55,64,97.0,100.0,14,1,0,1,0,0,6.8,0
PAI-01359,Water & Sanitation,Jharkhand,96.5,99.9,43,36,92.9,77.6,11,0,0,0,0,0,-3.3,0
PAI-01360,Railways,West Bengal,127.9,127.9,41,42,97.7,100.0,11,0,1,0,0,0,-7.9,0
PAI-01361,Ports,Uttar Pradesh,1582.4,1642.5,32,33,100.0,100.0,8,0,0,1,0,0,-2.0,0
PAI-01362,Water & Sanitation,Rajasthan,314.5,356.8,29,59,96.9,100.0,9,3,0,0,0,1,7.8,1
PAI-01363,Ports,Bihar,2074.2,2334.1,25,54,92.8,95.0,4,2,1,1,0,0,2.3,1
PAI-01364,Water & Sanitation,Andhra Pradesh,234.6,246.5,36,63,88.0,79.5,11,0,1,0,0,0,6.3,0
PAI-01365,Industrial Corridors,Maharashtra,60.0,64.3,38,69,91.1,89.8,9,0,0,1,1,0,2.5,0
PAI-01366,Ports,Gujarat,953.9,1123.1,74,67,92.3,89.0,20,2,1,0,1,0,12.5,1
PAI-01367,Roads,Karnataka,331.2,372.6,79,50,62.6,75.2,19,1,1,0,0,1,2.3,1
PAI-01368,Railways,Maharashtra,111.7,119.3,33,76,96.2,83.9,10,0,1,1,0,0,4.4,1
PAI-01369,Railways,Odisha,548.1,611.5,51,10,25.4,20.9,17,2,1,0,0,1,4.7,0
PAI-01370,Ports,Telangana,167.2,190.4,61,81,100.0,100.0,16,1,1,0,0,1,4.1,1
PAI-01371,Urban Transit,Kerala,149.1,168.9,28,31,100.0,99.1,9,5,0,1,0,1,8.3,1
PAI-01372,Power,Odisha,139.7,146.7,19,83,96.3,93.4,5,1,0,0,1,0,-0.3,0
PAI-01373,Roads,West Bengal,97.0,112.5,37,64,100.0,91.1,5,1,1,0,1,0,0.6,1
PAI-01374,Ports,Bihar,187.2,195.3,33,42,97.2,100.0,10,0,1,0,0,0,3.5,0
PAI-01375,Ports,Maharashtra,105.3,113.2,35,57,100.0,97.6,8,0,0,1,0,1,4.0,0
PAI-01376,Railways,Bihar,653.9,760.4,42,8,2.9,8.8,9,2,1,1,0,1,6.3,1
PAI-01377,Water & Sanitation,Maharashtra,986.5,997.7,34,13,38.4,25.3,7,0,0,0,0,0,0.4,0
PAI-01378,Railways,Maharashtra,467.3,467.3,50,33,76.4,85.7,14,0,1,0,0,0,-4.6,0
PAI-01379,Airports,Telangana,167.7,176.1,35,79,92.4,89.0,8,0,1,0,0,0,4.3,1
PAI-01380,Airports,West Bengal,181.3,182.7,60,27,47.4,35.3,13,0,0,0,0,0,-5.0,0
PAI-01381,Water & Sanitation,Tamil Nadu,68.6,69.6,34,10,26.1,38.9,6,1,0,0,0,1,-1.9,0
PAI-01382,Urban Transit,Bihar,130.8,137.8,13,16,94.0,100.0,4,0,0,0,0,1,-5.8,0
PAI-01383,Railways,Telangana,274.0,309.6,21,82,100.0,92.8,4,2,1,0,0,0,-0.8,1
PAI-01384,Railways,Jharkhand,107.7,107.9,51,6,7.9,9.7,14,0,0,0,0,0,-4.7,0
PAI-01385,Ports,Bihar,270.4,282.1,56,33,65.7,66.7,13,3,0,0,0,0,1.5,0
PAI-01386,Airports,Telangana,160.6,164.6,43,14,29.9,26.1,14,0,1,0,0,0,-4.6,1
PAI-01387,Power,West Bengal,278.5,296.8,38,39,94.4,100.0,13,3,0,1,0,0,10.1,0
PAI-01388,Railways,Maharashtra,119.1,129.8,34,53,100.0,94.4,8,1,0,0,1,0,6.6,0
PAI-01389,Industrial Corridors,Maharashtra,53.7,54.1,52,29,58.2,67.1,12,2,0,0,0,0,2.9,0
PAI-01390,Water & Sanitation,Gujarat,177.1,197.4,43,80,93.8,100.0,13,2,0,0,0,1,6.1,1
PAI-01391,Roads,Madhya Pradesh,209.4,218.9,25,14,69.0,80.9,7,2,0,0,0,1,6.2,1
PAI-01392,Roads,Gujarat,211.1,219.9,18,54,100.0,98.3,5,0,0,0,0,0,-8.0,1
PAI-01393,Roads,Jharkhand,378.3,425.4,46,42,93.2,100.0,8,3,1,0,0,0,7.1,1
PAI-01394,Industrial Corridors,Uttar Pradesh,459.0,499.6,42,27,88.4,91.4,12,4,1,0,0,0,11.3,1
PAI-01395,Industrial Corridors,Maharashtra,79.7,79.7,27,45,85.0,77.5,4,0,0,0,0,0,3.6,0
PAI-01396,Power,Odisha,342.6,359.6,22,24,100.0,100.0,4,1,0,0,0,0,13.7,1
PAI-01397,Airports,Odisha,1126.6,1255.2,47,82,100.0,93.7,12,1,0,0,1,0,10.9,1
PAI-01398,Railways,Telangana,117.3,122.9,38,75,94.3,72.6,9,1,1,0,0,0,4.2,0
PAI-01399,Power,Gujarat,658.8,686.8,44,79,84.5,94.5,12,0,0,0,1,0,-3.7,0
PAI-01400,Urban Transit,Telangana,134.1,148.7,59,16,24.5,23.0,13,3,0,0,0,1,3.2,0
PAI-01401,Urban Transit,Madhya Pradesh,115.5,120.1,39,18,46.5,58.0,8,1,1,0,0,0,5.1,1
PAI-01402,Water & Sanitation,Andhra Pradesh,61.2,62.4,55,47,74.8,87.3,16,0,0,0,0,0,1.1,0
PAI-01403,Roads,Jharkhand,1435.9,1483.7,56,78,100.0,100.0,9,0,0,0,0,0,-0.3,0
PAI-01404,Industrial Corridors,Rajasthan,734.3,817.1,46,66,100.0,93.6,14,0,1,0,1,0,-2.3,1
PAI-01405,Water & Sanitation,Bihar,245.9,254.7,42,66,100.0,94.9,11,0,0,0,0,0,5.0,0
PAI-01406,Airports,Uttar Pradesh,92.5,93.9,41,56,92.8,97.0,11,1,0,0,0,0,1.4,0
PAI-01407,Water & Sanitation,Jharkhand,186.8,189.9,64,32,55.0,50.9,18,1,0,0,0,0,-3.6,0
PAI-01408,Industrial Corridors,Uttar Pradesh,333.2,378.8,64,15,15.9,17.5,18,2,1,0,0,0,10.6,1
PAI-01409,Urban Transit,Kerala,488.1,513.5,31,84,94.4,100.0,8,0,0,0,0,0,-4.1,0
PAI-01410,Ports,Madhya Pradesh,380.7,401.2,53,84,100.0,92.8,14,0,1,0,0,0,-3.2,0
PAI-01411,Airports,Andhra Pradesh,151.3,154.0,57,75,95.4,100.0,14,2,0,0,0,0,7.1,0
PAI-01412,Water & Sanitation,Gujarat,196.2,205.7,75,84,87.7,96.4,19,2,0,0,0,0,4.4,0
PAI-01413,Railways,Tamil Nadu,535.8,617.7,41,71,96.9,72.7,10,1,1,0,1,0,3.0,1
PAI-01414,Water & Sanitation,Telangana,387.6,401.9,71,10,28.0,37.2,12,1,0,0,0,0,10.7,0
PAI-01415,Roads,Bihar,122.5,136.5,32,21,71.2,62.8,8,2,1,0,0,0,8.1,0
PAI-01416,Roads,Haryana,176.3,183.5,48,83,100.0,96.5,9,1,0,0,0,0,6.9,0
PAI-01417,Power,Gujarat,540.8,559.0,22,65,100.0,95.2,4,2,1,0,0,0,1.9,0
PAI-01418,Ports,Andhra Pradesh,306.5,338.4,33,73,96.6,100.0,9,0,1,1,1,0,2.9,0
PAI-01419,Power,Bihar,851.8,877.2,45,71,79.8,91.4,9,0,0,0,0,0,3.7,0
PAI-01420,Urban Transit,Gujarat,104.2,107.9,40,52,92.3,80.5,8,0,0,0,0,0,-12.0,1
PAI-01421,Railways,Odisha,1635.8,1744.8,33,75,98.1,100.0,8,0,1,0,1,0,6.7,0
PAI-01422,Industrial Corridors,Jharkhand,178.1,185.3,55,82,98.7,98.4,13,0,1,0,0,0,3.6,1
PAI-01423,Water & Sanitation,Tamil Nadu,732.0,749.5,23,36,100.0,100.0,4,0,0,0,0,0,-4.2,0
PAI-01424,Urban Transit,Karnataka,443.5,449.5,35,6,17.4,7.4,10,1,0,0,0,0,1.0,0
PAI-01425,Urban Transit,Kerala,301.6,314.3,49,15,47.5,43.4,13,1,0,0,0,0,5.7,0
PAI-01426,Industrial Corridors,Andhra Pradesh,279.0,290.8,62,36,50.3,40.8,17,0,0,1,0,0,1.7,1
PAI-01427,Power,Jharkhand,170.2,177.6,61,34,60.0,62.0,14,1,1,0,0,0,1.3,1
PAI-01428,Railways,Jharkhand,54.2,63.3,47,82,100.0,93.8,10,0,1,1,0,1,3.8,1
PAI-01429,Urban Transit,Telangana,810.7,873.8,51,74,97.0,100.0,13,0,1,1,0,0,0.1,0
PAI-01430,Urban Transit,Kerala,200.2,229.6,53,74,91.5,86.1,12,2,1,0,0,0,20.2,1
PAI-01431,Power,Uttar Pradesh,86.2,90.6,53,69,100.0,93.3,15,0,0,0,0,0,-2.3,0
PAI-01432,Airports,Haryana,346.6,359.1,39,80,97.6,81.0,12,0,0,0,0,0,-3.1,0
PAI-01433,Urban Transit,Telangana,306.0,339.2,64,79,84.2,99.3,17,2,0,1,1,0,2.0,1
PAI-01434,Railways,Karnataka,584.1,638.3,19,31,100.0,100.0,5,1,1,0,0,0,6.7,0
PAI-01435,Railways,Andhra Pradesh,238.2,245.9,41,12,38.9,24.9,10,1,0,0,0,0,-0.9,1
PAI-01436,Roads,Odisha,149.5,157.9,26,72,97.2,98.2,5,0,1,0,0,0,1.0,1
PAI-01437,Power,West Bengal,351.6,381.0,27,68,100.0,99.0,9,1,0,0,1,0,-0.1,1
PAI-01438,Roads,Bihar,406.1,415.9,54,19,31.2,37.4,12,1,0,0,0,0,-2.7,0
PAI-01439,Railways,Karnataka,189.0,194.2,14,67,100.0,85.9,6,1,0,0,0,0,-3.7,1
PAI-01440,Urban Transit,Odisha,1160.6,1198.7,42,17,28.6,44.5,12,0,0,0,0,0,-5.8,0
PAI-01441,Urban Transit,Gujarat,108.3,118.9,71,48,76.2,63.5,16,2,0,0,0,1,5.0,0
PAI-01442,Airports,Uttar Pradesh,364.4,405.8,67,7,19.0,18.2,19,4,0,0,0,0,10.3,1
PAI-01443,Power,West Bengal,170.3,185.4,20,73,100.0,89.6,4,1,0,0,0,1,9.5,1
PAI-01444,Industrial Corridors,Uttar Pradesh,272.0,280.3,27,70,100.0,100.0,5,2,1,0,0,0,7.2,0
PAI-01445,Water & Sanitation,Odisha,264.5,275.7,17,53,100.0,100.0,4,0,0,1,0,0,2.8,1
PAI-01446,Industrial Corridors,Rajasthan,243.3,261.8,43,47,100.0,83.7,12,1,1,0,1,0,1.7,0
PAI-01447,Roads,Karnataka,234.5,241.2,15,72,89.9,87.8,4,0,0,0,0,0,-5.7,0
PAI-01448,Water & Sanitation,Madhya Pradesh,74.6,77.0,69,24,33.7,31.4,19,0,0,0,0,1,-3.6,1
PAI-01449,Roads,Telangana,618.4,744.7,49,15,44.4,50.1,12,3,1,1,1,0,5.6,1
PAI-01450,Power,Telangana,259.6,268.1,34,10,33.0,29.3,6,0,0,0,0,0,-6.3,0
PAI-01451,Airports,Tamil Nadu,272.5,288.2,30,45,84.2,72.9,12,1,0,0,0,0,13.6,0
PAI-01452,Water & Sanitation,Andhra Pradesh,110.3,114.3,56,83,100.0,100.0,16,0,0,1,0,0,-2.9,0
PAI-01453,Railways,Kerala,182.0,184.8,35,69,93.5,100.0,8,0,0,0,0,0,5.9,0
PAI-01454,Ports,Uttar Pradesh,167.2,185.5,38,51,100.0,100.0,10,2,0,1,0,1,11.1,0
PAI-01455,Water & Sanitation,Telangana,275.9,299.1,22,74,100.0,100.0,5,3,1,0,0,0,0.5,1
PAI-01456,Power,Rajasthan,141.1,161.7,45,83,85.2,85.9,11,2,1,1,0,1,4.7,1
PAI-01457,Urban Transit,Haryana,523.3,524.5,61,8,10.2,13.6,18,0,0,0,0,0,1.9,0
PAI-01458,Roads,Kerala,223.6,251.8,33,30,100.0,97.0,10,2,0,1,0,1,5.1,1
PAI-01459,Railways,Telangana,561.9,642.7,25,84,98.5,95.5,4,2,1,1,0,0,12.9,1
PAI-01460,Railways,Odisha,752.2,781.4,29,53,96.3,94.1,12,2,1,0,0,0,0.4,1
PAI-01461,Urban Transit,Bihar,106.5,108.5,39,60,94.4,97.1,7,0,0,0,0,0,2.4,0
PAI-01462,Power,Uttar Pradesh,473.1,484.0,34,64,100.0,97.2,9,0,0,0,0,0,9.3,0
PAI-01463,Ports,Haryana,454.9,481.4,37,62,91.9,92.4,9,0,1,1,0,0,-2.8,1
PAI-01464,Urban Transit,Bihar,141.6,144.9,44,42,100.0,100.0,14,1,0,0,0,0,2.0,1
PAI-01465,Railways,Bihar,352.1,362.7,39,21,58.1,47.2,11,0,0,0,0,0,0.6,0
PAI-01466,Roads,Odisha,1478.7,1711.4,49,74,98.5,95.9,13,2,1,0,1,0,0.6,1
PAI-01467,Ports,Andhra Pradesh,218.9,225.0,47,26,61.3,56.1,12,0,0,0,0,0,-6.3,0
PAI-01468,Power,Tamil Nadu,268.2,271.2,37,82,100.0,100.0,9,0,0,0,0,0,6.6,0
PAI-01469,Ports,Gujarat,567.1,579.2,16,44,100.0,79.3,6,2,0,0,0,0,7.0,0
PAI-01470,Industrial Corridors,West Bengal,304.6,318.2,52,32,59.6,72.8,15,1,0,0,0,1,1.3,0
PAI-01471,Urban Transit,Andhra Pradesh,134.8,157.3,66,15,36.9,30.9,13,0,0,0,1,1,2.2,1
PAI-01472,Urban Transit,Bihar,1612.4,1813.8,26,82,92.9,99.0,10,3,0,0,1,0,8.7,1
PAI-01473,Roads,Tamil Nadu,96.6,98.8,35,14,43.0,40.7,10,2,0,1,0,0,4.7,0
PAI-01474,Roads,Tamil Nadu,513.7,529.9,35,33,100.0,100.0,7,1,0,0,0,0,-4.7,0
PAI-01475,Railways,Telangana,296.5,302.0,60,75,100.0,95.1,12,0,1,0,0,0,-0.3,0
PAI-01476,Industrial Corridors,Telangana,339.7,352.1,41,42,86.3,93.6,10,0,0,1,0,0,-1.3,0
PAI-01477,Ports,Kerala,153.8,161.1,15,57,100.0,95.8,4,2,0,0,0,1,1.7,0
PAI-01478,Railways,Rajasthan,136.7,143.4,27,36,100.0,100.0,8,2,0,0,0,0,7.1,1
PAI-01479,Ports,Gujarat,538.8,592.1,62,55,88.8,100.0,16,3,1,0,0,0,4.2,1
PAI-01480,Water & Sanitation,Uttar Pradesh,404.4,406.9,61,69,90.5,80.6,16,0,0,0,0,0,1.9,1
PAI-01481,Railways,Telangana,163.9,186.9,49,84,93.0,82.5,14,2,0,0,0,1,8.0,0
PAI-01482,Power,West Bengal,185.1,196.6,49,57,100.0,100.0,15,3,1,0,0,0,1.3,1
PAI-01483,Railways,Uttar Pradesh,833.0,868.7,63,19,31.9,33.2,16,0,0,0,0,0,-11.1,0
PAI-01484,Roads,Bihar,484.1,500.3,31,15,43.2,48.2,8,0,0,0,0,0,3.3,0
PAI-01485,Power,Haryana,418.4,458.8,50,63,81.7,74.3,16,0,1,0,0,0,2.2,0
PAI-01486,Railways,Haryana,110.2,130.1,24,21,100.0,90.7,7,3,1,0,0,1,12.0,1
PAI-01487,Industrial Corridors,Rajasthan,506.7,516.7,13,45,98.0,90.6,4,0,0,0,0,0,-5.7,1
PAI-01488,Roads,Tamil Nadu,263.2,265.9,40,63,100.0,100.0,8,1,1,0,0,0,-1.1,1
PAI-01489,Power,Uttar Pradesh,249.3,256.4,47,14,25.0,28.8,11,0,0,0,0,0,0.7,0
PAI-01490,Roads,Kerala,118.1,121.5,52,51,98.9,100.0,14,1,0,0,0,0,0.0,1
PAI-01491,Industrial Corridors,Kerala,991.9,1007.3,46,43,88.1,100.0,9,0,0,0,0,0,6.0,1
PAI-01492,Industrial Corridors,Tamil Nadu,404.8,407.5,48,13,32.6,40.8,13,0,0,0,0,0,0.3,0
PAI-01493,Urban Transit,Haryana,405.2,409.6,36,79,94.7,99.8,9,0,0,0,0,0,4.4,1
PAI-01494,Railways,Andhra Pradesh,93.6,96.0,35,33,99.9,93.8,12,0,0,1,0,0,4.6,1
PAI-01495,Industrial Corridors,Uttar Pradesh,388.3,393.6,31,7,17.1,22.3,10,1,0,0,0,0,3.9,0
PAI-01496,Water & Sanitation,Karnataka,154.9,170.0,47,74,100.0,100.0,14,1,1,0,0,1,0.5,1
PAI-01497,Urban Transit,Kerala,78.2,81.2,52,29,50.8,61.9,13,0,0,0,0,0,-3.6,0
PAI-01498,Airports,Uttar Pradesh,62.8,68.1,26,77,97.7,89.4,4,1,1,0,0,0,6.5,1
PAI-01499,Power,Madhya Pradesh,321.0,350.5,12,58,100.0,90.3,4,0,1,1,0,0,4.0,1
PAI-01500,Railways,West Bengal,274.7,285.7,53,37,72.0,87.9,14,2,1,0,0,0,1.3,0
PAI-01501,Roads,Haryana,193.1,200.5,26,32,100.0,100.0,4,3,0,0,0,0,3.6,1
PAI-01502,Railways,Tamil Nadu,174.8,195.1,63,49,85.3,70.6,20,3,0,0,1,0,0.4,0
PAI-01503,Railways,Haryana,363.2,373.8,29,13,42.5,38.7,6,0,0,0,0,0,-1.6,0
PAI-01504,Power,Andhra Pradesh,186.7,192.5,51,28,63.2,61.9,13,0,0,0,0,0,-1.5,0
PAI-01505,Industrial Corridors,Haryana,272.9,289.7,20,83,94.3,97.0,5,0,0,1,1,0,-4.4,0
PAI-01506,Ports,Telangana,342.5,354.4,68,14,18.3,8.8,15,0,1,0,0,0,1.4,1
PAI-01507,Water & Sanitation,West Bengal,1485.8,1557.3,44,52,85.6,90.9,14,1,0,1,0,0,10.8,1
PAI-01508,Water & Sanitation,Rajasthan,81.3,96.3,50,83,86.2,84.8,15,3,1,0,0,1,13.9,1
PAI-01509,Railways,West Bengal,231.5,235.8,33,45,100.0,100.0,7,0,0,0,0,0,1.0,0
PAI-01510,Water & Sanitation,Maharashtra,424.1,435.9,32,8,20.9,0.0,7,0,1,0,0,0,-5.3,1
PAI-01511,Railways,Jharkhand,583.2,678.1,43,58,100.0,100.0,9,0,1,1,0,1,-2.9,1
PAI-01512,Water & Sanitation,Odisha,657.2,708.8,51,42,92.6,91.0,14,2,0,0,1,1,-0.6,0
PAI-01513,Airports,Gujarat,191.9,208.1,59,51,93.3,100.0,14,3,0,1,0,0,14.8,1
PAI-01514,Power,Maharashtra,43.3,46.4,39,46,92.3,91.2,9,1,0,1,0,0,7.1,0
PAI-01515,Roads,Telangana,97.7,107.1,42,83,91.6,100.0,11,2,1,0,0,0,15.6,0
PAI-01516,Railways,Telangana,313.4,324.7,58,32,52.8,50.2,13,1,1,0,0,0,-3.9,1
PAI-01517,Urban Transit,Madhya Pradesh,310.1,324.4,33,75,100.0,97.3,4,1,0,1,0,0,3.0,0
PAI-01518,Industrial Corridors,Jharkhand,164.0,176.7,48,78,93.4,93.7,14,1,1,0,0,0,10.1,1
PAI-01519,Power,Odisha,353.8,365.2,56,39,69.0,84.6,12,1,0,1,0,0,0.9,1
PAI-01520,Ports,Tamil Nadu,116.7,120.6,39,75,100.0,93.8,9,0,0,1,0,0,-1.2,1
PAI-01521,Railways,Kerala,126.7,133.4,42,41,100.0,100.0,12,0,1,1,0,0,-2.2,1
PAI-01522,Power,Bihar,183.9,183.9,51,63,92.6,93.5,14,0,0,0,0,0,1.1,0
PAI-01523,Urban Transit,Odisha,206.8,215.0,42,19,51.0,54.7,9,1,0,0,0,0,-4.9,0
PAI-01524,Roads,Andhra Pradesh,433.9,454.7,38,48,100.0,93.6,11,0,0,0,0,1,-2.2,0
PAI-01525,Roads,Haryana,515.5,515.5,37,66,84.7,83.1,12,0,0,0,0,0,-4.6,0
PAI-01526,Railways,Uttar Pradesh,371.3,378.0,47,21,50.9,36.4,16,0,0,0,0,0,-1.4,0
PAI-01527,Railways,Madhya Pradesh,407.9,407.9,43,43,90.9,100.0,10,0,0,1,0,0,1.7,0
PAI-01528,Roads,Maharashtra,325.9,334.4,62,8,1.0,0.0,15,1,0,0,0,0,5.0,0
PAI-01529,Urban Transit,Kerala,325.3,335.0,29,77,100.0,98.4,8,1,0,0,0,0,7.8,1
PAI-01530,Railways,Kerala,217.5,245.7,35,59,91.7,99.1,7,1,1,1,0,0,6.3,1
PAI-01531,Ports,Kerala,730.2,736.7,34,22,68.1,61.1,8,1,0,0,0,0,10.7,0
PAI-01532,Water & Sanitation,Uttar Pradesh,154.4,158.2,53,33,68.4,60.5,17,1,0,0,0,0,-2.2,1
PAI-01533,Roads,Bihar,411.2,423.0,41,48,98.5,99.2,11,1,0,0,0,0,-3.9,0
PAI-01534,Water & Sanitation,Gujarat,216.2,216.2,63,49,78.2,88.8,14,0,0,0,0,0,3.0,0
PAI-01535,Industrial Corridors,West Bengal,227.8,235.6,34,49,100.0,100.0,8,1,0,0,0,0,-1.8,0
PAI-01536,Urban Transit,Bihar,568.8,583.7,35,46,100.0,100.0,10,2,0,0,0,0,1.5,0
PAI-01537,Urban Transit,Rajasthan,474.4,486.9,12,72,100.0,98.7,5,0,0,0,0,0,-2.0,0
PAI-01538,Railways,Telangana,721.9,739.2,41,55,92.9,100.0,8,1,1,0,0,0,-7.4,0
PAI-01539,Urban Transit,Haryana,612.2,635.7,40,66,100.0,100.0,9,0,0,0,0,0,4.9,0
PAI-01540,Roads,Karnataka,274.7,299.7,63,62,91.6,70.0,13,3,0,0,0,0,15.1,1
PAI-01541,Railways,Kerala,426.4,456.1,60,71,92.0,92.3,15,1,0,1,0,0,9.8,1
PAI-01542,Ports,Bihar,561.9,570.4,56,72,94.2,84.0,15,0,0,1,0,0,-0.7,1
PAI-01543,Railways,Rajasthan,712.3,785.1,61,61,100.0,100.0,17,2,0,0,0,1,4.9,1
PAI-01544,Airports,Andhra Pradesh,596.9,610.3,37,56,100.0,100.0,8,0,0,0,0,0,0.2,0
PAI-01545,Railways,Maharashtra,382.9,425.5,49,39,85.2,92.5,11,2,0,1,0,1,11.1,0
PAI-01546,Urban Transit,Uttar Pradesh,160.9,167.8,65,71,92.4,70.1,14,0,0,1,0,0,-1.1,0
PAI-01547,Railways,Madhya Pradesh,389.2,402.8,38,25,65.2,59.6,9,0,1,0,0,0,3.4,0
PAI-01548,Water & Sanitation,West Bengal,104.5,116.8,40,24,73.7,78.0,6,1,1,0,0,0,5.9,1
PAI-01549,Water & Sanitation,Andhra Pradesh,326.9,355.2,63,70,95.0,99.3,18,1,1,0,0,0,-1.9,1
PAI-01550,Airports,Maharashtra,370.4,399.2,83,31,38.1,40.2,25,0,1,0,1,0,-8.2,1
PAI-01551,Railways,Telangana,25.0,25.9,24,9,39.5,40.0,4,1,0,0,0,0,2.8,0
PAI-01552,Airports,Telangana,209.6,234.2,37,77,99.8,89.4,8,2,0,0,0,0,7.5,1
PAI-01553,Ports,West Bengal,148.2,164.4,31,42,100.0,95.0,9,1,1,1,0,0,8.5,1
PAI-01554,Urban Transit,West Bengal,677.4,708.1,45,16,32.3,34.2,12,1,0,1,0,0,-3.0,1
PAI-01555,Power,Kerala,206.8,212.6,50,40,87.3,83.3,12,2,0,0,0,0,1.0,0
PAI-01556,Railways,Karnataka,351.7,389.6,30,57,100.0,90.9,8,1,1,0,0,0,-1.1,0
PAI-01557,Railways,Haryana,25.0,27.9,38,47,100.0,88.4,8,1,1,0,0,1,2.3,1
PAI-01558,Roads,Andhra Pradesh,188.8,207.2,30,41,96.0,86.1,7,1,0,0,1,0,7.7,0
PAI-01559,Power,Madhya Pradesh,281.6,286.5,28,42,92.7,91.6,7,1,0,1,0,0,0.6,0
PAI-01560,Power,Maharashtra,320.3,323.8,59,77,100.0,100.0,17,0,0,0,0,0,-2.5,0
PAI-01561,Roads,Andhra Pradesh,233.1,240.3,72,60,81.6,75.9,16,0,1,0,0,0,-2.8,1
PAI-01562,Power,Madhya Pradesh,1101.0,1150.2,41,13,26.2,18.4,11,1,0,0,0,0,5.5,0
PAI-01563,Roads,Jharkhand,90.0,93.1,29,72,93.8,88.1,5,0,0,1,0,0,4.5,1
PAI-01564,Urban Transit,Madhya Pradesh,597.1,662.4,12,67,87.8,76.5,6,1,0,0,1,0,6.8,0
PAI-01565,Railways,Madhya Pradesh,149.0,151.3,30,36,93.2,96.7,12,0,1,0,0,0,3.3,0
PAI-01566,Ports,Haryana,1210.3,1294.9,20,36,91.3,87.5,7,1,1,1,0,0,2.6,1
PAI-01567,Power,Bihar,290.2,303.7,34,42,100.0,92.4,8,1,0,0,0,1,-0.6,0
PAI-01568,Roads,Kerala,632.8,632.8,41,47,100.0,100.0,11,1,0,0,0,0,8.7,0
PAI-01569,Power,Maharashtra,1224.3,1274.3,41,38,95.6,95.1,11,1,0,0,0,0,8.9,0
PAI-01570,Roads,Odisha,231.4,242.0,39,47,94.6,89.2,12,1,1,0,0,0,2.9,0
PAI-01571,Water & Sanitation,Madhya Pradesh,703.4,772.1,26,46,99.8,100.0,5,1,1,0,0,1,-1.7,0
PAI-01572,Railways,Rajasthan,53.7,57.0,38,38,100.0,91.0,14,0,0,1,0,0,-6.1,1
PAI-01573,Railways,Madhya Pradesh,59.8,62.4,55,45,79.3,76.7,18,0,0,0,0,1,1.2,0
PAI-01574,Roads,Uttar Pradesh,401.0,429.1,52,52,100.0,93.8,14,1,1,0,0,1,-1.7,1
PAI-01575,Water & Sanitation,Gujarat,133.0,140.6,18,51,100.0,88.3,6,0,1,1,0,0,4.1,0
PAI-01576,Water & Sanitation,Haryana,178.9,197.8,45,40,88.1,86.2,13,3,1,0,0,0,14.5,0
PAI-01577,Railways,Tamil Nadu,665.8,750.7,52,16,23.3,18.2,9,2,1,0,0,0,9.5,1
PAI-01578,Urban Transit,Tamil Nadu,248.7,249.0,44,66,100.0,100.0,13,0,0,0,0,0,3.2,0
PAI-01579,Industrial Corridors,West Bengal,96.4,104.0,47,59,100.0,89.5,14,1,0,1,0,0,9.2,0
PAI-01580,Industrial Corridors,Haryana,55.9,61.6,49,70,100.0,100.0,12,2,0,1,0,0,6.6,1
PAI-01581,Urban Transit,Haryana,284.1,294.4,49,37,81.1,81.7,12,2,0,0,0,0,8.4,0
PAI-01582,Water & Sanitation,Madhya Pradesh,36.6,38.0,16,56,100.0,92.4,5,1,0,1,0,0,3.6,0
PAI-01583,Roads,Jharkhand,106.3,110.2,44,66,100.0,100.0,13,2,1,0,0,0,5.2,0
PAI-01584,Urban Transit,Telangana,70.8,73.9,16,43,83.3,92.1,4,0,0,0,0,0,-7.0,1
PAI-01585,Roads,Gujarat,413.6,431.1,50,27,67.6,63.2,10,1,1,0,0,0,2.6,1
PAI-01586,Industrial Corridors,Haryana,277.9,288.2,50,78,90.1,87.4,11,0,0,0,0,0,0.8,0
PAI-01587,Roads,Jharkhand,88.8,97.3,37,65,100.0,96.5,10,2,1,0,0,0,0.8,1
PAI-01588,Roads,Uttar Pradesh,262.2,273.5,60,51,80.7,66.8,14,0,1,1,0,0,5.3,1
PAI-01589,Urban Transit,Haryana,999.2,1031.0,65,20,29.3,27.8,18,1,0,0,0,0,5.2,0
PAI-01590,Railways,Haryana,839.1,860.2,45,15,34.6,51.1,12,0,1,0,0,0,-4.1,0
PAI-01591,Airports,Tamil Nadu,158.4,163.8,48,43,96.3,85.2,12,1,0,0,0,0,6.2,1
PAI-01592,Airports,Gujarat,437.6,443.2,33,48,97.9,86.9,10,0,0,0,0,0,-0.1,0
PAI-01593,Power,Bihar,130.3,130.5,33,61,100.0,100.0,11,1,0,0,0,0,5.1,0
PAI-01594,Railways,Maharashtra,39.9,41.2,31,82,100.0,87.7,5,0,0,0,0,0,5.5,0
PAI-01595,Roads,Haryana,158.3,161.4,49,35,67.4,53.1,10,0,0,0,0,0,3.2,0
PAI-01596,Water & Sanitation,West Bengal,680.2,746.6,16,59,88.4,73.1,4,1,0,0,0,1,3.3,0
PAI-01597,Roads,Bihar,252.7,262.9,50,22,45.1,49.6,13,0,0,0,0,0,-0.1,0
PAI-01598,Water & Sanitation,Rajasthan,274.7,286.4,42,49,100.0,88.2,10,0,0,0,0,0,0.3,0
PAI-01599,Railways,Rajasthan,977.4,982.8,59,51,74.4,81.4,15,0,1,0,0,0,-1.3,0
PAI-01600,Industrial Corridors,Gujarat,557.1,580.0,70,40,46.1,44.1,18,0,0,1,0,0,1.7,1
PAI-01601,Railways,Haryana,359.7,369.5,17,49,100.0,100.0,4,1,1,0,0,0,1.1,1
PAI-01602,Industrial Corridors,Odisha,159.1,174.2,51,73,100.0,100.0,16,1,1,1,0,0,6.9,1
PAI-01603,Railways,Jharkhand,334.0,348.1,46,50,96.0,97.0,13,0,0,0,0,0,4.0,0
PAI-01604,Roads,West Bengal,186.6,199.8,62,35,64.6,73.6,15,0,1,1,0,0,5.7,0
PAI-01605,Railways,Tamil Nadu,509.4,560.7,12,71,86.9,89.8,7,1,0,1,1,0,-1.5,0
PAI-01606,Railways,Andhra Pradesh,125.9,131.4,62,73,100.0,81.6,14,1,1,0,0,0,4.9,0
PAI-01607,Urban Transit,Gujarat,69.1,77.4,62,38,66.9,60.7,16,0,1,0,0,0,7.7,0
PAI-01608,Ports,Rajasthan,348.6,370.0,21,47,100.0,97.5,6,1,1,0,0,0,8.8,1
PAI-01609,Urban Transit,West Bengal,248.5,256.0,32,9,21.9,14.8,9,0,0,0,0,0,0.9,1
PAI-01610,Urban Transit,Jharkhand,388.7,429.1,27,36,93.5,95.7,4,3,1,0,0,0,5.9,1
PAI-01611,Airports,Uttar Pradesh,221.6,228.2,24,36,100.0,93.9,4,0,0,0,0,0,-12.0,0
PAI-01612,Power,Bihar,1142.6,1181.4,19,71,96.4,97.7,7,1,0,0,0,0,0.6,0
PAI-01613,Water & Sanitation,Jharkhand,422.3,434.8,27,13,46.2,57.1,9,2,0,0,0,0,7.3,1
PAI-01614,Railways,West Bengal,434.0,456.9,13,18,100.0,89.3,4,2,1,0,0,0,9.2,1
PAI-01615,Urban Transit,Haryana,357.3,364.2,26,42,100.0,95.3,9,0,0,0,0,0,5.0,0
PAI-01616,Railways,Maharashtra,348.1,372.3,62,80,97.8,93.4,16,1,1,0,0,1,0.9,1
PAI-01617,Water & Sanitation,West Bengal,297.0,305.7,47,20,42.1,34.5,14,0,0,0,0,0,-5.8,0
PAI-01618,Industrial Corridors,Telangana,324.0,333.7,46,14,37.4,36.0,12,1,0,0,0,0,4.3,0
PAI-01619,Railways,Andhra Pradesh,509.0,546.7,56,39,67.3,81.6,16,2,1,0,0,1,2.6,1
PAI-01620,Railways,Rajasthan,88.6,96.9,48,29,63.6,70.9,15,2,0,0,0,1,4.2,1
PAI-01621,Industrial Corridors,Andhra Pradesh,369.3,400.2,36,82,96.4,93.4,8,3,0,0,0,0,14.8,1
PAI-01622,Water & Sanitation,Jharkhand,310.1,330.4,53,30,60.7,47.6,12,1,1,0,0,0,-2.9,1
PAI-01623,Railways,Uttar Pradesh,900.0,922.3,55,13,21.3,17.1,12,0,0,0,1,0,-2.1,0
PAI-01624,Roads,Bihar,67.6,79.3,56,63,100.0,86.9,14,1,1,0,1,0,8.5,1
PAI-01625,Urban Transit,Kerala,84.5,87.8,57,40,82.5,92.0,16,0,0,0,0,0,-0.1,0
PAI-01626,Power,Rajasthan,375.6,421.5,30,16,43.6,42.9,9,0,1,0,1,0,-1.2,1
PAI-01627,Ports,Andhra Pradesh,671.2,742.2,40,38,100.0,100.0,10,2,0,0,1,1,0.5,0
PAI-01628,Water & Sanitation,West Bengal,672.4,700.2,52,78,100.0,100.0,13,1,0,0,0,1,8.7,1
PAI-01629,Railways,Haryana,464.8,495.4,20,49,87.3,96.2,4,0,1,1,0,0,-1.7,0
PAI-01630,Railways,Jharkhand,616.4,655.9,34,63,100.0,100.0,8,0,0,1,0,1,-1.5,0
PAI-01631,Water & Sanitation,West Bengal,151.0,165.6,45,12,41.8,66.8,10,2,0,0,0,0,6.0,0
PAI-01632,Industrial Corridors,Rajasthan,91.0,99.8,46,78,97.3,86.0,12,0,1,0,0,0,5.1,1
PAI-01633,Roads,Tamil Nadu,271.0,300.8,77,27,30.6,33.2,21,1,1,0,0,1,8.1,1
PAI-01634,Airports,Tamil Nadu,189.5,194.8,32,26,91.9,94.5,5,1,0,0,0,0,0.7,1
PAI-01635,Urban Transit,Maharashtra,328.3,335.2,32,55,88.1,86.3,7,1,0,0,0,0,4.8,0
PAI-01636,Industrial Corridors,Rajasthan,1568.7,1667.3,56,74,100.0,100.0,16,3,0,0,0,0,4.3,1
PAI-01637,Urban Transit,Odisha,413.9,427.7,37,29,73.2,87.1,8,2,0,0,0,0,7.1,1
PAI-01638,Urban Transit,West Bengal,323.8,330.6,26,16,46.7,41.2,6,1,0,0,0,0,4.6,0
PAI-01639,Airports,Gujarat,569.8,583.2,44,16,38.6,28.3,12,1,0,0,0,0,9.2,1
PAI-01640,Roads,West Bengal,318.3,325.8,20,44,100.0,96.9,4,0,0,0,0,0,4.5,0
PAI-01641,Urban Transit,Gujarat,930.5,931.4,30,41,100.0,99.5,5,1,0,0,0,0,6.6,0
PAI-01642,Roads,Tamil Nadu,79.3,89.7,89,34,39.6,22.9,22,0,1,0,1,0,-3.8,0
PAI-01643,Industrial Corridors,Maharashtra,356.1,411.5,59,73,89.1,89.4,13,2,1,1,0,1,6.2,1
PAI-01644,Urban Transit,Rajasthan,272.7,279.2,17,81,97.9,100.0,6,0,0,0,0,0,2.9,0
PAI-01645,Water & Sanitation,Jharkhand,185.5,193.3,36,13,38.3,30.4,11,0,0,0,0,0,-8.2,0
PAI-01646,Railways,Karnataka,229.3,239.7,18,74,95.4,91.9,4,1,0,1,0,0,-0.1,0
PAI-01647,Power,Madhya Pradesh,175.0,178.0,36,12,30.2,31.3,6,0,0,0,0,0,-2.5,0
PAI-01648,Water & Sanitation,Kerala,195.5,202.6,63,21,38.9,19.0,12,1,0,0,0,0,-3.8,0
PAI-01649,Power,Kerala,505.5,510.4,12,52,98.3,97.0,5,0,0,1,1,0,2.6,0
PAI-01650,Urban Transit,Odisha,110.4,112.5,42,23,54.6,46.9,11,0,0,0,0,0,-2.5,0
PAI-01651,Ports,Rajasthan,641.0,656.0,27,84,100.0,100.0,6,0,1,0,0,0,1.6,1
PAI-01652,Water & Sanitation,Bihar,138.0,147.3,50,81,100.0,94.7,14,2,0,0,0,0,15.2,1
PAI-01653,Industrial Corridors,West Bengal,525.1,534.3,41,20,47.7,58.7,12,0,0,0,0,0,-1.3,0
PAI-01654,Airports,Madhya Pradesh,475.4,492.0,52,82,100.0,100.0,16,1,0,0,0,0,-1.1,0
PAI-01655,Power,Jharkhand,120.4,133.1,48,57,100.0,100.0,14,1,1,0,0,0,0.5,1
PAI-01656,Roads,Gujarat,1185.7,1270.6,45,37,79.5,81.6,10,3,1,0,0,0,1.5,0
PAI-01657,Roads,Karnataka,105.7,108.2,75,44,63.3,80.8,20,2,0,0,0,0,9.4,0
PAI-01658,Roads,West Bengal,258.7,268.6,52,13,22.2,24.5,11,0,0,0,0,0,-4.8,0
PAI-01659,Industrial Corridors,Uttar Pradesh,326.0,346.9,29,69,100.0,100.0,4,1,1,1,0,0,1.2,1
PAI-01660,Power,Telangana,141.3,152.3,67,54,100.0,100.0,17,5,0,0,0,0,7.0,0
PAI-01661,Urban Transit,Karnataka,99.8,101.1,39,48,94.4,100.0,10,0,0,0,0,0,6.7,0
PAI-01662,Water & Sanitation,Bihar,251.6,264.8,20,69,97.8,100.0,5,0,0,0,0,0,3.4,0
PAI-01663,Water & Sanitation,Gujarat,222.9,234.2,57,18,31.4,45.9,16,0,1,0,0,0,-3.0,0
PAI-01664,Power,Karnataka,427.5,439.3,15,20,97.2,83.6,5,0,0,0,0,0,-12.0,0
PAI-01665,Water & Sanitation,West Bengal,62.5,67.1,72,61,99.8,100.0,19,3,0,0,0,0,16.7,0
PAI-01666,Railways,Karnataka,1078.9,1085.6,58,54,90.9,100.0,15,1,1,0,0,0,-0.5,0
PAI-01667,Power,Bihar,559.7,591.3,51,79,92.8,96.5,16,1,0,1,0,0,7.2,0
PAI-01668,Roads,Andhra Pradesh,169.4,175.0,49,8,19.0,3.2,13,2,0,0,0,0,0.2,0
PAI-01669,Power,West Bengal,382.4,406.8,38,38,74.1,81.7,10,1,0,0,1,0,-0.1,0
PAI-01670,Railways,Uttar Pradesh,102.1,106.6,40,40,98.5,99.1,9,0,1,0,0,1,4.8,1
PAI-01671,Railways,Odisha,238.6,244.3,44,48,88.2,72.5,9,0,1,0,0,0,5.0,0
PAI-01672,Urban Transit,Telangana,723.5,727.9,16,54,88.4,69.7,6,0,0,0,0,0,-3.9,1
PAI-01673,Roads,Jharkhand,690.0,752.6,47,32,64.4,78.7,16,1,0,1,0,1,3.6,1
PAI-01674,Railways,Uttar Pradesh,399.4,411.4,31,17,40.0,33.7,6,0,0,0,0,0,1.9,0
PAI-01675,Roads,West Bengal,254.6,278.5,55,31,56.4,60.0,17,3,0,0,0,1,8.3,0
PAI-01676,Power,West Bengal,642.6,659.1,66,28,45.1,47.2,18,0,0,0,0,0,-5.0,0
PAI-01677,Railways,Karnataka,64.3,72.9,43,35,70.7,59.1,16,2,1,0,0,0,5.7,1
PAI-01678,Ports,Gujarat,546.9,568.7,30,20,54.5,56.0,8,2,0,0,0,0,4.0,0
PAI-01679,Industrial Corridors,Jharkhand,489.1,499.7,62,7,24.7,30.0,18,2,0,1,0,0,1.8,0
PAI-01680,Railways,Rajasthan,102.2,113.1,44,59,100.0,100.0,10,2,0,1,0,0,14.0,1
PAI-01681,Airports,Haryana,622.0,641.1,28,6,31.0,28.6,5,2,0,0,0,0,6.7,0
PAI-01682,Industrial Corridors,Madhya Pradesh,96.0,96.9,57,75,100.0,94.7,13,2,0,0,0,0,7.0,1
PAI-01683,Roads,Maharashtra,1845.0,1957.6,47,61,92.6,92.9,18,0,1,0,0,0,-3.9,0
PAI-01684,Urban Transit,Jharkhand,238.6,268.6,42,58,99.7,100.0,13,1,1,1,0,0,0.6,1
PAI-01685,Railways,Bihar,1961.3,1995.2,50,38,74.4,79.5,12,2,0,0,0,0,-6.3,0
PAI-01686,Urban Transit,Uttar Pradesh,36.6,43.2,44,57,100.0,100.0,12,4,0,1,0,0,15.2,1
PAI-01687,Water & Sanitation,Kerala,1345.0,1384.5,43,7,11.5,25.5,12,2,0,0,0,0,8.9,1
PAI-01688,Roads,Haryana,769.3,787.9,47,42,92.4,80.0,11,0,0,1,0,0,-12.0,0
PAI-01689,Power,Haryana,431.1,441.0,45,62,93.2,91.5,8,0,0,0,0,0,7.1,0
PAI-01690,Water & Sanitation,Bihar,271.7,284.7,40,36,81.3,86.8,11,1,0,0,0,0,1.7,0
PAI-01691,Water & Sanitation,Bihar,178.3,179.3,70,54,83.2,61.5,20,1,0,0,0,0,-0.2,1
PAI-01692,Water & Sanitation,Tamil Nadu,260.9,269.1,14,12,78.5,100.0,4,0,1,0,0,0,2.0,0
PAI-01693,Railways,Odisha,232.0,238.5,37,76,100.0,100.0,9,0,0,1,0,0,1.7,1
PAI-01694,Industrial Corridors,Andhra Pradesh,319.5,334.1,54,47,82.8,75.4,11,0,0,0,0,0,1.1,0
PAI-01695,Power,Madhya Pradesh,888.5,901.9,52,67,97.2,99.8,16,2,0,0,0,0,1.7,0
PAI-01696,Ports,Odisha,296.1,342.1,70,26,30.4,32.1,15,3,1,0,0,1,7.4,0
PAI-01697,Water & Sanitation,Rajasthan,230.4,237.2,40,38,98.5,100.0,9,0,0,0,0,0,-4.9,1
PAI-01698,Power,Uttar Pradesh,134.9,143.1,28,21,74.7,68.9,5,3,1,0,0,1,7.5,1
PAI-01699,Power,Rajasthan,1159.9,1323.2,30,22,62.6,68.5,9,4,0,0,0,1,4.0,1
PAI-01700,Industrial Corridors,Odisha,178.9,179.8,41,16,42.1,58.7,11,0,0,0,0,0,-8.5,0
PAI-01701,Roads,Tamil Nadu,292.0,316.6,73,60,75.8,82.7,17,0,1,0,0,0,-5.5,0
PAI-01702,Power,Andhra Pradesh,563.0,577.3,12,72,100.0,95.2,4,1,0,0,0,0,-5.0,0
PAI-01703,Power,Odisha,296.4,324.5,31,8,26.2,49.1,9,1,0,0,1,0,7.0,0
PAI-01704,Airports,Karnataka,284.8,316.3,41,11,32.9,26.4,9,4,0,0,0,0,8.4,1
PAI-01705,Railways,Bihar,95.2,102.7,32,46,89.4,92.9,7,0,1,0,1,0,-0.4,0
PAI-01706,Urban Transit,Tamil Nadu,575.7,590.2,46,14,39.9,40.9,12,2,0,0,0,0,5.3,1
PAI-01707,Power,Maharashtra,422.4,443.9,102,41,44.5,36.2,25,0,0,1,0,0,-2.3,1
PAI-01708,Railways,Maharashtra,752.5,752.5,36,49,100.0,93.3,10,0,0,0,0,0,-4.2,0
PAI-01709,Roads,Uttar Pradesh,303.3,308.9,51,12,20.9,21.4,12,2,0,1,0,0,0.6,0
PAI-01710,Airports,Rajasthan,357.4,358.0,28,9,32.7,35.8,9,1,0,0,0,0,-3.4,0
PAI-01711,Roads,Haryana,428.0,448.9,46,73,91.9,80.7,13,1,0,1,0,0,2.8,0
PAI-01712,Urban Transit,Uttar Pradesh,160.3,160.4,43,51,99.2,100.0,7,0,0,0,0,0,-2.2,1
PAI-01713,Water & Sanitation,Haryana,751.7,778.7,60,17,24.7,18.9,13,0,0,0,0,0,-4.8,0
PAI-01714,Water & Sanitation,Haryana,94.5,99.2,46,40,82.2,78.8,13,1,1,0,0,0,0.7,0
PAI-01715,Urban Transit,Tamil Nadu,445.2,511.8,44,48,97.5,100.0,10,1,1,0,1,0,3.1,1
PAI-01716,Roads,Tamil Nadu,128.6,151.5,31,14,51.6,53.9,5,2,1,0,1,0,14.3,1
PAI-01717,Water & Sanitation,Telangana,67.8,69.6,27,72,100.0,100.0,5,1,0,0,0,0,8.0,1
PAI-01718,Urban Transit,Bihar,116.6,121.5,49,9,29.9,32.3,10,2,0,0,0,1,2.7,1
PAI-01719,Roads,Tamil Nadu,59.1,59.5,48,34,84.6,88.6,13,0,0,0,0,0,8.9,1
PAI-01720,Urban Transit,Kerala,378.7,400.9,15,60,88.5,87.4,4,0,1,0,0,1,2.0,1
PAI-01721,Railways,Gujarat,158.7,168.6,22,56,90.3,87.8,6,0,0,0,0,1,-3.7,0
PAI-01722,Urban Transit,Tamil Nadu,123.0,134.2,45,44,100.0,100.0,10,0,0,0,1,1,-3.1,1
PAI-01723,Ports,Jharkhand,404.8,448.2,47,80,100.0,79.3,15,2,0,1,0,0,9.6,1
PAI-01724,Roads,Uttar Pradesh,405.6,454.1,58,72,79.3,78.2,14,1,1,0,0,0,9.8,1
PAI-01725,Power,Tamil Nadu,66.0,68.1,27,71,90.0,100.0,6,2,0,0,0,0,6.0,0
PAI-01726,Power,Rajasthan,168.8,174.4,45,17,34.3,49.4,14,1,0,0,0,0,3.1,0
PAI-01727,Railways,Bihar,256.8,274.8,54,30,65.5,57.3,14,1,1,0,0,0,-7.4,1
PAI-01728,Power,Jharkhand,233.2,267.0,47,84,100.0,92.3,11,1,1,0,0,0,2.7,1
PAI-01729,Ports,Telangana,316.4,341.6,36,56,87.6,94.4,11,1,1,1,0,0,3.4,1
PAI-01730,Airports,Haryana,242.6,247.0,32,13,47.0,46.1,11,1,0,0,0,0,0.0,0
PAI-01731,Railways,Bihar,91.5,93.5,56,30,43.9,48.5,15,1,0,0,0,0,2.4,0
PAI-01732,Water & Sanitation,Gujarat,109.7,112.0,58,21,8.3,5.3,16,0,0,0,0,0,4.1,0
PAI-01733,Roads,Odisha,160.7,167.8,38,51,100.0,100.0,8,2,0,0,0,0,4.8,1
PAI-01734,Railways,Telangana,49.8,56.6,28,79,98.4,91.3,7,0,1,1,0,1,-3.0,0
PAI-01735,Urban Transit,Kerala,89.1,92.7,47,64,89.3,73.4,7,1,0,0,0,0,4.6,0
PAI-01736,Railways,Jharkhand,684.7,744.0,35,61,100.0,100.0,6,0,1,0,0,1,-2.5,0
PAI-01737,Urban Transit,Gujarat,157.9,169.7,24,82,100.0,100.0,6,2,0,0,0,1,10.4,1
PAI-01738,Water & Sanitation,Haryana,82.1,83.1,51,71,100.0,100.0,10,2,0,0,0,0,8.0,1
PAI-01739,Urban Transit,Jharkhand,251.5,257.5,38,20,56.0,38.2,9,0,0,0,0,0,4.6,1
PAI-01740,Urban Transit,Kerala,191.3,195.9,62,51,76.1,90.7,14,0,0,0,0,0,-11.4,0
PAI-01741,Railways,Haryana,36.3,38.1,23,43,94.4,95.8,6,0,0,0,1,0,-4.2,1
PAI-01742,Railways,Maharashtra,505.1,520.2,48,33,61.0,57.2,11,0,0,0,0,1,2.7,1
PAI-01743,Urban Transit,Telangana,282.0,303.9,46,61,100.0,100.0,12,0,1,1,0,0,2.0,0
PAI-01744,Ports,Jharkhand,156.0,167.0,57,67,100.0,97.8,16,1,1,0,0,0,-1.5,1
PAI-01745,Railways,West Bengal,412.7,423.5,58,75,100.0,100.0,16,1,0,0,0,0,-3.0,0
PAI-01746,Airports,Karnataka,182.1,187.9,52,17,24.2,25.1,12,0,0,0,0,0,-4.1,1
PAI-01747,Water & Sanitation,Telangana,86.1,87.8,21,36,94.0,96.4,5,1,0,0,0,0,15.6,0
PAI-01748,Industrial Corridors,West Bengal,537.8,549.2,63,20,30.4,16.6,18,0,0,1,0,0,3.7,0
PAI-01749,Ports,Rajasthan,198.2,227.6,28,40,100.0,99.8,9,1,1,0,1,0,10.4,1
PAI-01750,Water & Sanitation,Jharkhand,55.2,61.0,50,23,60.2,58.8,14,5,0,0,0,1,12.3,0
PAI-01751,Urban Transit,Rajasthan,117.6,125.0,52,11,22.7,14.7,15,0,0,0,1,0,6.0,0
PAI-01752,Industrial Corridors,Tamil Nadu,278.4,289.1,12,79,92.6,90.1,4,0,1,0,0,0,2.4,0
PAI-01753,Water & Sanitation,Jharkhand,181.2,184.6,19,29,89.1,92.8,4,1,0,0,0,0,2.6,1
PAI-01754,Industrial Corridors,Madhya Pradesh,291.9,305.8,41,6,18.7,29.5,12,2,1,0,0,0,7.1,1
PAI-01755,Roads,West Bengal,83.4,90.7,61,7,13.6,0.0,17,1,0,0,1,0,-1.7,1
PAI-01756,Ports,Kerala,230.9,237.7,49,31,52.3,53.9,11,0,1,0,0,0,0.6,0
PAI-01757,Water & Sanitation,Maharashtra,89.4,92.1,46,39,86.0,80.8,9,0,1,0,0,0,0.8,0
PAI-01758,Roads,Telangana,178.1,183.8,73,6,1.0,0.0,21,0,0,0,0,0,3.1,0
PAI-01759,Ports,Maharashtra,404.3,460.8,39,43,100.0,100.0,12,1,1,0,0,1,9.6,1
PAI-01760,Urban Transit,Kerala,105.4,116.6,47,29,62.8,79.7,12,2,1,0,0,1,4.4,1
PAI-01761,Urban Transit,Rajasthan,107.5,108.9,74,34,55.1,63.5,17,0,0,1,0,0,1.8,0
PAI-01762,Railways,Odisha,87.1,89.3,56,23,34.1,27.8,18,0,0,0,1,0,-0.5,0
PAI-01763,Power,Bihar,533.5,603.0,37,38,100.0,84.3,12,0,1,0,1,0,-0.5,1
PAI-01764,Urban Transit,Uttar Pradesh,146.3,153.2,58,57,100.0,100.0,16,1,1,0,0,0,1.0,0
PAI-01765,Water & Sanitation,Rajasthan,601.6,631.5,38,13,28.0,16.2,9,0,0,0,0,0,0.7,0
PAI-01766,Water & Sanitation,Karnataka,218.9,228.4,70,37,50.3,50.5,16,0,0,0,0,1,1.7,0
PAI-01767,Urban Transit,Madhya Pradesh,68.0,69.7,53,60,95.8,88.4,15,0,0,0,0,0,0.6,0
PAI-01768,Roads,Uttar Pradesh,866.1,891.4,58,27,47.0,48.3,16,0,1,0,0,0,-3.4,0
PAI-01769,Industrial Corridors,Karnataka,216.7,230.6,54,21,55.1,52.0,10,2,0,1,0,0,8.2,1
PAI-01770,Railways,Telangana,71.8,75.2,34,48,100.0,100.0,9,0,0,0,0,0,0.9,0
PAI-01771,Power,Haryana,171.0,175.0,49,29,47.9,39.6,10,1,0,0,0,0,7.9,0
PAI-01772,Ports,Maharashtra,67.0,72.2,12,25,98.2,81.1,4,0,1,0,0,1,-6.3,1
PAI-01773,Roads,Odisha,324.3,330.2,52,72,91.2,93.6,12,0,0,0,0,0,3.8,0
PAI-01774,Industrial Corridors,Karnataka,314.5,350.3,32,56,93.8,81.5,5,1,1,0,0,0,-1.5,1
PAI-01775,Railways,West Bengal,98.4,102.3,42,47,96.9,86.3,11,0,0,0,0,0,-1.4,0
PAI-01776,Roads,Maharashtra,363.6,374.5,32,63,89.2,93.3,7,0,0,1,0,0,0.6,1
PAI-01777,Railways,Jharkhand,126.1,143.6,32,43,100.0,100.0,8,0,1,0,1,0,-5.2,1
PAI-01778,Urban Transit,Haryana,238.9,258.7,33,6,36.6,42.9,9,4,0,0,0,0,10.5,1
PAI-01779,Ports,Karnataka,168.3,187.9,55,64,98.3,98.3,13,1,1,0,0,1,3.9,1
PAI-01780,Railways,Maharashtra,181.2,183.8,24,55,85.7,88.5,5,0,0,0,0,0,-2.3,0
PAI-01781,Urban Transit,Uttar Pradesh,141.0,149.8,47,41,86.2,76.0,14,2,0,0,0,0,7.0,0
PAI-01782,Railways,Karnataka,114.9,121.1,22,76,92.6,100.0,4,1,1,0,0,0,0.4,1
PAI-01783,Urban Transit,Tamil Nadu,69.4,71.0,46,19,44.8,56.7,6,2,0,0,0,0,6.9,0
PAI-01784,Urban Transit,Haryana,113.0,119.5,37,53,98.4,100.0,11,0,0,1,1,0,2.0,0
PAI-01785,Water & Sanitation,Madhya Pradesh,147.2,152.8,36,68,99.4,100.0,8,1,0,0,0,0,0.3,1
PAI-01786,Railways,Madhya Pradesh,111.4,118.8,48,25,60.1,72.7,10,2,1,1,0,0,3.4,1
PAI-01787,Industrial Corridors,Haryana,305.0,308.1,63,53,90.6,86.3,16,0,0,0,0,0,5.4,0
PAI-01788,Railways,Rajasthan,352.2,356.1,43,10,33.3,33.5,8,2,0,0,0,0,10.4,0
PAI-01789,Roads,Odisha,59.5,64.0,60,41,56.9,47.6,15,1,1,0,0,0,5.0,0
PAI-01790,Railways,Rajasthan,166.8,169.4,40,78,100.0,100.0,11,1,1,0,0,0,-5.0,1
PAI-01791,Urban Transit,Kerala,104.9,107.1,26,14,52.2,59.1,8,0,0,0,0,0,-2.1,0
PAI-01792,Power,Madhya Pradesh,995.7,1000.8,54,32,71.8,76.2,15,0,1,0,0,0,-5.0,0
PAI-01793,Roads,Gujarat,139.7,141.8,23,54,91.3,86.1,7,0,1,0,0,0,1.5,0
PAI-01794,Railways,Jharkhand,1348.5,1373.7,30,51,93.3,89.4,6,1,0,0,0,0,7.8,0
PAI-01795,Industrial Corridors,Tamil Nadu,214.6,234.5,75,69,83.2,81.6,17,1,1,1,0,0,1.3,0
PAI-01796,Railways,Kerala,126.6,130.2,42,37,84.9,87.0,9,0,0,0,0,1,-2.3,1
PAI-01797,Roads,Andhra Pradesh,871.9,996.4,45,65,90.9,90.5,11,1,1,1,0,0,1.4,1
PAI-01798,Ports,Gujarat,245.7,266.0,33,66,89.3,93.3,7,1,0,1,0,1,-0.9,0
PAI-01799,Railways,Bihar,385.1,403.2,45,61,100.0,100.0,13,1,1,0,0,0,0.1,0
PAI-01800,Roads,Rajasthan,282.5,294.2,46,7,8.8,20.2,8,1,0,0,0,0,0.2,0
PAI-01801,Power,Rajasthan,212.1,213.7,49,30,59.2,60.5,14,0,0,0,0,0,-0.8,0
PAI-01802,Urban Transit,Haryana,837.9,887.1,19,70,91.5,97.7,6,2,0,0,1,0,8.5,1
PAI-01803,Power,Rajasthan,466.7,557.4,12,60,82.6,83.7,4,2,0,1,1,1,8.7,1
PAI-01804,Water & Sanitation,Maharashtra,216.0,248.9,25,77,100.0,96.6,5,1,1,0,0,0,11.1,1
PAI-01805,Water & Sanitation,Kerala,253.0,278.2,42,31,74.4,74.6,12,3,0,0,1,0,12.7,0
PAI-01806,Airports,Jharkhand,548.7,618.8,54,79,98.9,83.5,14,2,1,0,0,0,4.4,1
PAI-01807,Urban Transit,Tamil Nadu,293.0,303.6,21,32,100.0,95.5,5,0,0,0,0,0,-4.1,1
PAI-01808,Power,Jharkhand,634.8,658.8,36,78,94.8,89.0,12,0,0,0,0,0,9.7,1
PAI-01809,Power,Maharashtra,903.2,926.5,51,32,49.4,35.8,16,0,0,0,0,0,1.7,0
PAI-01810,Industrial Corridors,Tamil Nadu,346.9,409.7,44,66,100.0,100.0,12,3,0,0,1,0,15.5,1
PAI-01811,Roads,Jharkhand,481.6,505.6,26,9,21.4,18.5,8,0,1,0,0,0,-4.6,0
PAI-01812,Roads,Karnataka,114.7,123.7,34,66,100.0,95.6,4,0,0,1,1,0,-0.5,0
PAI-01813,Urban Transit,Uttar Pradesh,301.2,314.8,46,61,90.8,95.8,12,0,0,0,0,1,-0.1,0
PAI-01814,Roads,Maharashtra,793.4,919.0,45,28,74.7,73.2,10,3,1,0,0,0,13.6,1
PAI-01815,Railways,Bihar,508.0,513.9,26,8,31.6,20.4,6,1,0,0,0,0,1.5,0
PAI-01816,Power,Uttar Pradesh,351.6,373.7,24,49,100.0,100.0,6,1,0,0,0,0,-1.3,1
PAI-01817,Ports,Madhya Pradesh,144.7,167.3,41,64,97.6,93.4,10,2,1,1,1,0,8.4,1
PAI-01818,Industrial Corridors,Maharashtra,172.7,178.8,38,7,27.6,15.7,5,1,0,0,0,0,6.3,1
PAI-01819,Power,Kerala,98.1,101.9,27,49,93.8,96.4,5,1,0,1,0,0,11.8,0
PAI-01820,Roads,Telangana,53.2,53.8,33,77,100.0,90.3,12,0,0,0,0,0,0.1,0
PAI-01821,Railways,Karnataka,57.4,61.4,54,78,93.0,82.3,14,1,0,0,1,0,-2.6,1
PAI-01822,Urban Transit,Haryana,395.0,423.0,27,64,94.9,100.0,9,0,1,0,0,0,2.4,0
PAI-01823,Power,Rajasthan,522.1,558.4,29,71,88.2,63.5,6,0,1,0,0,0,-3.4,1
PAI-01824,Airports,Bihar,593.2,635.1,57,62,96.5,95.5,13,3,0,0,0,0,8.8,1
PAI-01825,Airports,Madhya Pradesh,154.8,162.8,31,80,100.0,97.5,12,1,0,1,0,0,6.5,1
PAI-01826,Industrial Corridors,Gujarat,450.2,469.1,51,65,100.0,97.8,11,0,0,1,0,0,9.0,0
PAI-01827,Power,Haryana,137.3,138.9,26,46,100.0,92.7,4,1,0,0,0,0,4.0,0
PAI-01828,Water & Sanitation,Maharashtra,174.6,176.9,43,79,84.1,94.0,14,1,0,0,0,0,-1.3,0
PAI-01829,Roads,Bihar,172.2,182.5,39,20,53.6,56.8,11,0,0,1,0,0,-0.4,0
PAI-01830,Industrial Corridors,Rajasthan,724.4,760.9,39,70,95.9,100.0,7,1,1,0,0,0,0.4,1
PAI-01831,Airports,Gujarat,65.8,73.0,47,9,19.0,0.0,13,2,0,0,0,1,9.3,1
PAI-01832,Urban Transit,Rajasthan,69.2,73.1,13,83,100.0,100.0,4,1,0,0,1,0,2.6,0
PAI-01833,Railways,Gujarat,81.4,87.3,45,75,100.0,93.9,11,0,1,1,0,0,-2.9,0
PAI-01834,Airports,Jharkhand,147.9,154.5,22,6,31.5,28.6,7,0,0,0,0,0,-3.0,0
PAI-01835,Railways,Karnataka,113.1,125.4,80,81,100.0,100.0,19,2,1,0,0,0,-3.9,1
PAI-01836,Roads,West Bengal,990.1,1017.6,50,68,100.0,100.0,13,2,0,0,0,0,0.8,1
PAI-01837,Power,Rajasthan,306.4,308.1,71,23,39.8,28.2,15,1,0,0,0,0,6.2,1
PAI-01838,Power,Jharkhand,706.4,763.4,51,66,100.0,95.3,11,0,1,0,0,1,-12.0,0
PAI-01839,Urban Transit,Maharashtra,62.6,66.3,47,53,100.0,96.6,11,0,1,0,0,0,1.4,1
PAI-01840,Water & Sanitation,Kerala,134.6,135.0,31,73,90.4,91.0,6,1,0,0,0,0,-0.6,0
PAI-01841,Roads,Madhya Pradesh,152.5,169.8,63,32,48.1,52.0,16,1,1,0,0,1,7.5,1
PAI-01842,Water & Sanitation,Haryana,155.0,177.2,69,30,47.8,63.0,17,3,1,0,0,0,6.1,1
PAI-01843,Ports,Gujarat,172.4,178.6,28,8,24.8,24.5,9,2,0,0,0,0,6.2,0
PAI-01844,Water & Sanitation,Bihar,255.8,301.0,48,83,100.0,100.0,15,2,1,0,1,1,5.8,1
PAI-01845,Water & Sanitation,Rajasthan,452.1,472.3,48,28,67.6,64.7,8,0,0,0,0,0,-3.2,0
PAI-01846,Roads,Bihar,25.0,28.5,27,66,83.0,58.8,7,0,1,0,1,0,-4.1,0
PAI-01847,Water & Sanitation,West Bengal,174.9,194.5,50,53,89.4,100.0,14,0,1,0,1,0,-2.8,1
PAI-01848,Railways,Kerala,227.4,230.4,24,52,95.1,79.9,5,1,0,0,0,0,-5.3,0
PAI-01849,Railways,Kerala,215.5,218.3,37,68,96.0,100.0,7,1,1,0,0,0,-0.3,0
PAI-01850,Railways,West Bengal,170.2,186.9,19,63,94.5,100.0,5,1,1,1,0,0,12.7,1
PAI-01851,Water & Sanitation,Odisha,421.2,438.2,42,34,74.9,75.9,9,0,1,0,0,0,2.3,0
PAI-01852,Urban Transit,Bihar,216.8,220.2,22,34,99.9,98.2,5,0,0,0,0,0,2.5,0
PAI-01853,Roads,Jharkhand,212.3,232.4,61,38,61.8,59.2,18,0,0,0,1,1,-5.9,1
PAI-01854,Power,Bihar,174.3,191.7,14,49,77.4,75.3,6,3,0,0,0,1,8.7,1
PAI-01855,Ports,Kerala,93.8,97.3,70,56,82.3,72.1,17,0,1,0,0,0,-3.2,0
PAI-01856,Ports,Telangana,381.8,434.1,55,82,92.7,100.0,12,0,1,1,1,0,3.5,0
PAI-01857,Urban Transit,West Bengal,274.9,275.1,28,26,89.8,100.0,7,0,0,0,0,0,-2.2,1
PAI-01858,Ports,Jharkhand,36.4,40.6,67,67,89.7,81.3,18,3,0,0,1,0,4.1,0
PAI-01859,Roads,Rajasthan,150.9,158.5,34,43,100.0,100.0,5,2,1,0,0,0,8.5,0
PAI-01860,Urban Transit,Karnataka,288.1,299.9,73,66,85.4,84.8,18,1,1,0,0,0,2.2,1
PAI-01861,Power,Bihar,179.0,184.2,58,82,93.9,86.8,14,0,0,0,0,0,-1.1,0
PAI-01862,Roads,Bihar,103.0,108.1,40,74,96.6,99.2,12,0,0,0,0,0,3.0,1
PAI-01863,Urban Transit,Kerala,239.8,268.5,20,68,100.0,88.2,4,2,0,1,0,0,11.8,0
PAI-01864,Roads,Andhra Pradesh,406.3,452.7,50,11,23.6,32.5,15,2,0,1,0,1,15.0,1
PAI-01865,Power,Uttar Pradesh,306.1,339.0,67,52,98.5,98.1,16,4,0,0,0,0,8.3,0
PAI-01866,Power,Haryana,240.3,258.0,59,14,15.4,9.5,14,0,1,0,0,0,-0.1,0
PAI-01867,Airports,Haryana,260.3,275.8,12,9,84.1,98.5,4,0,0,0,0,0,4.3,0
PAI-01868,Power,Haryana,832.3,860.0,27,83,92.0,89.3,7,0,0,0,0,0,-1.8,0
PAI-01869,Roads,West Bengal,98.8,111.3,17,58,100.0,95.3,4,2,1,0,0,0,7.4,1
PAI-01870,Railways,Madhya Pradesh,547.1,577.5,53,21,34.7,41.2,14,1,0,0,0,1,10.1,0
PAI-01871,Airports,Karnataka,341.3,346.1,31,30,79.6,79.2,7,0,0,0,0,0,-1.2,0
PAI-01872,Roads,Kerala,221.1,227.5,45,17,41.1,44.7,9,2,0,0,0,0,6.2,0
PAI-01873,Urban Transit,Karnataka,396.2,417.7,50,49,97.8,91.3,14,0,0,0,0,1,3.4,1
PAI-01874,Urban Transit,Bihar,563.6,602.0,33,20,73.3,73.0,11,1,0,0,1,0,2.2,1
PAI-01875,Water & Sanitation,Madhya Pradesh,540.3,559.2,31,7,25.5,33.9,10,0,0,0,0,0,0.9,0
PAI-01876,Airports,Uttar Pradesh,824.8,848.7,19,16,81.1,81.0,4,0,0,0,0,1,-3.8,1
PAI-01877,Urban Transit,Haryana,429.3,472.1,42,83,100.0,100.0,10,2,1,0,0,0,10.2,1
PAI-01878,Power,Kerala,843.2,878.6,37,14,38.8,33.0,8,0,0,0,0,0,-5.2,0
PAI-01879,Roads,Kerala,55.9,63.7,40,60,100.0,100.0,10,3,1,0,0,0,10.9,0
PAI-01880,Ports,Jharkhand,285.8,334.4,41,8,12.3,19.6,8,2,1,1,1,0,4.2,1
PAI-01881,Railways,Madhya Pradesh,255.5,260.7,44,56,100.0,100.0,10,0,0,0,0,0,7.2,0
PAI-01882,Ports,Jharkhand,74.3,76.7,63,22,28.7,25.2,17,1,0,0,0,0,4.5,0
PAI-01883,Urban Transit,Maharashtra,153.5,163.3,38,72,98.5,100.0,6,0,1,0,0,1,10.2,1
PAI-01884,Power,Telangana,58.9,63.1,42,7,22.2,31.2,7,3,0,0,0,0,4.5,1
PAI-01885,Railways,Rajasthan,461.9,490.3,39,8,28.8,29.3,9,1,1,0,0,0,8.3,0
PAI-01886,Railways,Uttar Pradesh,27.4,31.2,38,35,75.7,89.0,9,1,1,0,0,1,2.6,1
PAI-01887,Water & Sanitation,Uttar Pradesh,89.2,90.1,39,62,92.9,94.7,9,0,0,0,0,0,-7.9,0
PAI-01888,Railways,Tamil Nadu,422.9,454.7,69,83,98.7,98.4,14,0,1,0,0,0,-6.6,1
PAI-01889,Ports,Maharashtra,858.0,897.3,22,36,100.0,100.0,4,0,1,0,0,0,-6.8,1
PAI-01890,Urban Transit,Bihar,181.3,182.7,16,45,90.6,90.6,4,1,0,0,0,0,1.5,0
PAI-01891,Roads,Maharashtra,587.3,602.0,41,9,7.7,15.0,7,0,1,1,0,0,-1.2,0
PAI-01892,Power,Odisha,476.1,543.5,72,19,31.6,9.0,20,2,0,1,1,0,2.1,0
PAI-01893,Water & Sanitation,Madhya Pradesh,114.9,116.9,36,75,100.0,100.0,6,0,0,0,0,0,8.6,0
PAI-01894,Railways,Jharkhand,218.6,251.2,17,13,98.0,96.5,4,2,1,1,0,1,2.5,1
PAI-01895,Water & Sanitation,Madhya Pradesh,882.4,926.9,34,14,40.2,23.1,8,0,0,0,0,0,-0.4,1
PAI-01896,Roads,Uttar Pradesh,309.4,343.5,37,59,100.0,97.6,7,0,1,1,0,0,4.3,1
PAI-01897,Roads,Telangana,218.9,249.5,48,65,100.0,92.4,10,2,1,1,0,0,6.9,1
PAI-01898,Industrial Corridors,Odisha,161.4,187.8,46,80,85.9,93.0,11,1,1,0,1,1,5.8,0
PAI-01899,Roads,West Bengal,519.2,581.6,20,60,96.5,100.0,6,1,1,0,1,0,5.4,1
PAI-01900,Railways,Maharashtra,330.6,362.1,36,46,93.3,83.5,9,2,1,0,0,0,2.5,0
PAI-01901,Airports,Tamil Nadu,409.0,481.1,62,47,97.8,100.0,16,2,0,0,1,1,3.0,1
PAI-01902,Power,Madhya Pradesh,810.9,835.4,26,11,58.0,60.8,4,1,0,1,0,0,4.5,0
PAI-01903,Urban Transit,Uttar Pradesh,136.2,148.1,48,82,98.4,100.0,14,1,1,0,0,0,11.3,1
PAI-01904,Railways,Tamil Nadu,208.3,233.6,33,45,100.0,100.0,9,4,1,0,0,0,8.5,1
PAI-01905,Airports,Odisha,405.6,428.1,34,65,100.0,96.5,13,2,1,0,0,0,-0.9,1
PAI-01906,Airports,Jharkhand,1000.5,1022.7,58,35,54.6,60.7,14,1,0,1,0,0,-0.6,0
PAI-01907,Roads,Bihar,351.7,354.1,38,34,97.9,100.0,10,1,0,0,0,0,7.1,0
PAI-01908,Airports,Telangana,193.9,194.8,35,39,100.0,91.8,6,1,0,0,0,0,1.7,1
PAI-01909,Roads,Rajasthan,171.1,180.6,51,58,98.4,93.7,11,0,0,0,0,1,-0.4,0
PAI-01910,Railways,Haryana,142.6,154.5,46,57,100.0,100.0,11,1,0,1,0,1,6.3,0
PAI-01911,Industrial Corridors,Rajasthan,117.4,120.3,48,73,85.7,100.0,12,0,0,0,0,0,-0.1,1
PAI-01912,Water & Sanitation,Andhra Pradesh,240.3,240.3,34,37,100.0,93.0,9,2,0,0,0,0,-3.4,0
PAI-01913,Airports,Bihar,151.5,172.6,40,76,100.0,100.0,8,2,0,1,1,0,8.5,1
PAI-01914,Ports,Kerala,2957.6,3100.3,46,12,34.4,35.4,11,3,0,1,0,1,5.2,1
PAI-01915,Airports,Maharashtra,272.6,284.3,17,21,95.1,91.0,5,0,0,0,0,0,4.7,0
PAI-01916,Ports,Uttar Pradesh,360.6,368.3,55,49,99.7,94.1,15,0,0,0,0,0,-3.0,0
PAI-01917,Railways,Gujarat,202.9,221.5,57,80,92.1,98.7,14,2,1,0,0,0,9.6,1
PAI-01918,Power,Telangana,80.8,81.7,12,15,85.8,88.8,4,0,0,0,0,0,-3.3,0
PAI-01919,Railways,West Bengal,171.3,175.2,37,6,6.0,8.0,10,2,0,0,0,0,1.1,1
PAI-01920,Roads,Rajasthan,214.2,228.2,19,77,91.0,100.0,5,0,1,0,0,0,5.0,1
PAI-01921,Urban Transit,Gujarat,174.6,193.1,19,46,81.9,92.2,6,1,1,0,0,0,2.4,1
PAI-01922,Airports,Andhra Pradesh,200.8,207.1,64,31,59.4,52.0,19,2,0,0,0,0,2.4,0
PAI-01923,Water & Sanitation,Andhra Pradesh,92.4,97.5,43,73,100.0,91.7,11,0,0,0,0,0,1.0,0
PAI-01924,Railways,Jharkhand,618.1,635.4,59,27,24.2,24.7,13,0,0,0,0,0,0.7,0
PAI-01925,Urban Transit,Tamil Nadu,172.0,177.3,12,25,94.8,85.8,4,1,0,0,0,0,3.6,0
PAI-01926,Industrial Corridors,Kerala,518.0,528.6,66,64,96.8,90.2,13,1,0,0,0,0,-2.1,1
PAI-01927,Power,Andhra Pradesh,70.2,72.2,12,21,82.6,83.8,4,0,0,0,0,1,-0.5,1
PAI-01928,Power,Telangana,259.7,269.9,37,50,100.0,100.0,10,0,0,1,0,0,-1.2,0
PAI-01929,Ports,West Bengal,418.0,489.5,42,48,100.0,97.5,10,2,1,0,1,0,4.7,1
PAI-01930,Urban Transit,Bihar,426.7,470.0,79,83,100.0,100.0,18,2,1,0,0,0,12.3,1
PAI-01931,Urban Transit,West Bengal,240.1,254.3,13,50,92.8,96.6,4,0,0,0,1,0,2.6,0
PAI-01932,Railways,Gujarat,494.4,539.6,28,25,93.7,100.0,4,1,1,1,0,0,-2.0,0
PAI-01933,Power,Uttar Pradesh,700.6,735.9,42,20,36.2,44.3,12,1,1,0,0,0,4.1,1
PAI-01934,Water & Sanitation,Maharashtra,267.3,274.1,16,51,100.0,89.7,4,1,0,0,0,0,5.1,0
PAI-01935,Roads,Odisha,159.7,170.6,33,19,59.4,65.9,7,1,1,1,0,0,-7.0,0
PAI-01936,Industrial Corridors,Maharashtra,1818.2,2005.4,12,35,85.9,80.0,6,2,1,0,0,0,6.7,0
PAI-01937,Water & Sanitation,Madhya Pradesh,734.2,829.0,59,59,96.1,86.2,13,0,0,0,1,1,7.0,0
PAI-01938,Power,Rajasthan,180.4,182.1,16,38,92.4,93.2,4,0,1,0,0,0,0.4,0
PAI-01939,Roads,Rajasthan,555.0,611.5,43,66,100.0,90.0,13,1,1,0,0,0,5.6,1
PAI-01940,Airports,Odisha,147.6,151.9,72,8,1.0,0.0,18,0,0,0,0,0,-0.2,0
PAI-01941,Ports,Andhra Pradesh,312.6,312.6,49,66,100.0,100.0,15,2,0,0,0,0,0.1,0
PAI-01942,Roads,Gujarat,110.4,112.8,12,59,99.4,100.0,4,1,1,0,0,0,5.2,0
PAI-01943,Urban Transit,Madhya Pradesh,465.8,517.4,90,24,38.7,32.1,22,2,0,0,0,1,10.0,1
PAI-01944,Urban Transit,Haryana,606.3,614.6,69,50,72.3,80.1,13,1,0,0,0,0,-0.3,0
PAI-01945,Water & Sanitation,Maharashtra,848.6,905.3,53,25,59.8,61.3,11,3,0,0,0,0,6.8,1
PAI-01946,Railways,Gujarat,172.5,186.9,47,51,95.2,82.8,12,0,1,1,0,0,3.3,1
PAI-01947,Urban Transit,Bihar,266.5,281.1,50,54,99.3,100.0,13,0,0,0,0,0,1.0,0
PAI-01948,Roads,Gujarat,103.7,104.8,37,20,48.1,59.7,8,0,1,0,0,0,-2.4,0
PAI-01949,Water & Sanitation,Odisha,112.9,123.5,68,9,12.9,7.9,16,2,1,0,0,0,10.5,0
PAI-01950,Urban Transit,Gujarat,3566.2,3707.4,41,80,81.0,84.4,11,2,0,1,0,0,8.9,1
PAI-01951,Railways,Madhya Pradesh,136.4,137.2,18,40,100.0,100.0,4,0,0,1,0,0,-5.4,0
PAI-01952,Airports,Gujarat,90.5,98.8,52,73,94.6,95.9,11,0,1,0,0,0,4.7,1
PAI-01953,Roads,Tamil Nadu,572.1,594.1,39,27,70.5,81.7,10,1,1,0,0,0,5.2,0
PAI-01954,Urban Transit,Madhya Pradesh,311.1,314.5,12,33,94.9,94.7,4,2,0,0,0,0,6.6,0
PAI-01955,Ports,West Bengal,326.5,337.2,37,40,86.5,81.1,11,0,0,0,0,0,-0.8,0
PAI-01956,Railways,Karnataka,211.8,220.3,34,12,27.5,9.5,5,2,0,0,0,0,7.9,0
PAI-01957,Urban Transit,West Bengal,732.7,760.7,31,79,100.0,99.0,8,1,0,0,0,0,2.7,1
PAI-01958,Power,Tamil Nadu,130.8,151.9,12,62,86.1,78.4,4,0,1,1,0,1,4.2,1
PAI-01959,Water & Sanitation,Uttar Pradesh,290.5,296.4,33,7,22.1,29.8,11,1,0,0,0,0,1.8,0
PAI-01960,Urban Transit,Maharashtra,210.1,221.0,46,63,95.1,91.2,9,0,0,0,1,0,-2.1,0
PAI-01961,Railways,Odisha,68.2,69.9,30,51,100.0,97.3,5,0,0,0,0,0,5.8,1
PAI-01962,Roads,Haryana,100.8,106.9,59,70,84.3,78.3,15,0,0,1,0,0,11.1,1
PAI-01963,Water & Sanitation,Rajasthan,135.3,143.2,68,77,83.7,86.2,16,0,0,0,1,0,-4.3,1
PAI-01964,Urban Transit,Uttar Pradesh,103.0,105.4,62,8,13.5,2.4,15,0,0,1,0,0,2.5,0
PAI-01965,Water & Sanitation,Rajasthan,411.5,437.6,51,55,99.1,84.6,15,0,0,1,0,0,-5.2,0
PAI-01966,Railways,Madhya Pradesh,81.1,92.3,30,76,95.1,92.9,9,0,1,1,1,0,5.1,1
PAI-01967,Roads,Tamil Nadu,175.1,185.0,35,47,100.0,100.0,9,1,1,0,0,0,3.1,1
PAI-01968,Water & Sanitation,Kerala,249.1,268.2,54,20,37.6,45.4,13,1,1,0,0,1,-1.6,0
PAI-01969,Roads,Madhya Pradesh,327.7,335.3,21,26,98.5,93.5,6,0,0,1,0,0,1.0,0
PAI-01970,Water & Sanitation,Tamil Nadu,143.9,171.1,54,76,100.0,100.0,12,2,0,1,1,0,8.9,1
PAI-01971,Airports,Tamil Nadu,646.3,663.8,51,52,100.0,99.7,12,0,0,0,0,0,6.3,0
PAI-01972,Urban Transit,Tamil Nadu,94.0,94.0,36,51,100.0,100.0,9,1,0,0,0,0,7.3,0
PAI-01973,Airports,Bihar,298.5,301.2,70,21,40.6,52.3,15,3,0,0,0,0,6.4,1
PAI-01974,Railways,Bihar,391.8,439.1,32,12,41.4,45.7,6,3,1,1,0,0,3.6,1
PAI-01975,Roads,Madhya Pradesh,203.8,210.8,30,37,100.0,100.0,6,1,0,0,0,1,-0.3,1
PAI-01976,Roads,Maharashtra,337.5,348.5,70,79,95.3,99.8,18,2,0,0,0,0,9.1,1
PAI-01977,Water & Sanitation,Maharashtra,95.1,103.6,55,72,97.7,87.2,16,1,0,1,0,0,7.2,0
PAI-01978,Industrial Corridors,Jharkhand,543.7,596.9,63,61,93.5,100.0,14,1,1,0,1,0,1.8,1
PAI-01979,Roads,Telangana,124.7,142.9,65,59,90.4,98.7,14,3,1,0,0,0,11.4,0
PAI-01980,Urban Transit,Kerala,265.2,268.7,44,34,75.1,60.1,10,0,0,0,0,0,-10.8,0
PAI-01981,Power,Haryana,289.7,298.5,12,35,98.8,100.0,5,2,0,0,0,0,-1.2,0
PAI-01982,Urban Transit,Karnataka,492.2,528.0,28,66,91.8,92.0,8,1,0,0,1,0,-0.5,0
PAI-01983,Water & Sanitation,Uttar Pradesh,415.8,434.4,49,8,12.7,0.0,13,0,0,0,0,0,4.8,0
PAI-01984,Ports,Madhya Pradesh,223.3,230.2,33,27,73.2,62.2,10,0,0,0,0,0,-2.3,0
PAI-01985,Water & Sanitation,West Bengal,802.4,891.1,43,38,96.0,95.0,10,3,1,0,0,0,13.5,1
PAI-01986,Railways,Uttar Pradesh,180.9,188.9,35,29,84.8,96.2,8,1,1,0,0,0,-4.3,0
PAI-01987,Water & Sanitation,Gujarat,583.3,603.9,51,21,45.3,47.6,15,3,0,0,0,0,8.9,0
PAI-01988,Water & Sanitation,Uttar Pradesh,260.4,286.9,54,13,24.0,14.7,16,1,0,0,1,0,12.9,1
PAI-01989,Power,Kerala,502.4,517.2,14,29,100.0,93.2,4,1,0,0,0,0,-0.4,0
PAI-01990,Power,Odisha,1410.8,1476.5,47,33,69.1,82.7,8,2,0,0,0,0,4.0,0
PAI-01991,Water & Sanitation,Bihar,70.3,73.5,16,13,80.6,84.8,5,0,0,0,0,0,-2.2,0
PAI-01992,Industrial Corridors,Rajasthan,127.1,131.0,49,69,86.7,87.1,11,0,1,0,0,0,-0.1,1
PAI-01993,Urban Transit,Bihar,506.5,514.8,49,22,60.6,85.9,11,2,0,0,0,0,-0.8,0
PAI-01994,Roads,West Bengal,152.1,157.1,42,17,44.4,37.0,13,1,0,0,0,0,-0.9,0
PAI-01995,Industrial Corridors,Haryana,201.1,226.3,47,34,93.4,91.9,11,4,1,0,0,0,10.0,1
PAI-01996,Roads,Madhya Pradesh,141.0,148.2,44,58,100.0,90.8,10,1,0,1,0,0,1.0,0
PAI-01997,Urban Transit,Kerala,352.7,396.8,41,68,96.0,100.0,11,2,1,1,0,0,5.5,1
PAI-01998,Roads,Tamil Nadu,150.1,161.9,59,65,100.0,100.0,13,2,1,0,0,0,0.2,0
PAI-01999,Urban Transit,Bihar,887.2,1008.6,38,64,93.9,100.0,10,3,0,1,0,1,8.3,1
PAI-02000,Airports,Telangana,213.3,220.8,49,23,49.3,51.4,14,0,0,1,0,0,-0.5,0
PAI-02001,Roads,West Bengal,96.1,101.3,31,76,96.7,94.6,4,1,0,1,0,1,3.3,1
PAI-02002,Water & Sanitation,Maharashtra,235.2,254.5,42,46,96.8,100.0,8,1,0,1,1,0,3.8,0
PAI-02003,Railways,Andhra Pradesh,326.4,333.0,36,65,93.8,93.5,9,3,0,0,0,0,-0.4,0
PAI-02004,Railways,Andhra Pradesh,666.5,672.5,87,23,20.0,17.7,21,1,0,1,0,0,-0.7,1
PAI-02005,Urban Transit,Odisha,447.2,496.3,28,77,85.9,80.2,11,0,1,1,0,0,5.6,1
PAI-02006,Roads,Andhra Pradesh,224.6,227.7,70,71,92.1,81.0,17,0,1,0,0,0,0.5,0
PAI-02007,Power,Uttar Pradesh,619.0,632.5,35,77,100.0,100.0,9,0,0,0,0,0,7.3,0
PAI-02008,Industrial Corridors,Madhya Pradesh,354.6,369.5,19,60,100.0,94.6,6,0,0,0,0,0,3.7,0
PAI-02009,Roads,Maharashtra,261.2,273.1,46,41,85.9,96.3,10,1,1,0,0,0,6.5,1
PAI-02010,Water & Sanitation,Telangana,432.1,432.1,32,48,99.2,92.6,8,0,0,0,0,0,3.1,0
PAI-02011,Urban Transit,Telangana,248.3,268.3,55,40,77.0,52.0,12,1,0,0,1,0,0.5,1
PAI-02012,Industrial Corridors,Telangana,85.5,90.6,20,45,84.1,70.7,5,0,0,0,0,1,-4.8,0
PAI-02013,Power,Kerala,678.2,727.6,46,81,94.1,76.4,11,1,0,1,0,0,2.3,1
PAI-02014,Railways,Rajasthan,88.8,103.9,48,24,53.9,63.5,11,4,0,0,0,1,21.1,1
PAI-02015,Urban Transit,Madhya Pradesh,118.1,123.4,47,36,64.5,64.2,14,0,0,0,0,0,-0.8,0
PAI-02016,Industrial Corridors,Odisha,742.2,760.5,64,59,74.8,73.5,13,0,0,1,0,0,-1.6,0
PAI-02017,Ports,Karnataka,70.7,79.9,34,82,100.0,97.2,10,3,1,1,0,0,11.4,0
PAI-02018,Water & Sanitation,Rajasthan,185.0,193.3,48,9,14.0,36.7,13,0,0,0,0,0,-3.5,0
PAI-02019,Urban Transit,Tamil Nadu,1395.2,1430.2,26,13,42.7,55.6,10,0,0,0,0,0,-0.5,0
PAI-02020,Airports,Jharkhand,126.3,128.3,29,68,88.5,90.2,12,1,0,0,0,0,-0.3,0
PAI-02021,Urban Transit,Karnataka,368.6,403.0,52,40,82.5,80.9,12,2,0,0,0,1,6.3,0
PAI-02022,Urban Transit,Maharashtra,1568.8,1609.6,51,39,75.7,80.5,12,1,0,0,0,0,0.8,0
PAI-02023,Water & Sanitation,Maharashtra,144.8,149.5,42,77,95.7,100.0,10,1,0,1,0,0,6.0,1
PAI-02024,Urban Transit,Haryana,315.7,331.0,17,10,63.3,55.6,5,1,0,0,0,0,1.5,1
PAI-02025,Water & Sanitation,Gujarat,135.2,141.2,42,62,100.0,96.5,12,2,0,0,0,0,1.4,1
PAI-02026,Power,Odisha,431.8,457.6,59,32,72.5,65.4,12,3,0,0,0,0,9.5,1
PAI-02027,Roads,Andhra Pradesh,572.4,645.7,48,62,100.0,100.0,12,1,1,0,0,1,8.7,1
PAI-02028,Urban Transit,Haryana,254.6,265.4,64,35,55.6,54.0,15,2,0,0,0,0,3.4,0
PAI-02029,Industrial Corridors,Telangana,64.7,67.2,33,50,100.0,100.0,11,0,0,0,0,1,0.3,1
PAI-02030,Airports,West Bengal,1438.4,1454.8,35,24,77.5,91.0,5,1,0,0,0,0,-0.0,0
PAI-02031,Railways,Karnataka,294.9,328.3,79,20,26.7,22.2,20,0,1,0,0,1,-8.6,1
PAI-02032,Water & Sanitation,West Bengal,108.1,110.9,57,49,88.4,80.1,13,0,0,0,0,0,-3.7,0
PAI-02033,Ports,West Bengal,85.6,88.3,29,42,96.9,95.5,7,0,0,0,0,0,-11.8,0
PAI-02034,Roads,Rajasthan,239.5,248.0,53,58,100.0,94.2,14,0,1,0,0,0,-0.5,0
PAI-02035,Industrial Corridors,Gujarat,204.1,219.0,49,45,94.9,93.1,10,1,0,0,1,0,3.5,0
PAI-02036,Urban Transit,Uttar Pradesh,151.6,152.7,55,48,86.0,86.7,14,0,1,0,0,0,3.4,0
PAI-02037,Airports,Gujarat,172.7,178.3,34,52,87.9,100.0,4,0,0,1,0,0,-0.6,0
PAI-02038,Ports,Bihar,1005.4,1069.2,36,18,65.6,68.5,9,1,1,0,0,1,9.7,1
PAI-02039,Roads,Telangana,303.7,318.3,12,10,78.6,68.9,5,0,0,0,0,0,1.3,0
PAI-02040,Ports,Kerala,294.5,302.3,35,71,92.7,91.5,11,0,0,0,0,0,4.6,0
PAI-02041,Roads,Uttar Pradesh,509.0,533.1,49,61,94.1,90.3,11,1,1,0,0,0,6.1,0
PAI-02042,Industrial Corridors,Telangana,271.5,287.1,46,17,35.7,28.9,10,0,0,0,0,0,4.6,0
PAI-02043,Water & Sanitation,Tamil Nadu,85.2,98.7,28,68,100.0,98.3,7,1,0,1,1,0,8.8,0
PAI-02044,Urban Transit,Andhra Pradesh,1183.6,1244.7,45,83,87.1,91.2,12,1,0,0,0,0,0.8,0
PAI-02045,Roads,Telangana,261.5,284.1,52,35,63.6,55.3,13,1,1,0,0,0,7.1,0
PAI-02046,Urban Transit,Andhra Pradesh,229.8,235.2,45,50,99.8,100.0,11,0,0,0,0,0,0.8,0
PAI-02047,Industrial Corridors,Tamil Nadu,236.2,238.2,80,10,1.4,10.8,23,1,1,0,0,0,2.7,0
PAI-02048,Urban Transit,Andhra Pradesh,345.3,389.2,22,75,100.0,83.9,5,2,0,0,1,0,2.7,1
PAI-02049,Roads,Telangana,739.4,753.1,64,21,39.8,35.6,18,0,1,0,0,0,-2.3,0
PAI-02050,Power,Maharashtra,1315.2,1546.1,28,77,97.8,99.0,8,1,1,1,0,1,1.4,1
PAI-02051,Roads,Telangana,144.8,149.5,14,29,95.7,99.8,5,0,0,0,0,0,-3.9,0
PAI-02052,Railways,Gujarat,116.7,130.9,48,41,81.3,81.8,11,2,1,1,0,0,11.5,1
PAI-02053,Power,Odisha,152.1,153.4,64,8,10.2,16.8,16,1,0,0,0,0,-5.9,0
PAI-02054,Ports,Rajasthan,267.8,303.8,41,67,100.0,100.0,12,1,0,1,0,1,3.3,0
PAI-02055,Railways,Madhya Pradesh,1010.6,1045.4,15,51,100.0,95.1,6,0,1,0,0,0,-3.2,0
PAI-02056,Power,Andhra Pradesh,319.0,343.9,47,52,100.0,100.0,13,1,1,0,0,0,2.0,1
PAI-02057,Roads,Rajasthan,203.6,215.3,29,17,57.7,70.2,8,0,0,0,0,1,-8.9,0
PAI-02058,Ports,Maharashtra,960.3,990.1,28,81,100.0,100.0,7,0,0,1,0,0,-8.0,0
PAI-02059,Industrial Corridors,Madhya Pradesh,298.9,308.2,38,55,99.1,98.5,9,1,1,0,0,0,10.2,0
PAI-02060,Roads,Haryana,224.3,254.7,32,82,97.3,87.9,9,1,1,0,0,1,12.3,1
PAI-02061,Industrial Corridors,Madhya Pradesh,173.9,189.8,12,32,100.0,100.0,4,3,0,0,0,1,12.4,1
PAI-02062,Roads,Haryana,551.0,596.0,57,77,100.0,100.0,15,1,0,0,1,0,3.9,0
PAI-02063,Power,Madhya Pradesh,735.9,868.8,31,29,90.2,86.3,7,3,0,0,1,0,16.8,1
PAI-02064,Roads,Kerala,182.2,190.3,45,19,33.2,32.2,10,3,0,0,0,0,1.6,1
PAI-02065,Ports,Karnataka,233.8,243.9,57,64,100.0,88.4,14,0,0,0,0,0,-0.3,0
PAI-02066,Roads,Madhya Pradesh,300.2,321.1,49,70,99.8,96.8,12,2,0,0,0,0,13.9,1
PAI-02067,Water & Sanitation,Bihar,277.7,290.2,25,15,66.1,64.8,4,1,0,0,0,1,0.2,0
PAI-02068,Railways,Jharkhand,1477.8,1737.7,34,69,98.1,80.8,9,0,1,0,1,1,3.8,0
PAI-02069,Railways,Haryana,170.7,177.7,44,72,99.0,97.5,13,0,0,0,0,0,-3.0,0
PAI-02070,Power,Rajasthan,634.9,634.9,33,19,61.6,60.9,9,2,0,0,0,0,-1.6,0
PAI-02071,Ports,Jharkhand,84.6,89.3,37,57,100.0,84.7,10,0,1,0,0,0,-2.1,0
PAI-02072,Water & Sanitation,Jharkhand,453.4,474.6,52,61,86.6,94.2,10,1,0,0,0,0,5.7,0
PAI-02073,Railways,Rajasthan,497.5,517.8,29,12,31.6,33.2,7,1,0,1,0,1,-6.0,0
PAI-02074,Ports,Odisha,56.1,59.1,27,37,100.0,100.0,8,2,0,1,0,0,4.9,1
PAI-02075,Railways,Bihar,637.9,653.0,59,14,30.2,25.1,15,2,0,1,0,0,-1.9,0
PAI-02076,Industrial Corridors,Karnataka,251.0,287.1,42,43,100.0,97.2,13,1,1,0,0,1,11.5,1
PAI-02077,Water & Sanitation,Uttar Pradesh,172.3,190.9,27,61,96.1,92.1,8,3,0,0,0,1,8.5,1
PAI-02078,Water & Sanitation,Kerala,349.7,351.6,31,21,65.9,56.1,8,0,0,0,0,0,0.0,0
PAI-02079,Urban Transit,Rajasthan,61.1,61.4,47,65,92.1,81.3,13,1,0,0,0,0,-1.6,0
PAI-02080,Water & Sanitation,Jharkhand,212.8,222.2,65,43,58.8,62.2,15,0,0,0,0,0,-5.8,0
PAI-02081,Industrial Corridors,Haryana,238.9,258.2,22,54,93.8,99.5,6,0,0,1,1,0,0.6,1
PAI-02082,Power,Rajasthan,47.4,52.8,31,38,93.8,90.7,14,1,1,0,0,1,1.7,1
PAI-02083,Urban Transit,Kerala,335.6,358.3,18,68,91.6,87.3,6,1,0,0,0,1,4.6,1
PAI-02084,Urban Transit,Jharkhand,123.5,131.0,54,23,43.7,40.0,15,1,0,1,0,0,5.8,1
PAI-02085,Industrial Corridors,Gujarat,766.7,835.1,36,33,88.3,83.9,10,1,1,0,1,0,2.2,0
PAI-02086,Roads,Tamil Nadu,638.1,653.4,79,38,50.6,44.5,18,2,0,0,0,0,-5.8,1
PAI-02087,Roads,Madhya Pradesh,117.4,119.0,34,13,31.7,30.0,6,0,0,0,0,0,-3.3,0
PAI-02088,Water & Sanitation,Odisha,184.0,194.0,63,84,100.0,100.0,18,2,0,0,0,0,9.3,1
PAI-02089,Power,Gujarat,263.7,280.6,66,46,73.4,80.6,16,1,0,0,1,0,0.5,0
PAI-02090,Urban Transit,Bihar,211.7,238.2,57,13,31.3,34.2,15,0,1,0,1,0,3.7,1
PAI-02091,Water & Sanitation,Andhra Pradesh,344.2,361.5,40,68,98.3,97.9,10,1,1,1,0,0,-3.0,0
PAI-02092,Railways,Tamil Nadu,317.2,344.4,44,13,40.2,39.8,10,1,1,0,0,0,4.4,0
PAI-02093,Ports,Odisha,121.4,135.2,44,62,99.5,75.0,13,2,0,0,0,0,5.1,1
PAI-02094,Water & Sanitation,West Bengal,574.9,604.5,27,50,100.0,100.0,4,0,0,0,1,0,-2.7,1
PAI-02095,Railways,Bihar,935.6,1024.2,53,60,100.0,100.0,12,0,1,1,0,0,6.3,1
PAI-02096,Roads,Karnataka,440.1,453.0,71,42,53.9,48.8,19,1,0,1,0,0,3.3,0
PAI-02097,Railways,Gujarat,440.5,533.2,35,57,100.0,85.5,8,1,1,0,1,1,2.8,1
PAI-02098,Urban Transit,Telangana,153.7,157.4,50,21,31.8,23.5,11,0,0,0,0,0,1.7,0
PAI-02099,Water & Sanitation,Gujarat,584.6,649.1,36,19,38.1,41.8,6,1,1,0,1,0,-0.5,1
PAI-02100,Roads,West Bengal,127.0,137.9,56,35,59.0,60.7,16,2,1,0,0,0,10.0,1
PAI-02101,Roads,Tamil Nadu,580.2,625.2,52,16,20.2,0.0,13,1,0,0,1,0,5.0,0
PAI-02102,Roads,Uttar Pradesh,262.0,284.8,54,45,82.6,73.6,15,1,0,0,1,0,1.7,0
PAI-02103,Power,Karnataka,1116.7,1140.6,41,54,100.0,98.8,12,0,0,0,0,0,-2.8,0
PAI-02104,Urban Transit,Gujarat,193.7,209.5,34,26,72.3,69.0,10,2,0,0,0,1,11.6,0
PAI-02105,Railways,West Bengal,132.6,138.5,22,57,86.8,93.2,4,0,0,0,1,0,7.0,0
PAI-02106,Railways,West Bengal,185.3,201.5,44,11,30.6,37.3,11,2,0,0,0,1,10.8,0
PAI-02107,Railways,Haryana,451.5,469.3,62,6,10.5,0.0,15,0,1,0,0,0,-7.6,1
PAI-02108,Power,West Bengal,220.3,233.1,16,48,86.6,83.4,4,0,1,0,0,0,-1.6,1
PAI-02109,Power,West Bengal,415.3,438.5,35,13,33.7,39.1,11,3,0,0,0,0,4.8,0
PAI-02110,Railways,Jharkhand,742.3,794.7,51,8,18.0,7.8,14,1,1,0,0,1,-4.6,0
PAI-02111,Urban Transit,Haryana,265.0,269.6,88,56,66.9,81.1,22,0,0,0,0,0,-4.7,1
PAI-02112,Power,Andhra Pradesh,564.0,572.3,37,27,76.4,95.4,11,2,0,0,0,0,6.2,1
PAI-02113,Ports,West Bengal,272.1,272.1,50,17,21.7,23.4,12,3,0,0,0,0,14.7,0
PAI-02114,Airports,Haryana,1043.7,1075.5,25,82,94.0,96.0,6,0,0,0,0,0,-3.1,1
PAI-02115,Railways,Andhra Pradesh,302.6,343.6,36,80,95.4,100.0,9,1,1,1,0,0,2.4,1
PAI-02116,Power,West Bengal,167.2,180.3,43,42,98.9,100.0,9,1,1,0,0,0,2.8,0
PAI-02117,Power,Kerala,29.5,30.0,38,16,47.7,52.3,9,2,0,0,0,0,2.2,0
PAI-02118,Urban Transit,Bihar,380.4,384.3,47,71,98.5,100.0,11,1,1,0,0,0,-0.2,1
PAI-02119,Urban Transit,Telangana,1113.7,1178.6,32,6,11.4,0.0,10,1,0,0,0,0,0.9,0
PAI-02120,Railways,Haryana,313.7,354.9,58,68,100.0,100.0,16,2,1,1,0,1,-3.0,1
PAI-02121,Power,Madhya Pradesh,665.6,722.2,55,28,55.7,41.0,15,1,0,1,0,0,5.1,1
PAI-02122,Urban Transit,Haryana,222.6,235.1,37,33,86.9,85.5,11,0,0,0,0,0,1.7,1
PAI-02123,Industrial Corridors,Telangana,86.9,92.0,14,20,92.8,99.6,4,0,1,1,0,0,0.8,0
PAI-02124,Ports,West Bengal,195.1,214.0,15,43,100.0,100.0,4,1,1,0,1,0,4.1,0
PAI-02125,Urban Transit,Bihar,226.8,254.2,76,75,96.4,94.4,19,1,1,1,0,0,0.9,1
PAI-02126,Roads,Karnataka,276.9,285.7,40,78,99.9,96.3,11,0,0,0,0,1,8.7,1
PAI-02127,Railways,Rajasthan,606.3,640.9,43,37,83.0,79.7,13,1,0,0,1,0,-1.8,0
PAI-02128,Railways,Gujarat,336.0,337.5,49,53,100.0,99.3,14,0,0,0,0,0,-0.2,0
PAI-02129,Railways,Telangana,104.1,121.6,47,28,52.7,36.9,10,0,1,0,1,0,2.7,0
PAI-02130,Railways,Telangana,244.2,250.1,52,65,95.2,81.6,14,1,0,0,0,0,-0.2,0
PAI-02131,Roads,Odisha,48.6,51.5,37,12,32.5,22.1,9,1,0,0,0,0,7.2,0
PAI-02132,Water & Sanitation,Uttar Pradesh,361.3,372.0,18,31,100.0,98.6,4,1,0,0,1,0,0.6,0
PAI-02133,Power,Odisha,113.2,118.0,15,10,71.9,67.9,5,0,1,0,0,0,8.9,0
PAI-02134,Industrial Corridors,Maharashtra,239.9,262.2,58,69,100.0,97.4,15,1,1,0,1,0,8.5,0
PAI-02135,Ports,Andhra Pradesh,527.1,547.5,16,44,96.0,100.0,4,0,0,0,0,0,-3.5,0
PAI-02136,Roads,Maharashtra,38.9,40.1,26,75,93.2,89.4,9,0,1,0,0,0,-9.1,0
PAI-02137,Urban Transit,Tamil Nadu,150.0,158.2,45,71,100.0,97.4,8,3,0,0,0,0,8.4,0
PAI-02138,Railways,Jharkhand,189.8,203.0,58,41,72.6,71.0,14,0,1,1,0,0,-0.2,1
PAI-02139,Urban Transit,Bihar,146.4,149.1,36,48,91.7,100.0,10,0,0,1,0,0,-6.5,0
PAI-02140,Railways,Maharashtra,592.4,644.0,51,31,61.1,49.9,14,2,1,0,0,0,4.9,1
PAI-02141,Urban Transit,Telangana,781.6,793.8,63,10,12.9,9.6,16,0,0,0,0,0,-4.2,0
PAI-02142,Power,Haryana,177.4,179.4,43,63,96.2,100.0,10,0,0,0,0,0,-1.8,0
PAI-02143,Water & Sanitation,Maharashtra,305.9,317.9,35,27,70.4,59.8,6,0,0,0,0,0,-1.1,0
PAI-02144,Roads,Bihar,150.7,156.0,53,32,55.2,61.6,13,0,0,1,0,0,1.2,0
PAI-02145,Roads,Kerala,196.9,205.4,36,38,92.6,99.9,12,1,1,0,0,0,0.5,0
PAI-02146,Urban Transit,Rajasthan,473.8,476.6,48,56,100.0,100.0,13,0,1,0,0,0,-0.1,1
PAI-02147,Power,Jharkhand,610.3,646.4,16,50,89.2,100.0,4,2,1,0,0,0,-5.1,1
PAI-02148,Power,Telangana,120.6,135.0,51,21,52.0,44.0,10,1,0,0,0,1,9.3,0
PAI-02149,Roads,Maharashtra,133.8,141.5,21,39,85.9,90.2,4,0,0,1,0,0,8.7,0
PAI-02150,Roads,Telangana,1473.6,1566.8,58,8,14.4,24.1,12,0,0,0,0,1,-6.2,0
PAI-02151,Airports,Kerala,433.9,441.6,53,13,6.0,7.7,12,1,0,0,0,0,4.5,0
PAI-02152,Urban Transit,Andhra Pradesh,328.2,333.4,34,43,100.0,96.3,6,3,0,0,0,0,-1.7,0
PAI-02153,Water & Sanitation,Karnataka,657.3,763.4,66,18,22.3,27.8,16,2,0,0,1,1,7.4,1
PAI-02154,Water & Sanitation,Jharkhand,157.8,165.6,22,45,93.2,85.2,4,1,1,0,0,0,-2.2,0
PAI-02155,Power,Andhra Pradesh,464.6,484.7,55,41,72.2,81.2,12,1,0,0,0,0,2.8,0
PAI-02156,Water & Sanitation,Telangana,64.2,66.3,62,15,19.4,22.1,16,1,0,0,0,0,8.1,1
PAI-02157,Ports,Andhra Pradesh,162.5,163.8,51,27,65.3,84.1,15,0,0,0,0,0,-1.8,0
PAI-02158,Water & Sanitation,Uttar Pradesh,253.7,262.4,52,20,38.6,46.6,12,0,0,0,0,0,-0.2,0
PAI-02159,Airports,Tamil Nadu,222.0,232.2,15,8,48.0,33.5,4,0,0,0,0,0,8.7,1
PAI-02160,Roads,Bihar,292.1,296.9,72,32,52.7,50.1,21,3,0,0,0,0,5.0,1
PAI-02161,Industrial Corridors,Uttar Pradesh,162.6,178.6,18,46,95.3,95.9,5,1,1,0,0,0,3.6,1
PAI-02162,Industrial Corridors,Tamil Nadu,1090.3,1102.8,41,49,100.0,100.0,8,0,0,0,0,0,4.5,0
PAI-02163,Roads,Maharashtra,574.2,605.7,16,44,93.5,96.8,7,0,1,0,0,0,-5.9,0
PAI-02164,Airports,Bihar,122.2,123.3,41,9,25.3,26.0,12,1,0,0,0,0,-4.5,0
PAI-02165,Roads,Kerala,77.2,83.4,39,23,61.3,66.5,11,1,1,0,0,0,2.8,0
PAI-02166,Industrial Corridors,Haryana,139.6,140.5,31,16,48.9,44.0,4,1,0,0,0,0,-1.7,0
PAI-02167,Railways,Maharashtra,118.5,122.6,47,42,93.3,100.0,12,1,1,0,0,0,3.7,0
PAI-02168,Ports,Andhra Pradesh,151.7,170.8,43,33,70.1,70.6,12,4,1,0,0,0,12.2,1
PAI-02169,Urban Transit,Telangana,183.3,190.0,39,63,100.0,99.4,10,1,0,0,0,0,-1.7,0
PAI-02170,Railways,Bihar,170.5,173.1,50,70,92.5,100.0,9,0,0,0,0,0,-0.5,0
PAI-02171,Power,Telangana,322.1,362.4,53,34,67.0,69.9,13,3,0,0,0,1,9.9,1
PAI-02172,Water & Sanitation,Bihar,250.2,256.3,33,84,89.2,92.6,4,0,0,1,0,0,-0.4,0
PAI-02173,Railways,Gujarat,177.2,190.7,32,38,91.9,89.6,7,0,1,0,0,0,0.4,1
PAI-02174,Water & Sanitation,Odisha,796.7,826.5,28,13,40.3,42.1,5,1,0,0,0,0,-2.2,0
PAI-02175,Industrial Corridors,Madhya Pradesh,288.8,309.3,49,59,100.0,84.6,14,0,1,0,0,1,2.1,1
PAI-02176,Power,Odisha,83.4,93.7,43,54,100.0,94.6,15,1,1,1,0,0,9.7,1
PAI-02177,Roads,Rajasthan,1455.6,1517.2,19,19,91.6,93.3,5,0,0,0,0,1,4.2,1
PAI-02178,Water & Sanitation,West Bengal,118.9,130.0,67,52,90.3,99.0,17,3,0,0,0,1,9.6,0
PAI-02179,Industrial Corridors,Uttar Pradesh,277.9,292.2,35,28,58.1,72.2,10,0,0,0,0,0,-0.6,0
PAI-02180,Roads,Madhya Pradesh,226.3,266.5,46,9,35.3,51.5,7,4,1,0,0,1,6.3,1
PAI-02181,Railways,Haryana,598.5,614.2,71,32,36.1,27.3,20,3,0,0,0,0,5.6,1
PAI-02182,Roads,Kerala,292.5,301.6,62,13,22.4,25.8,18,1,0,1,0,0,0.2,1
PAI-02183,Roads,Madhya Pradesh,154.3,161.6,24,24,100.0,96.7,8,1,1,0,0,0,1.9,1
PAI-02184,Urban Transit,Madhya Pradesh,60.4,62.1,42,18,50.1,44.1,8,0,0,0,0,0,3.6,0
PAI-02185,Water & Sanitation,Jharkhand,203.4,207.2,37,24,72.6,70.3,11,1,0,0,0,0,3.9,0
PAI-02186,Ports,Madhya Pradesh,508.7,555.6,55,79,100.0,100.0,13,1,1,0,0,0,11.1,0
PAI-02187,Roads,Uttar Pradesh,248.0,288.3,52,12,27.2,14.4,11,1,0,1,1,1,8.3,1
PAI-02188,Water & Sanitation,Madhya Pradesh,696.8,734.7,29,64,94.8,90.8,6,0,0,1,0,0,-4.7,0
PAI-02189,Roads,Andhra Pradesh,520.1,535.6,28,60,98.2,94.1,8,0,1,0,0,0,-1.6,0
PAI-02190,Industrial Corridors,Andhra Pradesh,61.2,68.6,19,67,100.0,100.0,6,2,1,0,0,0,6.2,0
PAI-02191,Urban Transit,Madhya Pradesh,1235.3,1283.6,42,41,95.0,93.0,12,0,0,0,0,0,-2.7,0
PAI-02192,Roads,Haryana,174.9,193.5,35,14,35.5,49.5,11,1,1,0,0,0,7.8,1
PAI-02193,Ports,Madhya Pradesh,491.5,501.3,65,43,76.5,87.0,16,1,0,0,0,0,1.6,0
PAI-02194,Urban Transit,Karnataka,314.9,316.5,49,38,85.4,83.8,17,0,0,0,0,0,2.2,0
PAI-02195,Urban Transit,Gujarat,123.6,126.3,47,55,92.2,96.9,13,1,0,0,0,0,1.1,1
PAI-02196,Power,Gujarat,275.3,303.8,30,32,93.0,83.2,5,2,0,0,0,1,10.5,1
PAI-02197,Ports,Andhra Pradesh,312.1,324.9,12,36,100.0,97.7,4,0,0,0,0,0,4.5,0
PAI-02198,Roads,Maharashtra,304.5,335.8,40,16,45.0,40.5,11,3,0,0,1,0,0.9,1
PAI-02199,Railways,Rajasthan,287.8,322.6,56,42,77.8,83.0,17,2,1,0,0,1,6.5,1
PAI-02200,Urban Transit,Andhra Pradesh,158.6,173.4,51,13,45.4,40.0,11,0,0,1,1,0,2.5,1
PAI-02201,Roads,Maharashtra,130.3,133.0,48,8,4.4,9.4,11,0,1,0,0,0,3.9,1
PAI-02202,Roads,Tamil Nadu,342.5,349.5,33,18,61.0,60.0,7,3,0,1,0,0,-0.1,1
PAI-02203,Urban Transit,Kerala,422.4,433.7,44,66,93.5,100.0,10,0,0,0,1,0,-1.2,1
PAI-02204,Urban Transit,Maharashtra,208.8,226.1,34,61,91.9,72.9,9,1,0,0,0,0,8.0,1
PAI-02205,Power,Gujarat,153.7,163.6,29,25,74.4,75.7,5,0,0,1,1,1,-0.4,0
PAI-02206,Water & Sanitation,West Bengal,216.9,235.8,36,62,86.5,96.0,7,2,1,0,0,0,9.8,0
PAI-02207,Urban Transit,Madhya Pradesh,248.7,248.7,34,51,94.4,95.2,10,1,0,0,0,0,2.1,0
PAI-02208,Industrial Corridors,Gujarat,324.5,334.2,58,25,48.4,60.3,16,0,0,0,0,0,-3.1,0
PAI-02209,Railways,Andhra Pradesh,59.8,59.8,42,72,97.0,100.0,15,0,0,0,0,0,1.7,0
PAI-02210,Railways,Madhya Pradesh,180.0,185.7,28,20,79.3,84.2,10,0,0,0,0,0,3.3,0
PAI-02211,Ports,Gujarat,180.9,192.9,24,81,89.5,98.8,6,0,1,0,0,0,-2.3,0
PAI-02212,Industrial Corridors,Telangana,401.3,423.8,53,74,91.9,77.9,13,1,0,0,0,1,-0.4,0
PAI-02213,Roads,Karnataka,66.6,68.6,27,29,90.0,91.9,7,0,1,0,0,0,-0.6,0
PAI-02214,Water & Sanitation,Haryana,145.9,147.4,46,65,89.0,91.3,9,0,1,0,0,0,-4.6,0
PAI-02215,Roads,Telangana,88.1,100.1,29,66,100.0,91.7,9,3,0,1,0,1,11.5,1
PAI-02216,Roads,Maharashtra,1460.8,1497.0,65,41,68.9,79.4,16,1,0,0,0,0,0.8,0
PAI-02217,Urban Transit,Jharkhand,82.8,84.5,43,36,94.8,100.0,8,0,0,1,0,0,-5.9,0
PAI-02218,Ports,Odisha,471.3,476.9,36,28,65.5,56.5,6,0,0,0,0,0,2.5,0
PAI-02219,Airports,West Bengal,661.1,666.5,47,76,92.7,86.5,13,1,0,0,0,0,-6.8,0
PAI-02220,Industrial Corridors,Rajasthan,159.1,165.6,61,72,91.3,93.5,17,2,0,0,0,0,4.6,1
PAI-02221,Industrial Corridors,Gujarat,174.2,185.6,28,33,90.8,97.3,6,1,1,0,0,0,-3.1,0
PAI-02222,Railways,Odisha,1044.9,1178.6,60,83,100.0,99.2,15,1,1,0,1,0,3.6,0
PAI-02223,Railways,West Bengal,269.9,289.4,27,37,90.5,91.2,6,1,1,0,0,0,4.2,1
PAI-02224,Airports,Odisha,248.1,249.1,14,38,100.0,92.2,4,0,0,0,0,0,-8.6,0
PAI-02225,Water & Sanitation,Odisha,489.9,531.9,41,66,92.7,100.0,7,3,0,1,0,0,8.8,1
PAI-02226,Power,Karnataka,132.1,135.3,45,62,100.0,95.7,7,1,0,0,0,0,7.0,1
PAI-02227,Urban Transit,West Bengal,506.9,580.4,46,74,93.2,95.2,15,0,1,0,1,0,7.2,0
PAI-02228,Industrial Corridors,Tamil Nadu,181.0,181.1,40,75,97.6,100.0,12,1,0,0,0,0,5.7,0
PAI-02229,Roads,Jharkhand,308.8,339.9,33,73,95.3,94.1,9,1,1,1,0,0,4.0,0
PAI-02230,Ports,Jharkhand,275.8,304.9,40,81,100.0,100.0,7,2,1,0,0,0,8.0,1
PAI-02231,Roads,Kerala,85.8,90.4,45,25,41.2,37.6,12,1,0,0,0,1,2.7,0
PAI-02232,Urban Transit,West Bengal,66.8,72.8,32,31,99.5,100.0,9,2,0,0,0,1,-1.3,1
PAI-02233,Industrial Corridors,Gujarat,201.3,219.0,36,63,96.0,87.7,12,2,1,0,0,0,8.2,1
PAI-02234,Ports,Haryana,255.6,261.8,65,76,91.3,87.7,16,1,0,0,0,0,2.1,0
PAI-02235,Roads,Odisha,45.7,47.2,64,7,2.8,16.7,15,0,0,0,0,0,0.1,0
PAI-02236,Power,Karnataka,610.0,649.4,25,51,88.0,90.9,6,1,0,0,1,0,3.8,0
PAI-02237,Industrial Corridors,Kerala,135.4,136.0,50,10,24.2,45.0,12,1,0,0,0,0,7.5,0
PAI-02238,Railways,Maharashtra,291.0,302.9,27,6,23.2,17.7,4,1,0,1,0,0,1.0,0
PAI-02239,Roads,Jharkhand,282.3,303.5,41,64,87.9,72.3,8,1,0,0,1,0,1.2,1
PAI-02240,Industrial Corridors,West Bengal,181.9,184.3,35,8,25.3,27.9,7,0,0,0,0,0,-7.2,0
PAI-02241,Water & Sanitation,Andhra Pradesh,168.7,172.4,57,43,80.6,80.2,18,1,0,0,0,0,10.0,0
PAI-02242,Railways,Madhya Pradesh,788.3,823.0,42,11,14.4,9.7,11,2,0,0,0,0,2.5,0
PAI-02243,Industrial Corridors,Karnataka,176.1,181.1,37,50,91.7,89.8,10,0,0,0,0,0,3.5,0
PAI-02244,Power,Madhya Pradesh,829.1,920.5,44,62,100.0,100.0,11,5,0,0,0,0,17.5,1
PAI-02245,Urban Transit,Bihar,282.4,288.3,41,42,100.0,100.0,11,0,1,0,0,0,0.7,1
PAI-02246,Industrial Corridors,Bihar,174.9,195.2,26,14,60.3,47.9,10,3,1,0,0,0,5.5,0
PAI-02247,Railways,Madhya Pradesh,110.2,123.5,12,71,100.0,100.0,8,1,0,0,1,0,9.0,0
PAI-02248,Roads,Telangana,739.7,769.4,73,20,39.8,41.6,17,1,0,0,0,0,4.8,0
PAI-02249,Water & Sanitation,Gujarat,354.9,358.1,45,67,95.6,83.1,12,0,0,0,0,0,-6.9,0
PAI-02250,Railways,Jharkhand,201.3,215.3,74,35,40.4,46.0,16,2,0,0,0,0,10.3,1
PAI-02251,Water & Sanitation,Telangana,421.7,440.2,29,53,100.0,98.2,7,2,0,0,0,1,12.0,1
PAI-02252,Industrial Corridors,Haryana,550.7,585.6,45,35,83.6,84.8,13,1,0,0,1,0,0.9,1
PAI-02253,Urban Transit,Karnataka,127.4,132.3,49,74,89.9,92.1,10,0,1,0,0,1,0.5,0
PAI-02254,Power,Odisha,471.5,483.0,34,30,89.2,85.4,7,1,0,0,0,0,1.9,0
PAI-02255,Ports,Kerala,495.1,527.0,23,10,49.6,44.3,4,1,1,0,0,0,1.5,1
PAI-02256,Railways,Tamil Nadu,1430.8,1465.7,39,49,100.0,100.0,11,0,1,0,0,0,0.0,1
PAI-02257,Urban Transit,Madhya Pradesh,270.8,271.9,41,74,97.8,99.7,9,0,1,0,0,0,4.3,0
PAI-02258,Airports,Maharashtra,57.6,59.5,47,75,84.1,93.7,10,1,0,0,0,0,5.4,1
PAI-02259,Industrial Corridors,Odisha,178.4,184.4,39,9,19.7,26.1,10,0,0,0,1,0,-1.7,0
PAI-02260,Ports,Rajasthan,128.0,132.2,52,43,82.1,88.6,18,1,1,0,0,0,2.2,0
PAI-02261,Ports,Karnataka,143.9,154.6,24,44,100.0,100.0,4,0,0,1,1,0,-2.7,1
PAI-02262,Industrial Corridors,Karnataka,425.5,440.8,48,6,2.9,0.6,13,0,0,0,0,0,0.2,0
PAI-02263,Railways,Rajasthan,469.5,509.6,46,52,93.9,96.7,9,0,0,1,0,0,4.5,0
PAI-02264,Roads,Kerala,374.0,415.9,44,46,100.0,90.0,13,0,1,1,0,0,-5.0,0
PAI-02265,Industrial Corridors,West Bengal,1362.3,1376.6,26,30,86.9,76.1,5,0,0,1,0,0,1.1,1
PAI-02266,Industrial Corridors,Karnataka,372.9,382.5,71,62,88.1,76.2,18,0,0,0,1,0,6.8,1
PAI-02267,Railways,Kerala,486.9,523.0,47,43,99.6,91.3,10,1,1,0,0,0,-0.8,1
PAI-02268,Railways,Uttar Pradesh,468.8,478.7,29,26,76.7,89.4,7,1,1,0,0,0,-1.9,0
PAI-02269,Urban Transit,Maharashtra,125.8,127.4,19,74,100.0,86.0,6,0,0,0,0,0,2.1,0
PAI-02270,Urban Transit,Tamil Nadu,131.2,134.1,37,30,79.4,78.5,9,0,0,0,0,0,-2.9,0
PAI-02271,Roads,Tamil Nadu,565.7,621.1,24,62,100.0,92.5,5,1,1,1,0,0,1.9,1
PAI-02272,Roads,Bihar,26.6,27.3,62,65,91.5,80.4,12,0,1,0,0,0,-6.1,0
PAI-02273,Railways,Andhra Pradesh,187.8,206.7,44,32,76.2,68.6,12,2,0,0,0,1,-2.1,1
PAI-02274,Water & Sanitation,Rajasthan,216.1,250.3,25,28,100.0,95.7,6,5,0,1,0,0,9.7,1
PAI-02275,Urban Transit,Jharkhand,173.0,177.2,14,67,92.5,97.7,4,0,0,0,0,0,-1.1,1
PAI-02276,Roads,Madhya Pradesh,149.2,158.4,53,63,100.0,99.5,14,0,0,1,0,0,-6.4,0
PAI-02277,Railways,Andhra Pradesh,44.1,44.4,36,15,45.4,50.8,10,2,0,0,0,0,5.2,0
PAI-02278,Roads,Telangana,1025.9,1073.2,30,10,32.4,37.5,8,1,0,0,0,0,-3.3,0
PAI-02279,Ports,Haryana,517.4,577.7,44,72,100.0,96.8,12,2,1,1,0,0,1.6,1
PAI-02280,Urban Transit,Odisha,983.3,1010.5,38,71,97.6,94.3,7,1,0,0,0,0,1.6,1
PAI-02281,Roads,Madhya Pradesh,227.6,252.8,41,70,100.0,100.0,10,2,0,1,0,1,10.2,1
PAI-02282,Water & Sanitation,Haryana,512.5,525.4,41,37,86.7,90.0,9,1,0,0,0,0,4.9,0
PAI-02283,Ports,Haryana,304.5,324.5,33,18,61.9,74.8,11,3,0,0,0,0,14.0,0
PAI-02284,Ports,Madhya Pradesh,843.3,905.0,59,17,23.7,16.1,12,1,0,0,0,1,2.0,0
PAI-02285,Power,Odisha,388.8,404.9,51,73,94.0,100.0,12,2,1,0,0,0,0.1,0
PAI-02286,Urban Transit,Telangana,944.2,977.6,37,17,47.3,54.0,7,1,0,0,0,0,-2.1,0
PAI-02287,Airports,Telangana,161.3,167.5,56,13,30.1,36.2,14,2,0,0,0,0,2.9,1
PAI-02288,Water & Sanitation,Andhra Pradesh,462.5,496.4,60,35,61.1,65.4,14,0,0,1,1,0,-3.6,0
PAI-02289,Railways,Kerala,168.5,188.7,58,49,83.2,96.7,15,0,1,1,0,1,2.4,1
PAI-02290,Railways,Andhra Pradesh,70.7,76.8,50,67,92.2,99.4,14,0,1,1,1,0,-9.8,1
PAI-02291,Railways,Telangana,205.1,225.9,45,83,90.2,100.0,11,1,0,0,1,0,3.2,0
PAI-02292,Industrial Corridors,Karnataka,372.4,382.9,40,40,100.0,100.0,11,1,1,0,0,0,-1.7,0
PAI-02293,Water & Sanitation,Jharkhand,173.0,182.3,41,10,8.7,17.0,11,0,1,1,0,0,-2.8,1
PAI-02294,Railways,Jharkhand,212.8,226.1,58,13,27.2,43.0,19,1,0,1,0,0,1.8,1
PAI-02295,Roads,Jharkhand,420.8,428.9,71,19,18.6,17.1,14,1,0,0,0,0,13.6,0
PAI-02296,Roads,Uttar Pradesh,195.3,223.1,52,41,77.8,85.3,10,0,1,0,1,1,-5.9,1
PAI-02297,Power,Jharkhand,241.3,248.4,35,64,98.6,100.0,11,1,0,0,0,0,4.9,0
PAI-02298,Urban Transit,Madhya Pradesh,226.5,236.6,49,7,20.6,30.0,16,2,0,0,0,0,6.9,0
PAI-02299,Urban Transit,Kerala,745.6,796.4,71,51,57.2,69.9,17,2,0,0,0,1,-4.0,0
PAI-02300,Airports,Karnataka,116.0,125.8,48,78,81.0,86.2,10,2,1,0,0,0,13.4,1
PAI-02301,Industrial Corridors,Odisha,296.0,307.4,51,63,90.4,100.0,14,1,1,0,0,0,1.8,1
PAI-02302,Water & Sanitation,Madhya Pradesh,197.9,199.5,61,40,81.1,78.2,15,2,0,0,0,0,12.5,0
PAI-02303,Roads,Telangana,91.7,97.2,34,38,100.0,100.0,5,1,1,0,0,0,3.4,1
PAI-02304,Power,Maharashtra,245.3,261.9,58,45,80.2,53.4,16,1,1,0,0,0,0.7,0
PAI-02305,Roads,Gujarat,153.9,174.0,31,80,90.2,91.4,11,0,1,1,0,0,8.0,1
PAI-02306,Railways,Kerala,396.8,457.1,68,82,100.0,100.0,17,2,1,0,1,0,8.7,1
PAI-02307,Power,Karnataka,932.8,991.7,18,74,84.7,81.5,4,0,0,0,0,0,12.1,0
PAI-02308,Urban Transit,Bihar,532.1,536.6,63,74,100.0,81.5,15,0,0,0,0,0,0.3,0
PAI-02309,Water & Sanitation,Madhya Pradesh,239.6,266.0,33,66,90.1,95.9,8,1,1,0,1,0,6.9,0
PAI-02310,Water & Sanitation,Rajasthan,171.5,184.7,37,56,95.9,100.0,8,1,1,0,0,0,3.7,0
PAI-02311,Water & Sanitation,Bihar,263.9,276.6,52,63,96.0,100.0,13,0,1,1,0,0,0.9,1
PAI-02312,Railways,Maharashtra,33.1,34.0,49,67,95.9,95.0,16,1,0,0,0,0,-4.2,0
PAI-02313,Railways,Odisha,262.3,269.7,62,24,41.2,23.8,18,3,0,0,0,0,3.3,0
PAI-02314,Ports,Bihar,520.6,571.9,34,45,100.0,99.6,10,0,1,0,0,1,1.4,1
PAI-02315,Urban Transit,Madhya Pradesh,586.4,621.8,42,70,85.3,82.7,10,1,0,0,1,0,8.7,0
PAI-02316,Power,Andhra Pradesh,272.0,273.2,34,30,90.8,91.1,10,1,0,0,0,0,-1.8,0
PAI-02317,Urban Transit,Karnataka,642.6,663.3,47,37,85.1,71.5,13,0,0,0,0,0,2.1,0
PAI-02318,Urban Transit,Tamil Nadu,292.3,294.1,52,39,72.1,68.5,12,1,0,0,0,0,8.3,0
PAI-02319,Roads,Tamil Nadu,109.0,110.9,70,45,69.6,74.7,19,1,0,0,0,0,-0.8,1
PAI-02320,Roads,Haryana,404.3,409.2,36,42,90.5,100.0,10,0,0,1,0,0,-3.2,1
PAI-02321,Roads,Uttar Pradesh,197.5,201.4,44,54,96.7,91.3,9,0,0,0,0,0,-3.8,0
PAI-02322,Power,Uttar Pradesh,113.1,129.3,28,82,82.2,88.2,9,3,1,1,0,0,6.7,1
PAI-02323,Power,Telangana,63.6,68.2,58,72,93.3,97.1,13,1,0,1,1,0,1.1,1
PAI-02324,Water & Sanitation,Andhra Pradesh,223.3,230.0,44,84,99.7,100.0,11,0,0,0,0,0,2.3,0
PAI-02325,Roads,Uttar Pradesh,58.2,58.8,19,56,100.0,100.0,6,0,0,0,0,0,4.3,0
PAI-02326,Industrial Corridors,Uttar Pradesh,367.1,396.2,35,65,100.0,98.1,6,0,1,0,1,0,1.3,0
PAI-02327,Power,Andhra Pradesh,410.0,438.1,71,25,33.3,40.6,21,2,0,0,1,0,8.5,0
PAI-02328,Urban Transit,Uttar Pradesh,974.6,1062.6,41,80,100.0,100.0,11,4,0,0,0,0,13.3,0
PAI-02329,Water & Sanitation,Rajasthan,154.2,155.9,53,63,99.1,100.0,13,1,0,0,0,0,0.8,0
PAI-02330,Railways,Andhra Pradesh,178.7,182.0,21,39,95.9,79.2,4,0,0,1,0,0,-1.7,0
PAI-02331,Railways,West Bengal,48.4,54.4,41,60,100.0,100.0,13,2,1,0,0,1,5.1,1
PAI-02332,Railways,Gujarat,130.4,136.1,29,41,100.0,90.9,6,2,1,0,0,0,3.4,0
PAI-02333,Airports,Madhya Pradesh,834.7,834.7,23,55,100.0,97.8,8,1,0,1,0,0,3.2,0
PAI-02334,Railways,Gujarat,106.6,115.8,36,14,46.4,48.8,8,3,1,0,0,0,1.4,1
PAI-02335,Water & Sanitation,Uttar Pradesh,546.5,584.4,28,19,61.3,62.6,8,2,0,0,0,1,3.7,0
PAI-02336,Roads,Jharkhand,680.2,745.5,35,26,83.1,94.6,8,4,0,0,0,0,5.5,1
PAI-02337,Railways,Maharashtra,511.8,558.7,82,79,89.0,90.1,22,1,1,0,0,0,3.6,0
PAI-02338,Water & Sanitation,Odisha,115.8,121.4,49,10,15.3,10.9,13,0,0,0,0,1,-2.8,0
PAI-02339,Railways,Haryana,451.4,472.4,49,83,100.0,86.6,10,0,1,0,0,0,-6.8,1
PAI-02340,Urban Transit,Kerala,1296.9,1325.3,56,36,49.6,44.6,16,0,0,0,0,1,1.4,0
PAI-02341,Urban Transit,Rajasthan,140.4,143.9,43,65,87.2,85.6,14,1,0,0,0,0,10.5,0
PAI-02342,Airports,Karnataka,225.3,231.7,35,12,38.5,41.7,8,1,0,0,0,0,8.5,1
PAI-02343,Industrial Corridors,Karnataka,83.6,86.2,44,82,92.4,100.0,12,0,0,0,0,0,1.9,0
PAI-02344,Urban Transit,Bihar,173.8,179.0,45,71,98.3,90.5,13,2,0,0,0,0,-0.3,1
PAI-02345,Roads,Karnataka,98.8,101.7,30,61,100.0,100.0,5,0,0,1,0,0,-5.3,0
PAI-02346,Water & Sanitation,Tamil Nadu,148.9,152.9,46,46,94.4,84.0,14,0,0,0,0,1,1.7,0
PAI-02347,Railways,Andhra Pradesh,228.3,265.5,30,79,91.0,78.7,8,1,1,1,1,0,0.4,0
PAI-02348,Industrial Corridors,Bihar,294.8,326.4,45,33,77.9,66.6,12,1,0,1,0,0,6.8,0
PAI-02349,Railways,Jharkhand,161.4,170.7,37,34,100.0,94.4,5,3,0,0,0,0,8.1,1
PAI-02350,Ports,Maharashtra,227.9,247.8,38,68,100.0,100.0,12,4,1,0,0,0,6.4,0
PAI-02351,Water & Sanitation,West Bengal,648.9,665.7,47,6,12.9,13.3,13,1,0,1,0,0,0.5,1
PAI-02352,Roads,Tamil Nadu,117.8,123.9,42,36,89.6,91.7,10,1,1,0,0,0,-4.8,0
PAI-02353,Power,Madhya Pradesh,148.3,152.9,44,54,100.0,92.0,11,1,1,0,0,0,0.7,1
PAI-02354,Railways,Jharkhand,156.3,167.1,59,61,99.9,95.5,15,0,1,0,0,0,4.7,0
PAI-02355,Urban Transit,Bihar,165.6,191.7,49,66,98.3,100.0,14,2,1,0,1,0,9.6,0
PAI-02356,Railways,Gujarat,195.8,221.9,43,60,100.0,100.0,10,3,0,1,0,1,15.5,1
PAI-02357,Industrial Corridors,Odisha,34.6,40.4,12,41,92.4,95.1,4,0,1,0,1,1,3.5,1
PAI-02358,Water & Sanitation,Uttar Pradesh,216.7,229.2,42,81,97.9,100.0,12,1,0,1,0,0,0.7,0
PAI-02359,Industrial Corridors,Madhya Pradesh,291.0,307.3,33,38,91.3,73.6,8,1,0,0,0,0,-2.6,0
PAI-02360,Urban Transit,Bihar,156.4,161.6,32,48,79.2,76.9,6,0,1,1,0,0,1.0,0
PAI-02361,Ports,Telangana,103.8,106.5,61,16,21.5,24.1,12,1,0,0,0,0,4.5,0
PAI-02362,Ports,Jharkhand,128.8,131.6,40,33,72.1,70.8,11,1,1,0,0,0,6.4,1
PAI-02363,Water & Sanitation,West Bengal,257.0,277.1,21,21,81.2,93.7,5,1,0,0,1,0,6.3,1
PAI-02364,Roads,Bihar,378.6,396.1,47,64,100.0,100.0,13,1,0,1,0,1,0.7,1
PAI-02365,Power,West Bengal,584.0,604.4,28,21,83.1,97.9,10,0,0,0,0,0,-5.6,1
PAI-02366,Roads,Haryana,168.3,175.1,35,15,39.4,44.9,7,0,1,0,0,0,13.9,0
PAI-02367,Water & Sanitation,West Bengal,462.8,496.2,32,15,42.4,43.8,12,0,0,0,0,1,-10.1,1
PAI-02368,Water & Sanitation,Bihar,432.7,454.1,58,15,20.8,24.1,16,1,0,0,0,0,-3.5,1
PAI-02369,Roads,Maharashtra,260.7,299.8,32,75,100.0,100.0,8,1,1,0,1,0,4.0,1
PAI-02370,Ports,West Bengal,553.1,586.6,55,56,93.1,82.9,14,3,0,0,0,1,-0.3,1
PAI-02371,Industrial Corridors,Maharashtra,74.5,76.9,31,74,92.3,92.1,7,0,0,0,0,0,4.0,1
PAI-02372,Water & Sanitation,Andhra Pradesh,174.0,177.3,34,72,90.2,88.7,8,1,0,0,0,0,-5.3,0
PAI-02373,Urban Transit,Bihar,321.2,344.8,23,67,100.0,92.2,9,1,1,0,0,0,-3.3,1
PAI-02374,Airports,Uttar Pradesh,700.3,710.2,37,42,100.0,98.4,7,2,0,0,0,0,-5.7,1
PAI-02375,Airports,Telangana,272.6,300.1,64,63,100.0,92.6,17,0,1,1,0,0,-5.3,0
PAI-02376,Urban Transit,Telangana,108.9,112.3,49,18,39.8,42.1,15,1,0,0,0,0,5.9,0
PAI-02377,Industrial Corridors,Telangana,248.8,255.8,24,62,100.0,100.0,6,0,0,0,0,0,2.1,0
PAI-02378,Roads,Maharashtra,84.8,88.3,21,72,100.0,100.0,4,1,0,1,0,0,4.1,0
PAI-02379,Power,Haryana,139.7,142.4,57,48,93.5,87.4,13,1,0,0,0,0,-4.1,1
PAI-02380,Power,Uttar Pradesh,192.1,229.4,62,10,15.7,0.0,12,2,0,0,1,1,12.8,1
PAI-02381,Ports,Odisha,515.3,590.1,40,73,100.0,100.0,9,0,1,0,1,0,7.3,1
PAI-02382,Water & Sanitation,Uttar Pradesh,746.1,771.4,44,27,50.1,54.2,9,1,0,0,0,0,1.9,0
PAI-02383,Ports,Gujarat,55.9,58.9,31,65,92.0,89.9,5,2,1,0,0,0,9.1,0
PAI-02384,Roads,Maharashtra,160.8,175.7,35,38,85.3,100.0,9,1,0,1,0,1,9.1,1
PAI-02385,Water & Sanitation,Andhra Pradesh,439.6,472.5,57,78,83.6,89.9,13,0,1,1,0,0,-5.7,0
PAI-02386,Urban Transit,Karnataka,137.9,143.1,24,56,89.4,78.1,8,0,0,1,0,0,2.5,1
PAI-02387,Roads,Rajasthan,75.4,77.3,35,17,39.9,32.5,9,1,0,0,0,0,5.1,0
PAI-02388,Industrial Corridors,Telangana,429.9,492.9,44,82,100.0,78.1,13,0,1,0,1,0,2.8,0
PAI-02389,Railways,West Bengal,610.1,667.1,41,6,33.3,25.1,11,1,1,0,0,1,3.7,0
PAI-02390,Airports,Haryana,105.8,112.9,64,73,97.3,94.5,16,0,1,0,0,0,6.6,1
PAI-02391,Power,Maharashtra,196.3,209.8,41,42,89.2,92.0,10,0,1,0,0,1,-1.5,1
PAI-02392,Power,Tamil Nadu,184.6,193.1,68,12,12.3,14.4,16,0,0,0,0,0,-4.8,0
PAI-02393,Roads,Rajasthan,75.3,76.7,38,78,86.2,93.1,10,0,0,0,0,0,2.0,0
PAI-02394,Railways,Odisha,156.5,170.3,12,29,90.1,79.3,4,1,1,0,0,0,3.2,0
PAI-02395,Ports,Jharkhand,740.4,781.8,45,18,41.7,49.1,10,2,0,1,0,0,7.0,0
PAI-02396,Airports,Andhra Pradesh,144.1,148.8,42,66,97.9,100.0,11,0,0,1,0,0,2.9,0
PAI-02397,Urban Transit,West Bengal,109.2,109.2,53,71,100.0,100.0,12,1,0,0,0,0,-0.2,0
PAI-02398,Airports,Haryana,685.0,707.2,15,19,95.7,88.0,7,0,0,0,0,1,-9.0,0
PAI-02399,Airports,Uttar Pradesh,292.3,341.2,48,19,24.4,19.6,11,3,0,1,1,0,7.4,1
PAI-02400,Ports,West Bengal,374.4,382.9,48,58,97.8,86.5,15,0,0,0,0,0,3.8,0
PAI-02401,Roads,Gujarat,113.9,119.7,31,70,100.0,100.0,5,1,1,0,0,0,0.8,0
PAI-02402,Urban Transit,Bihar,263.5,264.6,26,49,96.2,99.6,8,1,0,0,0,0,1.5,0
PAI-02403,Railways,Gujarat,184.0,185.9,30,65,100.0,100.0,6,0,1,1,0,0,0.5,0
PAI-02404,Roads,Maharashtra,205.4,213.1,51,32,63.7,62.9,14,0,1,0,0,0,1.7,1
PAI-02405,Water & Sanitation,Telangana,198.0,215.8,46,40,84.8,87.2,11,0,1,0,0,0,6.3,0
PAI-02406,Railways,Telangana,357.8,387.0,30,72,88.9,88.7,4,1,1,0,0,0,9.2,1
PAI-02407,Ports,West Bengal,230.8,259.3,50,42,93.3,79.0,13,1,1,1,0,0,2.3,1
PAI-02408,Power,Kerala,554.7,598.2,68,30,52.9,72.2,17,2,0,0,0,1,3.9,0
PAI-02409,Roads,Haryana,868.6,911.1,40,8,15.7,0.0,9,1,0,0,1,0,2.0,0
PAI-02410,Railways,Telangana,49.9,55.9,19,62,85.0,72.8,4,0,1,0,0,1,4.2,0
PAI-02411,Industrial Corridors,Kerala,29.7,31.4,61,48,83.5,87.2,14,0,1,0,0,0,1.3,0
PAI-02412,Railways,Haryana,1313.3,1487.8,46,66,94.1,91.1,12,1,1,0,0,1,3.6,1
PAI-02413,Roads,Karnataka,353.1,375.9,44,10,24.1,34.0,11,0,1,0,0,1,-3.8,1
PAI-02414,Ports,West Bengal,921.7,1004.2,51,57,100.0,100.0,11,0,1,0,1,0,-5.8,1
PAI-02415,Roads,Tamil Nadu,152.0,159.6,30,82,100.0,96.6,6,0,0,0,0,0,10.3,1
PAI-02416,Urban Transit,Rajasthan,552.4,580.9,72,41,57.9,55.3,21,0,0,0,0,0,-1.4,1
PAI-02417,Water & Sanitation,Telangana,58.7,62.0,50,45,80.1,86.9,13,0,1,0,0,0,3.7,1
PAI-02418,Airports,Andhra Pradesh,144.0,148.4,40,65,100.0,100.0,12,0,1,0,0,0,0.3,0
PAI-02419,Urban Transit,Uttar Pradesh,337.3,369.1,38,33,79.5,86.4,12,1,1,1,0,0,6.4,0
PAI-02420,Roads,Gujarat,434.6,448.9,43,57,100.0,98.9,7,1,0,0,0,0,10.9,1
PAI-02421,Roads,Haryana,433.7,449.9,44,16,44.9,46.0,17,0,0,0,1,0,-8.1,1
PAI-02422,Water & Sanitation,Andhra Pradesh,420.8,429.6,40,39,100.0,100.0,6,0,1,0,0,0,-3.9,0
PAI-02423,Water & Sanitation,Haryana,234.6,249.2,51,23,44.4,42.4,14,0,0,0,0,0,2.3,0
PAI-02424,Industrial Corridors,Rajasthan,417.7,464.2,40,19,34.8,38.7,11,1,1,0,0,1,3.7,1
PAI-02425,Railways,Telangana,1654.1,1881.6,12,73,88.2,86.6,4,3,0,0,1,0,11.5,1
PAI-02426,Industrial Corridors,Kerala,263.8,274.5,12,56,100.0,100.0,4,0,0,1,0,0,1.4,0
PAI-02427,Industrial Corridors,Telangana,25.0,25.7,56,54,90.0,95.9,13,0,0,1,0,0,6.4,0
PAI-02428,Power,Gujarat,190.5,206.1,38,70,97.2,100.0,10,2,1,0,0,0,2.5,0
PAI-02429,Ports,Karnataka,316.7,337.9,23,56,97.5,100.0,5,1,0,0,0,1,1.1,1
PAI-02430,Urban Transit,Gujarat,93.1,93.7,40,54,81.9,69.9,8,0,0,1,0,0,-8.9,0
PAI-02431,Roads,Maharashtra,160.1,165.4,40,84,94.1,82.8,10,0,0,1,0,0,2.6,0
PAI-02432,Power,Karnataka,473.9,483.3,36,34,95.6,100.0,10,0,0,0,0,0,-7.3,0
PAI-02433,Urban Transit,Madhya Pradesh,145.5,165.8,45,69,89.2,67.1,7,2,0,0,1,0,4.9,1
PAI-02434,Roads,Karnataka,186.5,190.4,35,32,91.7,97.8,7,0,1,1,0,0,-2.0,0
PAI-02435,Airports,Jharkhand,158.9,160.3,31,35,100.0,100.0,6,1,0,0,0,0,2.6,0
PAI-02436,Railways,Telangana,97.9,108.6,63,10,15.4,18.3,16,1,0,1,0,1,-3.1,0
PAI-02437,Railways,Haryana,209.8,214.6,49,7,14.8,19.6,12,1,0,0,0,0,4.6,0
PAI-02438,Urban Transit,Haryana,315.1,345.5,32,49,93.6,90.0,8,1,0,1,1,0,-5.3,1
PAI-02439,Airports,Kerala,190.7,197.0,19,11,60.7,63.6,8,0,0,0,0,0,-3.2,0
PAI-02440,Roads,Odisha,187.5,196.1,58,39,82.0,70.9,14,2,0,0,0,0,9.8,1
PAI-02441,Roads,Rajasthan,44.0,48.0,44,61,99.5,100.0,11,1,0,1,0,0,0.6,0
PAI-02442,Water & Sanitation,West Bengal,378.6,387.9,48,23,33.6,23.8,12,2,0,0,0,0,0.1,0
PAI-02443,Railways,Gujarat,205.3,218.0,24,8,44.6,53.9,8,0,0,0,0,0,-2.5,0
PAI-02444,Industrial Corridors,Uttar Pradesh,63.8,71.2,37,45,100.0,89.9,10,1,1,0,1,0,0.7,0
PAI-02445,Railways,Jharkhand,651.4,692.7,38,81,90.6,87.9,7,0,1,0,0,0,-0.6,0
PAI-02446,Industrial Corridors,Andhra Pradesh,171.6,196.7,28,36,92.0,96.5,7,2,1,0,0,0,7.3,1
PAI-02447,Railways,Telangana,1320.4,1425.6,28,71,100.0,95.5,8,1,0,0,0,1,8.4,0
PAI-02448,Ports,Uttar Pradesh,1522.4,1753.0,49,74,92.1,77.6,11,1,1,0,1,0,6.3,0
PAI-02449,Railways,Andhra Pradesh,236.4,249.8,49,34,65.4,61.1,8,0,0,0,0,0,-5.7,0
PAI-02450,Urban Transit,Haryana,712.8,745.3,42,13,27.9,33.6,10,1,0,0,1,0,3.9,1
PAI-02451,Roads,Maharashtra,265.5,274.2,63,17,24.7,8.5,14,0,1,0,0,0,-4.2,0
PAI-02452,Railways,Uttar Pradesh,390.1,434.9,45,60,97.3,100.0,9,2,1,0,0,0,4.0,1
PAI-02453,Ports,Uttar Pradesh,133.5,153.3,56,14,24.5,8.7,15,2,0,1,0,1,6.8,1
PAI-02454,Railways,Uttar Pradesh,158.5,168.7,48,15,35.0,18.9,13,0,0,1,0,1,-2.1,0
PAI-02455,Railways,Andhra Pradesh,847.0,905.3,62,46,84.8,77.0,18,1,1,0,0,0,-0.7,1
PAI-02456,Airports,Gujarat,150.6,158.9,38,56,91.7,95.8,11,1,0,0,0,1,7.7,0
PAI-02457,Ports,Madhya Pradesh,121.8,132.2,12,13,96.0,85.4,5,1,1,0,0,0,3.4,0
PAI-02458,Urban Transit,Madhya Pradesh,286.3,304.4,22,36,91.1,86.5,4,0,0,0,1,0,1.5,0
PAI-02459,Roads,West Bengal,172.2,176.5,26,41,100.0,100.0,10,0,0,0,0,0,0.4,0
PAI-02460,Roads,Kerala,408.3,440.1,42,71,100.0,100.0,10,1,0,0,0,1,2.4,1
PAI-02461,Roads,Kerala,264.7,291.4,65,22,38.0,52.8,16,2,1,0,0,1,5.6,1
PAI-02462,Industrial Corridors,Gujarat,314.1,327.0,49,76,90.0,83.0,8,0,1,0,0,0,0.9,0
PAI-02463,Urban Transit,Haryana,130.6,131.7,80,28,37.6,32.4,23,1,0,0,0,0,-5.0,1
PAI-02464,Railways,Andhra Pradesh,748.6,818.0,12,61,100.0,98.3,4,0,1,0,0,0,5.2,0
PAI-02465,Roads,Odisha,303.3,312.2,47,41,78.5,90.1,14,0,1,0,0,0,-7.3,0
PAI-02466,Urban Transit,Uttar Pradesh,171.6,202.1,47,79,95.4,79.7,10,0,1,0,1,0,2.6,1
PAI-02467,Power,Jharkhand,59.0,59.5,43,38,100.0,100.0,13,1,0,0,0,0,-1.1,0
PAI-02468,Roads,Uttar Pradesh,32.0,36.4,55,71,100.0,95.1,13,0,1,0,1,0,7.1,0
PAI-02469,Industrial Corridors,Odisha,53.1,54.6,21,60,100.0,100.0,4,0,0,1,0,0,-2.6,0
PAI-02470,Urban Transit,Gujarat,468.5,511.8,81,42,53.0,48.9,20,1,1,1,0,0,2.6,1
PAI-02471,Power,Madhya Pradesh,886.2,890.9,45,40,98.3,100.0,12,0,0,0,0,0,-2.7,0
PAI-02472,Railways,Karnataka,172.5,184.6,79,76,100.0,100.0,18,1,0,1,0,0,6.3,0
PAI-02473,Power,Andhra Pradesh,485.5,510.6,39,84,86.0,100.0,12,1,0,0,0,0,9.2,1
PAI-02474,Water & Sanitation,Madhya Pradesh,145.3,147.9,59,18,31.4,30.7,17,1,0,0,0,0,-7.5,0
PAI-02475,Power,Uttar Pradesh,267.3,293.6,46,77,100.0,95.4,11,2,0,0,0,1,9.9,0
PAI-02476,Roads,Bihar,105.7,110.7,30,81,99.6,96.5,8,1,1,0,0,0,4.8,0
PAI-02477,Roads,Telangana,301.7,310.6,48,69,86.5,100.0,10,0,0,0,0,0,3.0,0
PAI-02478,Roads,Rajasthan,100.5,109.7,29,35,93.4,90.4,9,0,1,1,0,0,7.7,1
PAI-02479,Roads,Telangana,360.5,365.2,52,51,100.0,100.0,12,3,0,0,0,0,3.4,0
PAI-02480,Railways,Rajasthan,111.2,114.4,37,11,37.8,42.7,8,0,1,0,0,0,5.9,1
PAI-02481,Roads,Jharkhand,363.2,376.5,44,72,89.5,85.4,12,0,0,0,0,0,3.2,0
PAI-02482,Railways,Tamil Nadu,113.0,130.3,23,50,100.0,98.7,5,0,1,0,0,1,-0.4,0
PAI-02483,Railways,Madhya Pradesh,137.4,167.3,21,80,100.0,88.3,7,2,1,0,1,1,7.2,1
PAI-02484,Power,Bihar,305.5,305.6,21,12,54.8,45.5,5,1,0,0,0,0,7.5,0
PAI-02485,Power,Rajasthan,351.0,359.8,21,44,100.0,87.8,5,1,0,0,0,0,1.5,0
PAI-02486,Roads,Jharkhand,224.6,224.6,42,77,99.1,88.7,10,0,0,0,0,0,0.0,0
PAI-02487,Power,Madhya Pradesh,644.1,658.0,12,25,91.2,88.4,4,1,0,0,0,0,-2.3,0
PAI-02488,Power,West Bengal,189.6,198.0,43,52,100.0,94.8,9,1,0,1,0,0,2.5,0
PAI-02489,Power,Uttar Pradesh,109.9,113.0,62,50,83.1,78.2,13,1,0,1,0,0,-1.8,0
PAI-02490,Urban Transit,Odisha,316.5,336.0,22,55,95.9,97.2,9,0,0,0,0,0,14.2,0
PAI-02491,Roads,West Bengal,808.4,896.7,32,50,90.4,96.0,6,3,1,0,0,0,3.4,1
PAI-02492,Water & Sanitation,Odisha,1455.7,1501.6,37,12,31.0,21.6,9,0,0,0,0,1,-2.4,1
PAI-02493,Ports,Telangana,148.2,163.3,55,75,100.0,100.0,17,0,1,0,1,1,-1.1,1
PAI-02494,Power,Tamil Nadu,25.0,27.1,57,57,100.0,93.2,13,1,1,0,0,0,5.7,0
PAI-02495,Railways,Tamil Nadu,507.9,520.7,34,9,16.3,2.9,9,0,0,0,0,0,-6.1,0
PAI-02496,Water & Sanitation,Maharashtra,281.4,286.3,33,27,81.8,99.3,9,2,0,0,0,0,-4.4,1
PAI-02497,Urban Transit,Uttar Pradesh,110.6,113.7,39,43,96.2,88.1,12,1,0,0,0,0,-3.1,0
PAI-02498,Urban Transit,Jharkhand,490.8,493.7,33,20,62.4,67.3,6,0,0,1,0,0,1.4,0
PAI-02499,Airports,Tamil Nadu,156.8,170.7,38,54,100.0,100.0,11,1,1,0,0,0,4.2,0
PAI-02500,Water & Sanitation,Tamil Nadu,202.9,217.3,46,47,100.0,97.7,9,2,1,0,0,0,6.1,0
PAI-02501,Urban Transit,West Bengal,479.7,513.4,15,59,93.6,87.5,4,0,1,0,0,0,4.2,1
PAI-02502,Urban Transit,Maharashtra,138.2,142.5,39,32,77.1,78.6,10,1,0,0,0,0,-7.7,0
PAI-02503,Water & Sanitation,Tamil Nadu,1206.2,1252.9,63,73,100.0,100.0,16,2,0,0,0,1,8.1,0
PAI-02504,Industrial Corridors,Madhya Pradesh,157.5,161.2,34,46,100.0,100.0,9,0,0,1,0,0,-1.2,0
PAI-02505,Roads,Gujarat,153.7,176.2,36,81,100.0,98.1,6,1,1,0,0,1,6.5,1
PAI-02506,Power,Kerala,1106.0,1129.1,36,60,88.7,83.4,8,1,0,0,0,0,2.3,1
PAI-02507,Urban Transit,Uttar Pradesh,143.3,148.9,50,67,93.4,75.6,11,0,0,0,0,0,-5.1,1
PAI-02508,Power,Uttar Pradesh,129.3,132.2,70,18,17.2,20.8,14,1,0,0,0,0,-2.3,0
PAI-02509,Power,Madhya Pradesh,471.6,476.8,41,11,17.7,15.1,12,2,0,0,0,0,7.6,0
PAI-02510,Roads,Tamil Nadu,311.2,313.1,48,47,98.0,86.2,13,0,0,1,0,0,-7.6,0
PAI-02511,Roads,Haryana,347.5,366.2,24,12,38.3,26.1,7,2,0,0,1,0,-4.2,0
PAI-02512,Railways,Maharashtra,203.3,213.4,62,60,93.0,85.2,14,1,1,0,0,0,10.8,0
PAI-02513,Airports,Haryana,199.4,227.6,45,74,100.0,95.3,15,2,1,0,0,0,8.1,1
PAI-02514,Urban Transit,Bihar,525.2,538.6,52,13,29.6,21.4,14,0,0,0,0,0,2.8,0
PAI-02515,Water & Sanitation,Gujarat,517.1,532.8,44,60,100.0,93.6,13,1,0,0,0,0,3.9,0
PAI-02516,Industrial Corridors,Gujarat,188.8,197.5,52,67,90.0,85.3,14,0,1,0,0,0,3.1,0
PAI-02517,Roads,Andhra Pradesh,193.9,212.2,60,61,99.9,100.0,14,2,1,1,0,0,1.1,1
PAI-02518,Urban Transit,Rajasthan,845.2,878.4,25,57,100.0,100.0,4,0,0,1,0,0,4.8,0
PAI-02519,Power,West Bengal,457.4,470.7,54,76,100.0,100.0,15,1,0,0,0,0,-1.1,1
PAI-02520,Railways,Karnataka,3317.7,3437.9,51,34,63.7,64.9,14,0,0,1,0,0,-1.0,0
PAI-02521,Airports,Telangana,215.1,221.9,24,7,36.8,31.7,5,1,0,0,0,0,2.0,0
PAI-02522,Urban Transit,Maharashtra,179.0,182.0,36,69,100.0,100.0,9,1,0,0,0,0,4.2,0
PAI-02523,Power,West Bengal,60.6,65.9,53,74,82.2,88.9,10,2,0,0,0,1,7.7,1
PAI-02524,Roads,Uttar Pradesh,81.5,83.0,62,53,91.0,90.2,18,1,0,1,0,0,2.9,0
PAI-02525,Industrial Corridors,Maharashtra,160.4,168.4,48,70,98.1,89.0,11,0,1,0,0,0,5.9,1
PAI-02526,Urban Transit,Odisha,1763.5,1782.0,38,30,81.8,90.6,9,0,0,0,0,0,0.6,0
PAI-02527,Roads,Uttar Pradesh,168.2,169.5,61,26,26.9,42.5,13,2,0,0,0,0,-2.5,0
PAI-02528,Ports,Maharashtra,200.3,208.0,21,32,88.6,90.2,5,1,0,1,0,0,2.1,0
PAI-02529,Roads,Telangana,165.3,178.0,12,45,100.0,99.2,4,2,1,0,0,0,7.5,1
PAI-02530,Urban Transit,West Bengal,175.4,196.5,15,67,100.0,83.0,5,0,0,1,1,0,-6.4,1
PAI-02531,Industrial Corridors,Haryana,833.0,865.1,34,6,25.9,23.4,7,1,0,0,0,0,3.0,0
PAI-02532,Roads,Tamil Nadu,53.1,54.2,22,19,88.6,77.9,6,0,0,0,0,0,1.6,0
PAI-02533,Railways,Andhra Pradesh,193.9,206.8,64,45,82.8,87.6,14,1,0,1,1,0,0.9,0
PAI-02534,Urban Transit,Haryana,804.6,826.3,42,65,100.0,96.1,11,2,0,0,0,0,1.8,0
PAI-02535,Water & Sanitation,Odisha,154.7,156.4,45,74,90.4,100.0,12,0,0,0,0,0,2.9,0
PAI-02536,Power,Rajasthan,207.5,212.1,37,84,100.0,92.8,6,1,0,0,0,0,2.3,1
PAI-02537,Railways,Telangana,1379.9,1379.9,74,6,12.6,7.2,21,2,0,0,0,0,-0.7,0
PAI-02538,Airports,Tamil Nadu,182.5,188.1,47,50,99.1,100.0,13,0,1,0,0,0,-4.0,0
PAI-02539,Water & Sanitation,Madhya Pradesh,122.1,122.7,27,29,78.5,86.9,7,0,0,0,0,0,-2.5,0
PAI-02540,Railways,Tamil Nadu,180.5,185.3,58,80,90.0,88.7,18,0,1,0,0,0,1.1,0
PAI-02541,Roads,Telangana,89.9,103.4,37,65,100.0,100.0,8,2,1,0,1,1,2.0,1
PAI-02542,Urban Transit,Uttar Pradesh,98.4,109.5,60,39,55.0,49.8,16,0,1,0,1,0,-1.8,0
PAI-02543,Power,Andhra Pradesh,101.3,104.4,12,44,96.9,100.0,4,0,0,0,0,0,2.6,0
PAI-02544,Roads,Haryana,326.2,334.2,61,37,57.2,50.0,12,0,0,1,0,0,-2.4,0
PAI-02545,Industrial Corridors,Haryana,124.5,134.5,22,66,100.0,92.4,4,0,1,1,0,0,3.0,1
PAI-02546,Railways,Rajasthan,192.0,216.1,53,84,100.0,100.0,12,3,0,0,0,1,8.3,1
PAI-02547,Railways,Odisha,322.1,331.3,51,23,46.8,49.5,12,2,0,1,0,0,-3.9,0
PAI-02548,Water & Sanitation,Karnataka,317.5,333.4,67,42,64.9,54.8,16,1,0,0,0,1,8.2,1
PAI-02549,Industrial Corridors,West Bengal,592.6,599.3,26,42,86.1,88.8,4,0,0,0,0,0,4.8,0
PAI-02550,Railways,Bihar,320.3,327.1,12,17,99.5,92.3,5,0,0,0,0,0,-10.8,1
PAI-02551,Urban Transit,Odisha,1270.0,1353.7,28,73,100.0,96.9,4,2,0,0,0,1,4.7,1
PAI-02552,Power,Maharashtra,93.7,101.0,18,8,52.9,52.7,4,2,1,0,0,0,1.0,1
PAI-02553,Industrial Corridors,Gujarat,414.0,434.4,33,28,89.1,85.5,5,0,0,0,0,0,-1.4,0
PAI-02554,Water & Sanitation,Madhya Pradesh,76.6,79.2,40,53,86.9,93.2,9,0,0,0,0,0,-1.9,0
PAI-02555,Water & Sanitation,Telangana,345.4,348.7,55,69,88.7,100.0,17,3,0,0,0,0,7.6,1
PAI-02556,Water & Sanitation,Telangana,141.3,144.8,75,83,94.7,78.4,18,1,0,0,0,0,7.7,1
PAI-02557,Railways,Bihar,113.9,130.1,23,37,100.0,100.0,5,2,1,1,0,1,2.9,0
PAI-02558,Power,Karnataka,287.0,297.4,60,22,37.3,39.9,18,0,0,0,0,0,7.5,0
PAI-02559,Water & Sanitation,Madhya Pradesh,274.3,287.0,67,18,28.7,40.4,17,2,0,0,0,0,7.4,0
PAI-02560,Ports,Gujarat,112.6,127.2,61,16,8.0,11.6,16,1,1,0,0,1,6.4,1
PAI-02561,Urban Transit,Odisha,467.2,473.2,34,75,100.0,100.0,4,1,0,0,0,0,-1.2,0
PAI-02562,Urban Transit,Maharashtra,300.6,337.6,64,58,95.8,100.0,19,3,1,0,0,0,13.4,0
PAI-02563,Railways,Telangana,515.8,533.7,20,26,87.6,80.6,7,1,0,0,0,0,7.6,0
PAI-02564,Water & Sanitation,Gujarat,998.0,1129.8,26,61,98.9,100.0,8,2,0,0,0,1,16.9,1
PAI-02565,Roads,Gujarat,151.8,164.2,46,28,69.7,64.8,6,2,1,0,0,0,8.1,1
PAI-02566,Industrial Corridors,Bihar,314.7,361.4,23,80,95.6,100.0,8,0,1,1,1,0,-0.1,1
PAI-02567,Power,Uttar Pradesh,232.0,234.1,40,42,100.0,98.7,9,0,1,0,0,0,4.0,0
PAI-02568,Power,Tamil Nadu,118.5,119.1,35,63,94.2,87.3,7,0,0,0,0,0,-3.1,0
PAI-02569,Roads,Bihar,358.9,367.2,50,39,58.1,46.1,10,1,0,0,0,0,1.5,1
PAI-02570,Water & Sanitation,Bihar,216.7,221.0,40,46,94.0,93.6,12,0,0,0,0,0,-6.5,0
PAI-02571,Urban Transit,Madhya Pradesh,102.6,104.9,28,75,100.0,93.3,7,0,0,0,0,0,-2.4,0
PAI-02572,Industrial Corridors,Kerala,529.1,564.0,69,77,100.0,92.7,18,0,0,1,1,0,4.1,1
PAI-02573,Ports,Haryana,544.6,607.3,71,12,1.2,0.0,14,4,0,0,0,1,12.3,1
PAI-02574,Roads,Odisha,377.6,387.4,37,26,64.8,80.1,9,0,0,0,0,0,7.3,0
PAI-02575,Urban Transit,Bihar,339.3,344.4,12,51,100.0,87.7,4,0,0,0,0,0,-4.4,1
PAI-02576,Railways,Gujarat,664.6,704.0,17,7,23.3,20.7,5,0,1,0,0,0,-6.9,1
PAI-02577,Industrial Corridors,Telangana,238.3,248.5,43,15,43.7,50.5,10,0,0,1,0,1,4.4,0
PAI-02578,Ports,Jharkhand,329.0,335.6,36,84,100.0,100.0,7,0,0,0,0,0,1.0,0
PAI-02579,Industrial Corridors,West Bengal,92.3,99.7,52,18,52.3,47.8,17,3,0,0,0,0,10.7,1
PAI-02580,Railways,Kerala,514.7,521.1,20,12,57.7,61.9,4,0,0,1,0,0,-9.7,0
PAI-02581,Roads,Haryana,113.1,126.6,12,79,95.8,96.6,4,0,1,1,0,0,2.8,1
PAI-02582,Airports,Uttar Pradesh,274.0,280.1,79,82,92.7,99.0,19,1,0,1,0,0,2.4,1
PAI-02583,Railways,Maharashtra,178.6,184.5,62,69,97.7,100.0,11,2,0,0,0,0,2.0,0
PAI-02584,Water & Sanitation,Madhya Pradesh,101.9,106.6,23,52,70.0,79.0,6,0,1,0,0,0,-5.4,1
PAI-02585,Power,West Bengal,61.7,65.8,35,63,93.2,94.9,13,1,0,0,0,1,10.7,1
PAI-02586,Power,Telangana,49.5,51.9,60,22,16.5,17.5,15,0,0,0,0,0,3.0,0
PAI-02587,Roads,Rajasthan,76.1,79.6,31,78,100.0,85.4,9,0,0,0,0,0,-2.8,0
PAI-02588,Roads,Kerala,79.0,81.0,26,75,92.1,86.2,5,0,0,1,0,0,0.1,1
PAI-02589,Ports,West Bengal,99.1,113.8,38,45,96.9,87.0,9,2,0,1,0,0,11.7,1
PAI-02590,Railways,Bihar,2110.8,2339.7,53,67,88.7,71.4,11,1,1,0,0,0,-0.4,1
PAI-02591,Urban Transit,Andhra Pradesh,92.1,100.4,65,76,95.6,100.0,18,0,1,0,0,0,2.0,1
PAI-02592,Roads,Maharashtra,316.0,327.8,57,67,87.2,90.4,13,0,0,1,0,0,1.2,0
PAI-02593,Railways,Kerala,417.5,428.1,54,46,79.0,71.7,13,2,0,0,0,0,-0.7,0
PAI-02594,Roads,Karnataka,231.5,241.4,33,30,97.1,100.0,11,1,0,0,0,0,6.9,0
PAI-02595,Urban Transit,Andhra Pradesh,423.5,428.7,41,16,31.4,30.4,9,0,0,0,0,0,-0.1,0
PAI-02596,Power,Telangana,149.4,158.8,37,38,90.3,79.4,10,1,0,0,0,1,7.6,1
PAI-02597,Water & Sanitation,Maharashtra,89.4,90.3,43,6,9.2,0.0,11,2,0,0,0,0,4.8,0
PAI-02598,Ports,Gujarat,539.8,547.5,72,80,84.5,91.0,18,2,0,0,0,0,5.0,0
PAI-02599,Roads,Bihar,231.8,251.2,42,9,6.7,2.8,11,1,1,0,0,0,0.2,1
PAI-02600,Railways,Maharashtra,414.0,426.1,35,33,91.8,100.0,10,0,0,0,0,0,-5.5,0
PAI-02601,Airports,Odisha,761.8,781.2,12,12,96.8,100.0,4,2,0,0,0,0,4.9,0
PAI-02602,Roads,Rajasthan,251.9,265.1,58,6,7.4,0.7,15,2,0,0,1,0,3.1,1
PAI-02603,Water & Sanitation,Madhya Pradesh,320.5,360.5,40,7,29.4,32.6,11,4,0,0,0,0,13.2,0
PAI-02604,Ports,Uttar Pradesh,301.0,342.6,48,79,98.3,96.4,11,1,1,1,0,0,8.7,1
PAI-02605,Ports,Kerala,273.8,286.7,33,52,95.6,94.5,7,0,0,0,0,1,-2.8,0
PAI-02606,Railways,Telangana,73.4,83.6,42,54,87.9,85.7,10,3,0,0,0,1,10.2,0
PAI-02607,Urban Transit,Telangana,768.6,789.9,75,63,88.5,99.6,21,1,1,0,0,0,0.4,0
PAI-02608,Urban Transit,Kerala,462.6,481.5,53,60,100.0,93.4,15,0,0,0,0,0,2.9,0
PAI-02609,Industrial Corridors,Andhra Pradesh,178.1,178.6,12,8,66.6,75.0,4,3,0,0,0,0,8.9,1
PAI-02610,Railways,Andhra Pradesh,211.5,234.3,27,77,90.9,100.0,12,0,1,1,0,0,2.9,1
PAI-02611,Industrial Corridors,West Bengal,436.0,453.4,48,66,91.6,97.2,11,1,0,1,0,0,3.5,0
PAI-02612,Industrial Corridors,Telangana,1085.2,1128.4,68,71,100.0,96.1,17,1,0,1,0,0,7.2,0
PAI-02613,Power,Madhya Pradesh,235.9,247.6,40,42,94.1,94.5,10,2,0,1,0,0,7.4,0
PAI-02614,Water & Sanitation,Maharashtra,204.3,218.6,24,9,43.4,53.8,4,1,0,0,1,0,-3.9,1
PAI-02615,Power,West Bengal,148.7,161.1,22,14,65.2,53.3,4,0,1,0,0,0,-2.6,1
PAI-02616,Roads,Bihar,141.5,148.2,24,72,96.0,88.4,9,0,1,0,0,0,-6.8,0
PAI-02617,Railways,Karnataka,653.8,703.7,47,75,92.4,79.6,11,1,0,0,0,1,1.3,1
PAI-02618,Urban Transit,West Bengal,268.2,272.5,61,83,80.3,86.7,17,1,0,0,0,0,1.2,0
PAI-02619,Airports,Odisha,893.7,944.1,32,19,48.3,45.1,8,2,0,0,0,0,8.9,0
PAI-02620,Power,Gujarat,204.0,208.3,66,6,8.6,2.6,18,1,0,0,0,0,-1.7,0
PAI-02621,Railways,Rajasthan,229.6,235.2,50,75,93.1,78.5,13,2,0,0,0,0,0.4,0
PAI-02622,Roads,Haryana,471.3,490.4,37,79,96.0,91.6,9,1,0,0,0,0,-1.9,0
PAI-02623,Industrial Corridors,Bihar,666.4,698.0,33,82,97.6,91.1,12,0,1,0,0,0,-7.4,0
PAI-02624,Industrial Corridors,Uttar Pradesh,70.8,72.0,28,40,100.0,100.0,8,1,0,0,0,0,-2.4,0
PAI-02625,Water & Sanitation,Madhya Pradesh,60.8,63.1,39,82,100.0,93.9,11,0,1,0,0,0,0.2,0
PAI-02626,Railways,Gujarat,161.4,175.3,21,79,100.0,100.0,4,1,1,0,0,0,-2.4,0
PAI-02627,Railways,Rajasthan,215.2,234.9,57,11,35.0,25.8,11,2,0,0,0,1,6.0,1
PAI-02628,Water & Sanitation,Uttar Pradesh,466.7,481.8,65,63,89.1,100.0,16,0,0,0,0,0,-4.2,0
PAI-02629,Airports,Uttar Pradesh,44.0,46.8,34,8,26.8,12.7,9,1,0,0,0,0,4.0,0
PAI-02630,Power,Tamil Nadu,415.3,428.4,39,10,11.1,0.1,15,1,0,0,0,0,3.0,0
PAI-02631,Industrial Corridors,West Bengal,166.8,172.7,12,82,96.5,94.6,4,0,0,1,0,0,3.3,1
PAI-02632,Airports,West Bengal,1133.5,1257.6,38,71,95.2,99.5,10,2,0,1,0,1,8.3,0
PAI-02633,Industrial Corridors,Uttar Pradesh,460.6,512.7,36,62,90.4,78.9,12,3,1,0,0,0,9.1,1
PAI-02634,Urban Transit,West Bengal,133.0,146.0,48,14,35.6,37.0,10,3,1,0,0,0,3.0,1
PAI-02635,Water & Sanitation,West Bengal,132.2,135.6,73,58,86.9,83.9,19,2,0,0,0,0,7.2,1
PAI-02636,Railways,Rajasthan,141.8,142.3,50,48,92.9,91.7,17,0,0,1,0,0,0.7,1
PAI-02637,Ports,Uttar Pradesh,51.3,52.1,45,15,21.3,27.9,11,0,0,0,0,0,7.5,0
PAI-02638,Water & Sanitation,Bihar,173.3,180.9,35,44,100.0,100.0,13,0,1,0,0,0,-4.8,0
PAI-02639,Roads,West Bengal,304.6,331.0,45,28,72.1,80.6,10,2,1,0,0,0,4.9,1
PAI-02640,Water & Sanitation,Tamil Nadu,40.5,42.6,46,76,100.0,90.4,13,2,0,0,0,0,11.8,0
PAI-02641,Railways,Maharashtra,641.7,653.1,45,60,76.8,68.4,12,0,0,0,0,0,5.0,0
PAI-02642,Urban Transit,Karnataka,189.9,201.6,59,57,100.0,100.0,17,2,0,1,0,0,10.2,1
PAI-02643,Ports,Kerala,1263.0,1313.1,43,38,81.3,81.6,12,1,1,0,0,0,-1.8,0
PAI-02644,Ports,Madhya Pradesh,252.6,278.5,30,56,87.7,86.7,6,1,0,1,1,0,6.6,1
PAI-02645,Roads,Jharkhand,572.5,579.4,46,27,67.5,63.9,12,1,0,0,0,0,3.2,1
PAI-02646,Roads,Kerala,371.9,385.7,24,21,71.3,67.3,6,0,1,0,0,0,-0.6,0
PAI-02647,Urban Transit,Andhra Pradesh,1047.1,1079.6,38,26,74.1,70.8,7,1,0,0,0,0,1.8,0
PAI-02648,Urban Transit,Tamil Nadu,229.2,253.2,17,80,91.7,96.2,4,1,0,0,0,1,4.2,1
PAI-02649,Railways,Haryana,402.1,429.2,42,32,86.1,100.0,7,1,1,1,0,0,0.3,0
PAI-02650,Water & Sanitation,Haryana,206.7,207.4,51,45,85.5,86.9,12,1,0,0,0,0,7.6,0
PAI-02651,Power,Jharkhand,569.3,610.7,26,48,100.0,94.9,4,1,0,1,0,0,4.8,0
PAI-02652,Railways,Jharkhand,111.7,114.7,33,57,100.0,96.9,13,1,0,0,0,0,1.3,0
PAI-02653,Water & Sanitation,Tamil Nadu,121.5,140.0,31,73,100.0,100.0,6,3,0,1,1,0,0.0,1
PAI-02654,Industrial Corridors,Odisha,95.4,98.0,27,76,89.6,97.6,8,0,0,0,0,0,-0.9,0
PAI-02655,Roads,Karnataka,274.2,304.5,36,79,100.0,100.0,7,1,1,0,1,0,2.0,1
PAI-02656,Industrial Corridors,Uttar Pradesh,139.1,142.6,57,42,86.1,97.6,12,0,1,0,0,0,0.7,0
PAI-02657,Urban Transit,Haryana,392.1,415.9,38,48,96.1,100.0,10,2,0,0,0,0,10.7,1
PAI-02658,Power,Uttar Pradesh,421.3,433.6,48,59,100.0,100.0,9,0,0,0,0,0,-2.7,0
PAI-02659,Industrial Corridors,Tamil Nadu,576.9,601.6,37,25,69.2,63.0,12,3,0,0,0,0,-2.0,0
PAI-02660,Urban Transit,Maharashtra,192.3,196.4,44,13,16.3,28.9,8,0,0,0,0,0,-3.1,0
PAI-02661,Power,Jharkhand,382.3,390.6,61,52,100.0,100.0,18,0,0,0,0,0,2.7,0
PAI-02662,Roads,Jharkhand,238.0,270.8,39,39,87.9,91.7,12,1,1,0,1,1,-2.5,0
PAI-02663,Ports,Andhra Pradesh,588.3,607.5,38,59,78.4,86.5,10,1,0,0,0,0,6.7,0
PAI-02664,Roads,Haryana,87.3,89.8,33,20,60.3,54.4,5,1,0,0,0,0,13.4,0
PAI-02665,Urban Transit,Bihar,314.4,341.2,47,60,92.1,92.1,12,1,1,0,0,0,-3.1,1
PAI-02666,Roads,Karnataka,241.8,246.7,43,31,71.9,76.1,9,0,0,0,0,0,1.3,0
PAI-02667,Urban Transit,Kerala,194.0,196.2,16,83,86.6,77.5,7,0,0,0,0,0,0.3,0
PAI-02668,Ports,Telangana,83.5,89.3,58,10,16.6,17.0,15,1,0,0,1,0,10.3,0
PAI-02669,Roads,Gujarat,194.3,203.4,20,13,76.0,88.7,5,0,1,0,0,1,-8.8,0
PAI-02670,Ports,Karnataka,1024.1,1100.6,23,69,100.0,100.0,5,0,1,0,0,1,-0.8,0
PAI-02671,Industrial Corridors,Odisha,1036.4,1045.6,24,31,98.3,99.7,7,1,0,0,0,0,2.6,0
PAI-02672,Railways,Andhra Pradesh,105.3,124.0,53,74,94.7,98.4,11,1,1,1,0,1,9.6,1
PAI-02673,Railways,Gujarat,1245.8,1245.8,41,66,100.0,100.0,7,0,0,0,0,0,1.6,0
PAI-02674,Urban Transit,Uttar Pradesh,190.6,203.6,43,45,100.0,100.0,11,0,0,1,1,0,0.6,0
PAI-02675,Railways,Karnataka,865.3,869.9,20,16,84.1,75.5,6,1,0,0,0,0,6.1,1
PAI-02676,Railways,Andhra Pradesh,816.1,858.8,73,37,56.0,64.3,18,0,1,0,0,0,1.1,1
PAI-02677,Railways,Haryana,301.9,307.7,17,58,93.1,100.0,4,0,0,1,0,0,2.3,0
PAI-02678,Water & Sanitation,Uttar Pradesh,301.1,312.0,43,30,81.2,70.0,8,2,0,0,0,0,12.3,0
PAI-02679,Power,Kerala,586.2,626.4,12,33,100.0,83.9,4,1,0,0,1,0,-6.5,1
PAI-02680,Power,Andhra Pradesh,200.0,214.9,30,56,100.0,94.6,10,0,0,0,1,0,-1.7,0
PAI-02681,Power,Jharkhand,185.5,211.4,27,54,80.6,62.5,7,0,0,0,1,1,0.3,1
PAI-02682,Airports,Gujarat,224.6,230.9,66,34,48.4,43.7,18,1,0,0,0,0,-0.7,0
PAI-02683,Railways,Haryana,799.1,840.5,54,66,100.0,92.0,15,1,0,0,0,0,-1.8,1
PAI-02684,Urban Transit,Telangana,410.4,424.9,53,50,100.0,100.0,19,0,0,0,0,0,5.9,0
PAI-02685,Roads,Uttar Pradesh,202.7,224.2,58,81,91.8,95.2,16,0,1,1,0,0,0.7,0
PAI-02686,Ports,Kerala,112.4,116.6,47,42,94.8,100.0,11,2,0,0,0,0,4.8,1
PAI-02687,Roads,Haryana,547.7,599.9,55,70,97.5,97.6,14,1,0,1,0,0,6.4,1
PAI-02688,Water & Sanitation,Uttar Pradesh,473.2,493.6,43,77,97.7,100.0,11,1,0,0,0,0,-0.4,1
PAI-02689,Roads,Kerala,289.6,324.6,78,31,41.6,50.6,21,1,1,0,0,1,-6.2,1
PAI-02690,Ports,Gujarat,246.2,257.3,53,67,100.0,92.8,12,3,0,0,0,0,0.2,1
PAI-02691,Railways,Haryana,102.6,109.3,45,57,90.0,96.5,15,1,1,0,0,0,2.4,1
PAI-02692,Urban Transit,Haryana,116.3,127.9,40,81,100.0,88.3,7,1,0,0,0,0,6.8,1
PAI-02693,Industrial Corridors,Gujarat,107.6,110.7,13,57,95.9,97.0,4,2,0,0,0,0,2.2,0
PAI-02694,Roads,Maharashtra,547.3,547.3,39,20,48.7,50.9,11,1,0,0,0,0,-3.2,0
PAI-02695,Roads,Haryana,168.9,175.1,49,26,42.5,43.9,13,2,0,0,0,1,9.0,0
PAI-02696,Urban Transit,West Bengal,177.5,185.5,62,22,42.1,28.3,13,0,0,0,0,1,-8.2,0
PAI-02697,Airports,Karnataka,210.3,222.4,37,31,100.0,100.0,7,1,0,0,0,1,-1.0,0
PAI-02698,Urban Transit,Telangana,83.3,89.0,60,57,100.0,100.0,13,1,0,1,0,0,5.7,0
PAI-02699,Industrial Corridors,Andhra Pradesh,572.2,581.9,43,26,56.7,71.6,13,1,0,0,0,0,-2.3,0
PAI-02700,Urban Transit,Kerala,242.9,246.0,46,83,97.3,92.5,11,0,0,0,0,0,7.1,0
PAI-02701,Water & Sanitation,Maharashtra,308.0,346.3,45,30,68.8,83.9,13,3,1,0,0,0,11.4,1
PAI-02702,Urban Transit,Rajasthan,30.1,31.3,44,66,87.7,89.6,11,1,0,0,0,0,1.6,1
PAI-02703,Roads,West Bengal,551.7,594.6,36,42,100.0,100.0,8,1,1,0,0,0,5.2,1
PAI-02704,Ports,Andhra Pradesh,934.1,967.8,64,9,18.3,7.9,15,0,1,0,0,0,-4.1,0
PAI-02705,Roads,Odisha,59.5,61.5,62,56,89.8,88.9,15,0,1,0,0,0,-1.1,0
PAI-02706,Power,Bihar,531.1,542.5,61,49,84.9,86.5,14,1,0,0,0,0,0.0,0
PAI-02707,Urban Transit,Andhra Pradesh,89.9,93.8,69,21,37.0,45.4,15,1,0,0,0,0,-0.8,1
PAI-02708,Power,Rajasthan,1586.5,1738.9,40,10,37.1,32.1,11,3,0,0,0,1,7.9,1
PAI-02709,Urban Transit,Andhra Pradesh,648.6,719.8,38,51,91.6,88.6,9,3,1,0,0,0,10.8,1
PAI-02710,Industrial Corridors,Odisha,122.9,131.0,55,24,49.8,63.5,18,0,1,1,0,0,0.2,1
PAI-02711,Industrial Corridors,Haryana,225.4,264.2,70,44,77.6,69.0,17,2,1,1,0,1,4.9,1
PAI-02712,Roads,Rajasthan,309.9,320.2,56,80,100.0,100.0,14,0,0,0,0,0,0.8,0
PAI-02713,Railways,Madhya Pradesh,99.2,99.2,46,12,30.8,29.7,13,1,0,1,0,0,-7.8,0
PAI-02714,Roads,Jharkhand,174.6,177.5,56,53,93.3,97.3,12,1,0,0,0,1,11.7,0
PAI-02715,Roads,Haryana,170.9,186.8,78,74,77.9,69.8,21,0,1,0,0,0,10.5,0
PAI-02716,Railways,Uttar Pradesh,309.9,323.7,56,70,99.7,94.6,16,2,0,0,0,0,4.6,0
PAI-02717,Urban Transit,Telangana,191.7,196.6,30,73,96.0,98.0,9,1,0,0,0,0,-2.5,0
PAI-02718,Railways,Jharkhand,124.5,147.9,69,82,100.0,100.0,20,2,1,1,0,1,14.9,1
PAI-02719,Urban Transit,Haryana,79.8,82.1,36,17,58.6,63.9,10,2,0,0,0,0,1.4,0
PAI-02720,Railways,Maharashtra,410.7,422.2,30,70,100.0,100.0,7,1,0,1,0,1,0.9,0
PAI-02721,Railways,Telangana,287.0,294.0,72,62,76.9,73.6,17,0,0,0,0,0,-0.3,0
PAI-02722,Roads,Tamil Nadu,789.8,814.3,46,75,100.0,83.8,12,0,0,1,0,0,-2.8,1
PAI-02723,Railways,Telangana,103.6,106.5,56,53,92.2,92.9,13,0,1,0,0,0,6.1,1
PAI-02724,Urban Transit,Jharkhand,43.3,51.4,51,78,100.0,100.0,14,4,0,1,1,0,10.0,1
PAI-02725,Industrial Corridors,Telangana,227.5,245.6,12,62,89.8,73.8,4,1,0,0,1,0,9.0,0
PAI-02726,Railways,Andhra Pradesh,128.9,136.9,51,17,41.7,48.6,13,0,0,0,1,0,-5.5,1
PAI-02727,Industrial Corridors,Bihar,444.1,458.2,25,30,95.1,74.2,7,0,0,0,0,0,-4.7,0
PAI-02728,Roads,Andhra Pradesh,94.1,98.8,12,26,100.0,100.0,4,1,1,0,0,0,7.5,1
PAI-02729,Ports,Haryana,464.3,489.6,49,23,43.8,53.6,11,0,1,1,0,0,1.9,0
PAI-02730,Industrial Corridors,Bihar,154.4,173.5,31,18,55.9,60.0,6,2,1,0,0,0,12.5,1
PAI-02731,Airports,Bihar,29.5,31.3,30,81,100.0,80.5,9,0,1,0,0,0,-4.9,1
PAI-02732,Urban Transit,Gujarat,133.4,136.7,64,10,2.1,0.0,17,0,0,0,0,0,-11.0,0
PAI-02733,Roads,Odisha,85.7,85.9,53,34,57.4,59.3,17,2,0,0,0,0,4.0,0
PAI-02734,Roads,Gujarat,273.5,313.3,56,59,94.7,77.8,11,1,0,1,1,0,3.5,0
PAI-02735,Railways,Bihar,30.1,32.3,34,59,100.0,100.0,10,0,1,0,1,0,7.8,1
PAI-02736,Urban Transit,West Bengal,145.0,153.6,46,81,95.0,100.0,10,1,0,0,1,0,3.0,0
PAI-02737,Urban Transit,Rajasthan,683.0,697.4,50,39,92.0,92.6,12,0,0,0,0,0,0.8,0
PAI-02738,Railways,Rajasthan,233.8,237.4,47,26,63.0,62.0,10,1,1,0,0,0,3.3,0
PAI-02739,Railways,Bihar,123.9,141.7,51,11,14.0,7.9,9,3,1,0,0,1,4.8,1
PAI-02740,Power,Jharkhand,101.0,107.1,53,68,98.7,91.4,11,0,0,1,1,0,3.2,0
PAI-02741,Industrial Corridors,Telangana,57.4,58.1,33,10,23.6,18.0,9,1,0,0,0,0,-2.9,0
PAI-02742,Water & Sanitation,Gujarat,154.3,178.3,33,68,95.4,100.0,11,2,1,0,0,1,12.4,0
PAI-02743,Urban Transit,Karnataka,756.8,762.2,67,26,57.2,54.3,19,1,0,0,0,0,4.8,0
PAI-02744,Water & Sanitation,Madhya Pradesh,971.2,988.7,56,70,90.5,90.1,14,0,0,1,0,0,-1.2,0
PAI-02745,Water & Sanitation,Gujarat,761.6,831.1,45,37,89.3,88.4,11,3,0,0,0,1,3.2,1
PAI-02746,Roads,Haryana,158.2,173.3,56,59,100.0,100.0,15,0,1,1,0,0,-3.5,1
PAI-02747,Industrial Corridors,West Bengal,253.6,282.6,58,11,18.7,14.6,16,3,1,0,0,0,8.4,1
PAI-02748,Urban Transit,Maharashtra,261.9,269.3,12,36,96.2,96.9,7,1,0,0,0,0,4.8,0
PAI-02749,Roads,Odisha,530.4,546.4,30,60,100.0,90.5,7,0,0,0,0,0,-4.2,0
PAI-02750,Roads,Maharashtra,122.6,126.5,41,21,35.7,31.3,9,0,0,1,0,0,0.3,0
PAI-02751,Industrial Corridors,West Bengal,421.0,465.5,54,65,92.0,94.2,12,2,1,0,0,0,8.2,1
PAI-02752,Airports,Karnataka,309.7,325.2,45,81,98.0,100.0,13,0,0,0,1,0,3.7,0
PAI-02753,Airports,Tamil Nadu,340.9,346.1,44,13,12.1,18.6,13,0,0,0,0,0,-10.1,1
PAI-02754,Water & Sanitation,Madhya Pradesh,280.6,308.1,28,47,100.0,100.0,6,0,0,0,1,1,0.7,0
PAI-02755,Railways,Haryana,502.5,531.7,51,43,86.8,93.5,14,2,1,0,0,0,-3.4,1
PAI-02756,Industrial Corridors,Bihar,197.9,211.8,30,6,12.3,15.9,7,1,0,0,1,0,-0.8,0
PAI-02757,Industrial Corridors,West Bengal,296.7,296.7,62,74,100.0,90.8,11,0,1,0,0,0,1.3,0
PAI-02758,Industrial Corridors,Kerala,84.0,96.1,44,34,79.5,79.4,10,2,1,0,0,0,8.3,1
PAI-02759,Industrial Corridors,Odisha,356.6,395.1,13,79,99.6,100.0,6,1,0,1,1,1,1.8,1
PAI-02760,Water & Sanitation,Jharkhand,891.4,907.6,12,46,100.0,98.6,6,0,0,0,0,0,-5.2,0
PAI-02761,Industrial Corridors,Gujarat,87.9,92.7,38,63,100.0,100.0,10,0,0,0,0,1,-4.3,0
PAI-02762,Urban Transit,Bihar,440.6,457.6,67,56,86.0,87.0,14,1,0,0,0,0,-8.4,0
PAI-02763,Railways,Maharashtra,170.2,182.7,24,33,96.4,98.3,8,0,1,1,0,0,-5.5,1
PAI-02764,Roads,Rajasthan,211.1,215.7,52,62,100.0,97.8,12,1,0,0,0,0,-0.8,0
PAI-02765,Water & Sanitation,Haryana,169.7,181.4,65,29,56.4,65.0,18,0,0,0,1,0,6.0,1
PAI-02766,Urban Transit,Haryana,125.8,127.3,21,28,100.0,100.0,7,2,0,1,0,0,-0.6,1
PAI-02767,Ports,Telangana,563.6,573.4,43,71,100.0,100.0,12,0,0,0,0,0,7.1,1
PAI-02768,Industrial Corridors,Odisha,192.4,212.0,69,64,98.5,100.0,15,3,1,1,0,0,7.6,1
PAI-02769,Industrial Corridors,Jharkhand,672.2,705.9,71,43,56.9,65.1,18,0,0,0,1,0,0.2,0
PAI-02770,Roads,Rajasthan,213.0,215.6,43,28,64.1,72.9,8,0,1,0,0,0,-10.6,0
PAI-02771,Water & Sanitation,Haryana,259.5,282.4,69,44,57.6,45.4,19,1,0,0,1,0,4.9,0
PAI-02772,Urban Transit,Gujarat,785.7,791.0,47,79,100.0,90.3,14,0,0,0,0,0,7.8,0
PAI-02773,Ports,Kerala,251.8,283.8,75,57,89.6,94.6,20,1,1,0,1,0,5.5,1
PAI-02774,Railways,Bihar,219.8,230.6,49,34,71.4,67.1,11,1,0,0,1,0,5.0,1
PAI-02775,Ports,Jharkhand,696.7,723.2,62,55,92.4,86.7,13,0,1,0,0,0,-0.6,1
PAI-02776,Industrial Corridors,Karnataka,484.0,551.9,28,28,95.7,92.8,8,0,1,0,1,0,-0.2,1
PAI-02777,Industrial Corridors,Karnataka,380.5,391.0,61,81,100.0,100.0,15,1,1,0,0,0,-1.1,0
PAI-02778,Water & Sanitation,Madhya Pradesh,95.7,100.2,45,59,100.0,100.0,13,0,0,0,0,0,3.5,1
PAI-02779,Industrial Corridors,Karnataka,581.4,626.7,56,28,47.0,62.5,14,1,1,0,0,0,-3.6,0
PAI-02780,Railways,Andhra Pradesh,187.8,218.9,53,49,88.4,75.8,13,1,1,1,1,0,1.1,1
PAI-02781,Water & Sanitation,Haryana,799.6,825.8,47,57,85.0,81.3,13,0,0,0,0,0,-5.2,0
PAI-02782,Railways,Odisha,945.6,1003.5,60,34,59.0,57.4,14,2,0,0,0,1,8.2,1
PAI-02783,Water & Sanitation,Madhya Pradesh,103.2,105.3,12,60,100.0,100.0,5,0,1,0,0,0,-7.7,0
PAI-02784,Railways,Karnataka,320.1,341.1,39,24,68.3,60.4,9,2,0,0,0,0,10.4,0
PAI-02785,Power,West Bengal,124.9,127.5,42,42,76.9,83.9,10,2,0,0,0,0,-2.5,1
PAI-02786,Roads,Tamil Nadu,509.6,529.5,32,39,86.9,85.1,7,1,0,0,0,1,4.2,1
PAI-02787,Roads,Maharashtra,107.6,120.1,34,52,94.2,79.5,8,0,0,1,0,1,3.8,0
PAI-02788,Urban Transit,Telangana,482.1,520.6,51,12,35.9,18.5,13,4,0,0,0,0,2.5,1
PAI-02789,Ports,Odisha,198.0,224.0,57,23,31.6,27.0,11,2,0,0,1,0,13.2,1
PAI-02790,Airports,Maharashtra,70.9,75.2,57,78,100.0,100.0,16,1,0,0,1,0,0.5,0
PAI-02791,Roads,Bihar,824.7,866.4,47,36,78.2,80.4,14,0,0,0,0,1,-2.0,0
PAI-02792,Urban Transit,Telangana,1077.7,1130.1,49,16,41.8,37.6,12,2,0,0,0,1,-4.9,1
PAI-02793,Power,Jharkhand,1286.5,1428.3,12,45,94.4,82.8,4,1,0,0,1,0,10.8,1
PAI-02794,Railways,Rajasthan,81.7,90.5,38,66,93.7,97.8,9,1,1,0,1,0,4.0,1
PAI-02795,Roads,Rajasthan,151.3,181.9,30,78,86.2,84.0,4,1,1,0,1,1,12.4,1
PAI-02796,Railways,Bihar,235.6,240.3,25,48,100.0,94.1,8,2,0,0,0,0,-2.2,0
PAI-02797,Water & Sanitation,Andhra Pradesh,651.1,660.0,43,25,47.5,39.5,10,2,0,0,0,0,7.8,0
PAI-02798,Industrial Corridors,West Bengal,119.1,123.4,63,58,100.0,98.9,14,2,0,0,0,0,5.2,0
PAI-02799,Railways,West Bengal,150.8,154.3,24,83,97.0,77.1,6,1,0,0,0,0,5.1,1
PAI-02800,Power,Gujarat,364.6,377.1,53,26,56.3,54.4,13,1,0,0,0,0,-6.8,0
PAI-02801,Industrial Corridors,Rajasthan,102.4,116.4,30,18,68.7,74.1,9,2,1,0,0,1,4.3,1
PAI-02802,Ports,Uttar Pradesh,264.7,286.5,64,30,59.7,70.9,17,2,1,0,0,0,3.1,0
PAI-02803,Power,Maharashtra,493.1,510.1,52,67,98.6,100.0,12,0,0,0,0,0,-0.2,0
PAI-02804,Industrial Corridors,Maharashtra,221.6,251.4,58,21,42.8,57.0,16,5,1,0,0,0,11.9,1
PAI-02805,Railways,Bihar,450.1,484.1,57,49,98.9,96.9,16,1,0,0,1,0,-0.1,0
PAI-02806,Roads,Bihar,121.8,130.3,47,63,100.0,100.0,15,3,1,0,0,0,7.7,1
PAI-02807,Roads,Bihar,305.4,316.4,38,25,69.6,65.7,11,0,0,0,0,0,-1.5,0
PAI-02808,Urban Transit,Kerala,133.9,150.0,43,35,87.9,100.0,7,1,1,0,1,0,10.7,1
PAI-02809,Ports,Kerala,323.2,347.0,29,39,93.6,100.0,4,1,1,0,0,0,11.6,1
PAI-02810,Industrial Corridors,Andhra Pradesh,396.2,411.8,40,46,91.6,91.4,11,0,0,0,0,1,4.0,0
PAI-02811,Roads,Rajasthan,371.4,421.9,49,81,96.3,97.0,12,0,1,0,1,0,1.2,1
PAI-02812,Urban Transit,Kerala,148.7,155.1,50,67,97.6,98.1,10,1,0,1,0,0,1.0,1
PAI-02813,Industrial Corridors,Telangana,1172.2,1233.4,46,38,72.8,57.6,10,0,0,0,0,1,-7.8,0
PAI-02814,Urban Transit,Maharashtra,827.6,852.8,19,28,100.0,100.0,4,0,0,0,0,0,-4.9,0
PAI-02815,Urban Transit,Gujarat,1098.3,1135.1,45,47,100.0,87.2,15,0,0,0,0,0,-4.8,1
PAI-02816,Power,Madhya Pradesh,278.9,302.1,42,51,94.7,100.0,8,4,0,0,0,0,13.0,0
PAI-02817,Water & Sanitation,Bihar,59.1,62.3,27,26,95.9,100.0,6,0,0,0,1,0,-1.1,1
PAI-02818,Roads,Kerala,115.1,132.7,25,25,100.0,100.0,4,2,1,0,0,0,10.2,0
PAI-02819,Urban Transit,Telangana,615.0,630.7,20,15,67.8,63.4,4,1,0,0,0,0,-4.8,0
PAI-02820,Railways,Bihar,86.8,90.9,72,15,38.4,37.5,18,2,1,0,0,0,-4.8,0
PAI-02821,Water & Sanitation,Jharkhand,304.7,314.8,44,60,91.3,77.1,14,0,1,0,0,0,-1.2,1
PAI-02822,Water & Sanitation,Andhra Pradesh,429.8,466.9,35,54,96.0,80.2,10,1,0,0,1,0,8.0,1
PAI-02823,Power,Madhya Pradesh,244.5,254.9,15,70,100.0,93.8,4,1,1,0,0,0,-6.3,0
PAI-02824,Urban Transit,West Bengal,65.0,73.2,38,42,100.0,100.0,8,3,1,0,0,0,15.1,1
PAI-02825,Industrial Corridors,Jharkhand,355.3,386.6,50,9,13.9,2.0,13,1,1,1,0,0,2.9,1
PAI-02826,Industrial Corridors,Haryana,137.6,144.2,38,16,43.8,48.5,10,0,1,0,0,0,6.1,1
PAI-02827,Power,Tamil Nadu,419.2,451.0,27,50,84.6,82.6,4,1,0,0,1,0,3.7,0
PAI-02828,Railways,Odisha,174.2,179.6,29,65,90.7,98.0,10,0,1,0,0,0,-1.8,0
PAI-02829,Railways,West Bengal,189.8,194.4,38,48,90.1,96.9,12,2,0,0,0,0,3.9,0
PAI-02830,Roads,Gujarat,73.4,79.2,15,10,64.9,54.3,6,0,1,0,0,0,7.9,1
PAI-02831,Power,Tamil Nadu,747.1,776.7,62,11,4.5,0.0,17,1,0,0,0,0,9.2,0
PAI-02832,Railways,Karnataka,86.8,95.4,34,53,100.0,86.4,7,1,0,0,0,1,-0.7,0
PAI-02833,Railways,Tamil Nadu,689.8,709.0,23,49,85.1,81.1,8,0,0,0,0,1,-4.8,0
PAI-02834,Airports,Uttar Pradesh,47.8,51.3,71,15,19.2,5.6,19,1,0,1,0,0,-2.5,0
PAI-02835,Roads,Haryana,109.2,111.4,30,52,84.7,79.0,6,1,0,0,0,0,0.3,0
PAI-02836,Water & Sanitation,Kerala,650.5,681.2,58,24,33.2,45.8,16,0,0,0,0,0,7.0,0
PAI-02837,Water & Sanitation,Maharashtra,330.2,347.8,53,63,85.4,89.6,16,0,0,0,0,1,3.1,1
PAI-02838,Industrial Corridors,Telangana,122.6,128.0,30,35,100.0,100.0,7,1,0,0,1,0,1.5,1
PAI-02839,Power,Uttar Pradesh,259.2,277.1,31,34,100.0,97.4,8,1,0,1,0,0,6.7,0
PAI-02840,Water & Sanitation,Rajasthan,143.6,150.2,23,6,27.6,20.4,6,0,0,0,1,0,-1.2,0
PAI-02841,Water & Sanitation,Maharashtra,356.2,360.9,26,19,67.2,57.3,10,0,0,0,0,0,-5.9,0
PAI-02842,Roads,Madhya Pradesh,215.5,227.7,36,14,31.0,39.4,7,1,1,0,0,0,0.2,0
PAI-02843,Urban Transit,Telangana,144.9,165.5,44,64,100.0,100.0,11,2,1,0,0,1,3.5,0
PAI-02844,Roads,Gujarat,134.9,136.8,15,37,94.6,93.6,4,0,0,0,0,0,-5.4,0
PAI-02845,Power,Telangana,192.5,197.3,57,10,17.9,10.0,14,1,0,0,0,0,9.1,0
PAI-02846,Industrial Corridors,Bihar,372.0,431.7,39,70,100.0,91.9,11,2,1,0,0,1,7.1,1
PAI-02847,Water & Sanitation,Gujarat,179.9,196.1,56,10,20.4,0.9,12,1,1,0,0,0,7.6,1
PAI-02848,Railways,Telangana,86.9,99.0,37,34,100.0,85.4,5,3,0,1,0,0,10.9,0
PAI-02849,Urban Transit,Gujarat,555.4,584.4,43,54,92.9,72.5,9,0,0,0,1,0,-5.6,1
PAI-02850,Roads,Odisha,1759.7,1953.8,45,19,38.7,38.6,8,1,1,0,0,1,3.3,0
PAI-02851,Roads,Maharashtra,201.6,211.3,61,50,79.8,72.2,18,1,0,0,0,0,2.4,1
PAI-02852,Railways,Karnataka,1859.4,1921.0,43,13,26.5,30.1,11,0,0,0,0,1,-4.0,0
PAI-02853,Industrial Corridors,Haryana,313.6,335.2,28,65,100.0,92.5,6,1,1,0,0,0,4.9,0
PAI-02854,Urban Transit,Rajasthan,438.2,443.6,73,70,92.0,84.6,18,0,0,0,0,0,-1.0,0
PAI-02855,Airports,Odisha,698.3,762.6,61,56,99.7,100.0,13,2,1,0,0,0,6.5,1
PAI-02856,Railways,Rajasthan,665.0,693.8,31,65,88.5,97.6,6,0,1,0,0,0,4.4,0
PAI-02857,Ports,Andhra Pradesh,235.0,238.2,37,16,45.0,48.5,10,2,0,0,0,0,12.1,1
PAI-02858,Power,Uttar Pradesh,814.4,853.7,40,26,60.9,57.3,9,1,0,0,0,0,10.2,1
PAI-02859,Roads,Odisha,446.9,454.8,44,64,95.0,94.8,13,2,0,0,0,0,7.5,0
PAI-02860,Railways,Tamil Nadu,598.5,612.5,27,18,68.9,83.1,6,1,0,0,0,0,-2.0,0
PAI-02861,Industrial Corridors,Madhya Pradesh,135.0,152.3,68,6,13.0,11.5,21,1,1,0,1,0,-0.7,0
PAI-02862,Power,Andhra Pradesh,642.8,650.9,44,10,22.5,19.3,11,1,0,0,0,0,3.1,0
PAI-02863,Ports,Jharkhand,536.7,564.7,48,42,85.4,92.6,11,0,0,0,1,0,-2.9,0
PAI-02864,Water & Sanitation,Bihar,1572.7,1654.2,32,52,85.2,91.7,9,0,1,0,0,0,9.0,0
PAI-02865,Urban Transit,Karnataka,98.0,108.9,34,65,100.0,92.7,9,2,0,0,0,1,-3.8,0
PAI-02866,Railways,Odisha,155.3,157.0,71,57,86.9,93.0,19,0,0,0,0,0,2.4,0
PAI-02867,Power,Rajasthan,162.7,164.2,66,29,50.5,54.4,16,0,0,0,0,0,2.4,0
PAI-02868,Ports,Jharkhand,542.9,562.0,51,21,46.2,42.6,13,1,1,0,0,0,1.4,0
PAI-02869,Industrial Corridors,Bihar,307.0,310.5,33,59,92.2,92.1,9,0,1,0,0,0,-2.8,0
PAI-02870,Airports,Jharkhand,778.0,802.6,36,51,86.3,84.9,8,0,0,0,0,0,0.8,1
PAI-02871,Roads,Uttar Pradesh,259.1,265.3,37,17,41.8,35.4,7,1,0,0,0,0,7.9,1
PAI-02872,Railways,Tamil Nadu,81.5,87.4,47,21,51.1,44.7,14,3,0,0,0,0,13.3,0
PAI-02873,Railways,Uttar Pradesh,524.6,569.7,40,23,49.2,37.1,10,0,0,0,1,0,5.8,0
PAI-02874,Urban Transit,West Bengal,466.0,474.5,50,31,60.3,71.7,12,1,0,0,0,0,-5.0,0
PAI-02875,Roads,Madhya Pradesh,260.4,282.5,48,8,13.8,17.2,12,2,0,1,0,0,4.9,1
PAI-02876,Industrial Corridors,Uttar Pradesh,261.1,315.8,12,56,97.9,85.5,4,1,1,1,1,1,-0.6,1
PAI-02877,Roads,Telangana,392.4,400.9,72,13,23.1,13.5,17,0,0,1,0,0,4.6,0
PAI-02878,Industrial Corridors,Kerala,460.1,474.9,12,81,91.2,88.4,4,1,0,0,0,0,6.5,0
PAI-02879,Water & Sanitation,Tamil Nadu,388.5,408.2,21,21,86.5,92.9,5,0,0,0,0,1,-11.5,1
PAI-02880,Railways,West Bengal,1384.8,1420.5,42,28,59.6,75.6,12,0,0,1,0,0,-4.7,0
PAI-02881,Airports,Jharkhand,77.2,83.5,53,20,26.5,19.5,16,1,0,0,1,0,3.0,0
PAI-02882,Power,Karnataka,1032.0,1113.6,35,66,96.3,86.1,9,1,0,1,0,0,0.7,0
PAI-02883,Water & Sanitation,Haryana,134.0,136.4,32,14,44.6,40.6,11,0,1,0,0,0,-8.3,0
PAI-02884,Power,Tamil Nadu,352.0,385.2,53,12,26.0,23.5,15,2,0,0,1,0,6.5,1
PAI-02885,Industrial Corridors,Andhra Pradesh,1759.4,1812.3,49,67,88.8,100.0,15,2,0,0,0,0,6.6,0
PAI-02886,Water & Sanitation,Telangana,497.1,533.8,43,17,42.4,39.1,9,3,0,1,0,0,1.8,0
PAI-02887,Railways,Bihar,166.9,173.9,40,32,73.9,96.6,9,1,0,0,0,1,-2.4,0
PAI-02888,Power,West Bengal,237.4,240.8,29,57,88.6,89.3,7,0,0,0,0,0,3.9,0
PAI-02889,Roads,Bihar,82.1,87.6,32,22,62.7,57.0,10,2,0,0,0,1,3.3,1
PAI-02890,Water & Sanitation,Odisha,361.0,408.1,51,62,82.6,72.9,13,1,1,0,1,0,3.4,1
PAI-02891,Power,Karnataka,131.2,134.7,55,39,59.9,71.2,14,1,0,0,0,0,3.6,0
PAI-02892,Roads,Karnataka,124.6,129.9,12,72,100.0,88.9,4,0,1,0,0,0,-2.4,1
PAI-02893,Railways,Uttar Pradesh,362.7,369.5,36,74,100.0,100.0,7,0,0,1,0,0,0.3,0
PAI-02894,Urban Transit,Rajasthan,110.5,112.9,51,43,77.8,82.4,7,0,0,0,0,0,-2.1,0
PAI-02895,Airports,Gujarat,101.3,104.8,44,22,49.5,47.5,8,1,0,0,0,0,-1.2,0
PAI-02896,Urban Transit,Gujarat,1307.4,1375.6,44,20,39.7,46.0,9,2,0,0,0,1,0.9,0
PAI-02897,Roads,Rajasthan,262.1,264.6,44,50,100.0,100.0,11,0,0,1,0,0,-0.9,0
PAI-02898,Ports,West Bengal,339.5,360.2,38,57,98.4,100.0,9,0,0,1,0,1,-1.7,1
PAI-02899,Water & Sanitation,Kerala,1563.6,1631.3,50,10,17.3,17.1,15,1,0,0,0,1,1.7,0
PAI-02900,Roads,Kerala,373.3,389.8,34,19,64.0,71.9,9,2,0,1,0,0,3.0,0
PAI-02901,Water & Sanitation,Kerala,313.9,319.5,40,77,100.0,100.0,7,0,0,0,0,0,-0.2,0
PAI-02902,Urban Transit,Haryana,128.7,132.9,26,58,95.7,90.9,6,0,0,0,0,0,-0.6,0
PAI-02903,Urban Transit,Uttar Pradesh,60.7,62.1,23,62,99.3,100.0,5,1,0,0,0,0,1.6,1
PAI-02904,Power,Madhya Pradesh,78.7,78.8,57,63,99.0,100.0,18,1,1,0,0,0,0.3,0
PAI-02905,Roads,Tamil Nadu,389.8,400.2,47,10,24.8,18.3,12,1,0,0,0,0,-2.5,0
PAI-02906,Roads,Maharashtra,177.5,185.7,22,82,100.0,100.0,5,1,1,0,0,0,1.3,0
PAI-02907,Power,Jharkhand,308.8,341.8,41,58,99.0,93.7,7,2,1,0,0,0,2.7,1
PAI-02908,Power,Haryana,391.4,400.5,32,31,96.5,98.7,9,0,0,0,1,0,1.5,0
PAI-02909,Water & Sanitation,Karnataka,343.8,349.0,30,31,95.3,100.0,5,0,0,1,0,0,-2.3,1
PAI-02910,Railways,Gujarat,344.8,352.6,12,69,95.3,100.0,4,0,1,0,0,0,-1.3,0
PAI-02911,Power,Karnataka,938.0,944.6,12,41,95.8,100.0,4,1,0,0,0,0,0.5,0
PAI-02912,Airports,Andhra Pradesh,948.5,963.0,24,35,98.7,99.0,8,0,0,0,0,0,10.4,0
PAI-02913,Roads,Odisha,177.2,180.1,40,23,57.8,53.1,9,0,0,0,0,1,-5.1,0
PAI-02914,Water & Sanitation,Madhya Pradesh,108.4,111.5,60,24,35.1,37.7,14,1,0,0,0,0,-4.6,0
PAI-02915,Water & Sanitation,Jharkhand,339.8,371.0,43,56,100.0,100.0,11,0,1,1,0,0,4.8,0
PAI-02916,Roads,Odisha,247.3,270.5,67,61,82.5,73.5,17,1,1,1,0,0,2.5,0
PAI-02917,Roads,West Bengal,368.9,421.5,42,15,24.3,36.8,15,3,1,0,0,1,7.1,1
PAI-02918,Water & Sanitation,Uttar Pradesh,621.0,640.2,32,12,45.7,50.1,4,1,0,0,0,0,8.3,0
PAI-02919,Railways,Karnataka,302.4,311.1,52,13,18.2,16.9,15,2,0,0,0,0,1.1,0
PAI-02920,Industrial Corridors,Rajasthan,295.3,318.8,36,60,88.1,90.8,7,1,1,1,0,0,3.6,0
PAI-02921,Urban Transit,Maharashtra,481.0,513.6,37,30,83.7,77.6,8,2,1,0,0,0,0.1,0
PAI-02922,Power,Telangana,302.3,311.0,46,71,93.1,98.9,12,1,0,1,0,0,-1.9,0
PAI-02923,Airports,Maharashtra,103.5,107.1,19,66,89.7,99.2,4,1,0,0,1,0,1.1,0
PAI-02924,Industrial Corridors,Jharkhand,123.5,132.9,12,44,98.1,99.1,4,1,1,0,0,1,-1.0,1
PAI-02925,Urban Transit,Haryana,193.3,193.3,59,30,44.5,55.7,15,0,0,0,0,0,4.4,0
PAI-02926,Railways,Odisha,135.7,141.0,67,11,10.6,15.1,15,0,0,0,0,0,-7.3,0
PAI-02927,Water & Sanitation,Odisha,400.0,430.0,47,69,98.9,92.9,16,0,0,0,0,0,-1.8,0
PAI-02928,Roads,Uttar Pradesh,301.9,335.3,47,57,92.0,100.0,14,1,1,1,0,0,4.2,1
PAI-02929,Railways,Andhra Pradesh,134.7,151.3,31,39,100.0,100.0,7,2,1,0,0,1,9.9,0
PAI-02930,Ports,Jharkhand,238.9,247.7,40,15,35.8,23.5,11,0,0,0,0,0,-0.5,0
PAI-02931,Roads,Rajasthan,109.5,123.2,66,39,55.1,61.9,18,2,1,0,0,1,9.7,1
PAI-02932,Industrial Corridors,Uttar Pradesh,479.2,528.0,28,46,100.0,100.0,4,2,0,1,0,1,-1.7,0
PAI-02933,Water & Sanitation,Madhya Pradesh,121.7,125.9,54,63,97.8,95.2,15,1,0,1,0,0,5.6,0
PAI-02934,Industrial Corridors,Gujarat,809.0,905.5,26,75,92.7,100.0,7,1,0,1,1,0,1.3,1
PAI-02935,Urban Transit,Odisha,636.7,689.7,46,81,92.3,85.0,11,1,0,0,1,0,7.8,1
PAI-02936,Roads,Telangana,132.3,143.1,59,78,98.2,92.5,14,0,0,1,0,1,5.6,1
PAI-02937,Industrial Corridors,Rajasthan,365.5,388.5,21,59,99.2,95.1,4,0,1,0,0,0,3.2,1
PAI-02938,Ports,Rajasthan,164.7,173.7,37,77,100.0,100.0,10,1,1,0,0,0,5.2,1
PAI-02939,Roads,Haryana,440.1,455.2,46,34,90.3,87.5,11,1,0,1,0,0,0.4,1
PAI-02940,Urban Transit,Jharkhand,227.5,238.2,37,56,95.8,100.0,9,1,0,1,0,0,-5.7,0
PAI-02941,Airports,Tamil Nadu,318.0,327.9,12,42,98.8,95.6,4,1,0,0,0,0,6.2,0
PAI-02942,Power,Gujarat,241.7,241.9,21,62,97.4,95.2,7,0,0,0,0,0,2.4,0
PAI-02943,Industrial Corridors,Uttar Pradesh,257.2,261.0,31,19,59.4,61.6,10,2,0,0,0,0,0.7,0
PAI-02944,Roads,Tamil Nadu,907.8,911.2,27,36,92.7,100.0,7,0,0,0,0,0,0.2,0
PAI-02945,Industrial Corridors,Karnataka,212.8,229.4,49,69,98.3,100.0,11,1,0,0,1,0,6.9,0
PAI-02946,Ports,Jharkhand,276.4,323.2,12,57,100.0,94.2,4,2,1,0,0,1,5.5,1
PAI-02947,Urban Transit,Karnataka,165.5,170.8,42,47,100.0,88.9,9,1,0,1,0,0,1.0,0
PAI-02948,Industrial Corridors,Andhra Pradesh,1046.8,1087.1,39,41,84.0,89.5,13,0,0,1,0,0,1.6,0
PAI-02949,Urban Transit,Gujarat,186.6,195.0,38,45,93.8,85.8,7,0,0,1,0,0,2.5,1
PAI-02950,Urban Transit,Maharashtra,129.2,140.8,50,76,96.0,91.5,13,0,0,0,1,0,7.0,0
PAI-02951,Railways,Uttar Pradesh,186.0,218.8,24,20,95.7,89.1,8,3,1,0,0,0,14.9,1
PAI-02952,Roads,Uttar Pradesh,348.7,403.8,55,27,49.8,44.4,10,3,1,0,1,0,6.0,1
PAI-02953,Roads,Rajasthan,217.6,247.4,86,67,78.7,70.6,21,2,0,1,0,1,7.1,1
PAI-02954,Industrial Corridors,Telangana,544.2,595.8,29,11,44.4,45.3,6,1,1,0,0,0,9.6,1
PAI-02955,Roads,Odisha,347.2,359.1,25,63,89.6,96.8,4,1,0,0,0,0,4.5,0
PAI-02956,Urban Transit,Odisha,402.3,433.2,56,59,90.8,99.2,14,2,0,1,0,0,13.1,1
PAI-02957,Power,Rajasthan,126.3,146.5,39,82,98.9,100.0,12,2,1,0,0,0,14.4,1
PAI-02958,Industrial Corridors,Jharkhand,240.4,246.1,58,53,77.2,86.5,15,0,0,0,0,0,3.6,0
PAI-02959,Urban Transit,Rajasthan,118.3,126.1,71,49,60.7,41.6,14,0,0,0,1,0,-0.7,0
PAI-02960,Urban Transit,Jharkhand,43.9,48.5,26,37,100.0,100.0,5,4,0,0,0,0,4.7,1
PAI-02961,Urban Transit,Andhra Pradesh,410.4,448.6,19,43,98.0,100.0,4,0,0,0,1,1,-2.9,1
PAI-02962,Roads,Uttar Pradesh,265.4,301.6,35,67,96.6,94.6,4,1,1,0,1,1,3.9,1
PAI-02963,Urban Transit,Odisha,193.5,201.0,25,60,100.0,86.1,10,0,0,0,0,0,-10.1,0
PAI-02964,Urban Transit,Haryana,1363.8,1391.6,31,44,86.4,100.0,7,0,0,0,0,0,5.1,1
PAI-02965,Roads,Odisha,133.3,145.1,49,6,24.1,7.3,14,1,0,0,0,0,12.5,1
PAI-02966,Industrial Corridors,Madhya Pradesh,1082.1,1126.7,44,55,89.6,83.7,9,0,1,0,0,0,1.8,1
PAI-02967,Railways,Uttar Pradesh,401.7,424.7,82,26,23.2,32.4,20,0,0,1,1,0,4.6,1
PAI-02968,Urban Transit,Tamil Nadu,591.9,609.1,24,73,100.0,95.4,5,1,0,0,0,0,3.4,0
PAI-02969,Railways,Gujarat,102.5,109.0,15,58,92.9,80.5,6,2,1,0,0,0,-2.5,1
PAI-02970,Railways,Bihar,287.4,287.4,41,6,16.2,6.6,11,0,0,0,0,0,-0.0,0
PAI-02971,Urban Transit,Uttar Pradesh,83.0,93.3,41,62,85.9,88.4,12,2,1,0,0,0,9.0,1
PAI-02972,Urban Transit,Haryana,65.4,66.0,41,10,20.0,16.2,14,0,0,0,0,0,1.1,0
PAI-02973,Urban Transit,Andhra Pradesh,318.1,351.0,44,58,99.2,100.0,10,1,1,0,0,1,2.2,1
PAI-02974,Urban Transit,Jharkhand,66.5,66.8,29,14,49.9,35.1,8,1,0,0,0,0,-0.2,0
PAI-02975,Water & Sanitation,West Bengal,104.8,118.3,45,68,99.6,100.0,9,1,1,1,0,0,3.7,1
PAI-02976,Urban Transit,Tamil Nadu,252.6,260.0,35,51,100.0,95.9,12,0,0,0,1,0,-6.9,0
PAI-02977,Water & Sanitation,Uttar Pradesh,29.0,30.1,44,40,88.0,84.1,11,1,0,0,0,0,1.5,0
PAI-02978,Ports,Jharkhand,167.5,172.2,50,72,99.4,93.1,10,0,0,1,0,0,-0.3,0
PAI-02979,Urban Transit,Jharkhand,255.4,264.3,29,34,82.7,93.9,6,2,0,0,0,0,2.3,0
PAI-02980,Ports,Uttar Pradesh,313.5,347.1,38,53,92.0,100.0,8,1,1,0,0,0,7.8,0
PAI-02981,Urban Transit,Maharashtra,1749.9,1867.2,33,38,88.9,64.8,11,0,0,0,1,0,2.3,1
PAI-02982,Roads,Andhra Pradesh,295.9,306.8,14,36,99.6,100.0,4,1,0,0,0,0,0.6,0
PAI-02983,Water & Sanitation,Jharkhand,91.1,92.8,61,29,51.5,56.1,12,1,0,0,0,0,-2.5,0
PAI-02984,Water & Sanitation,Andhra Pradesh,313.9,346.8,50,62,100.0,93.7,13,4,0,0,1,0,6.1,0
PAI-02985,Urban Transit,Odisha,131.3,134.5,36,7,24.6,28.7,12,0,1,0,0,0,-9.0,0
PAI-02986,Industrial Corridors,Andhra Pradesh,682.2,731.0,41,72,93.9,98.9,14,1,0,1,0,0,1.6,1
PAI-02987,Water & Sanitation,Haryana,738.9,833.3,50,22,37.3,37.3,13,2,0,0,0,1,7.7,0
PAI-02988,Roads,Telangana,177.6,178.8,40,20,51.2,59.1,13,0,0,0,0,0,-2.7,0
PAI-02989,Roads,Tamil Nadu,156.5,167.7,78,60,64.0,56.9,19,1,1,0,0,0,5.6,1
PAI-02990,Power,Telangana,109.7,109.9,55,69,100.0,92.3,14,0,0,0,0,0,2.0,0
PAI-02991,Roads,Gujarat,1132.1,1143.9,44,17,50.6,49.2,10,1,0,0,0,0,7.7,0
PAI-02992,Power,Gujarat,646.6,660.5,45,43,100.0,98.5,13,2,0,0,0,0,4.5,0
PAI-02993,Railways,Karnataka,243.2,243.2,47,42,94.2,95.0,11,0,0,0,0,0,3.6,0
PAI-02994,Roads,Madhya Pradesh,244.7,263.6,33,23,70.9,63.5,10,1,0,0,0,1,5.1,0
PAI-02995,Water & Sanitation,Maharashtra,300.9,312.0,46,24,53.2,59.9,10,0,0,0,0,0,-3.3,0
PAI-02996,Power,Jharkhand,164.8,178.8,54,16,55.9,54.6,13,1,0,1,1,0,-1.9,0
PAI-02997,Railways,Maharashtra,108.5,109.2,46,20,38.2,44.8,11,0,0,0,0,0,3.4,0
PAI-02998,Urban Transit,Rajasthan,59.7,59.7,43,8,6.9,19.1,11,1,0,1,0,0,6.2,1
PAI-02999,Roads,Bihar,1597.3,1617.0,41,58,98.2,100.0,7,0,0,1,0,0,10.0,1
PAI-03000,Urban Transit,Tamil Nadu,103.0,105.6,36,9,27.6,17.2,9,0,0,0,0,0,2.7,0
PAI-03001,Roads,Telangana,403.8,410.5,41,52,100.0,100.0,9,0,0,0,0,0,-5.2,0
PAI-03002,Railways,Bihar,293.6,307.5,33,7,16.2,18.1,15,0,1,0,0,0,-1.1,1
PAI-03003,Urban Transit,Haryana,97.6,102.5,26,23,99.0,98.3,5,4,0,0,0,0,18.8,1
PAI-03004,Railways,Karnataka,118.9,122.7,62,7,6.8,13.9,14,3,0,1,0,0,10.0,1
PAI-03005,Urban Transit,Rajasthan,785.9,858.4,16,34,92.6,92.3,5,3,0,1,0,0,6.8,1
PAI-03006,Water & Sanitation,Odisha,548.4,604.3,58,24,55.4,49.8,13,3,0,0,0,0,6.1,1
PAI-03007,Roads,Jharkhand,368.3,383.3,36,15,36.4,27.9,11,1,0,0,0,0,5.6,0
PAI-03008,Urban Transit,Karnataka,246.7,261.6,13,69,100.0,100.0,4,0,0,1,0,0,-4.5,0
PAI-03009,Roads,Uttar Pradesh,130.8,144.2,51,35,76.4,71.2,8,2,0,1,0,0,8.8,1
PAI-03010,Power,Telangana,453.8,513.4,28,74,89.1,93.2,6,1,1,1,0,0,-2.0,0
PAI-03011,Railways,Telangana,79.8,93.2,44,76,100.0,83.3,12,2,1,1,0,1,7.1,1
PAI-03012,Industrial Corridors,Kerala,1156.9,1224.2,24,12,51.9,58.0,8,1,1,1,0,0,-3.3,1
PAI-03013,Power,Rajasthan,686.1,695.8,59,42,60.4,51.3,17,0,0,0,0,0,-6.4,1
PAI-03014,Urban Transit,Haryana,132.8,133.8,61,36,48.7,44.8,17,0,0,1,0,0,2.5,1
PAI-03015,Airports,Andhra Pradesh,268.2,291.5,34,47,99.6,79.1,6,0,0,0,1,1,-5.7,0
PAI-03016,Railways,Jharkhand,380.4,389.4,34,29,76.9,83.0,9,0,1,0,0,0,0.5,0
PAI-03017,Roads,Gujarat,243.1,251.2,16,35,95.8,78.9,5,0,0,0,1,0,-1.4,0
PAI-03018,Ports,Jharkhand,105.2,107.7,58,74,86.0,96.6,15,0,1,0,0,0,-10.5,1
PAI-03019,Railways,Tamil Nadu,359.4,368.5,56,55,90.8,74.1,15,1,0,0,0,0,1.7,0
PAI-03020,Power,Telangana,241.1,263.9,32,71,100.0,94.1,11,3,0,0,0,0,3.5,0
PAI-03021,Roads,Jharkhand,178.5,181.7,80,40,45.8,43.2,19,1,1,0,0,0,-6.4,1
PAI-03022,Water & Sanitation,Uttar Pradesh,371.2,413.4,52,82,100.0,96.4,15,1,1,1,0,0,-0.3,1
PAI-03023,Roads,Jharkhand,313.9,342.3,37,21,78.6,82.9,11,1,1,1,0,0,0.6,1
PAI-03024,Railways,Odisha,583.4,616.0,29,56,100.0,100.0,8,1,1,0,0,0,6.9,1
PAI-03025,Roads,Odisha,191.2,191.2,50,52,100.0,100.0,12,0,0,0,0,0,-3.9,0
PAI-03026,Water & Sanitation,Tamil Nadu,354.5,381.0,12,64,100.0,91.1,4,0,1,0,0,0,8.4,0
PAI-03027,Urban Transit,Haryana,277.4,283.3,43,51,86.3,76.4,11,0,0,0,0,0,-1.6,0
PAI-03028,Water & Sanitation,Gujarat,240.1,245.0,54,19,27.1,29.6,11,1,0,0,0,0,3.5,1
PAI-03029,Urban Transit,Uttar Pradesh,484.7,507.3,47,33,84.3,70.1,12,1,0,0,0,0,-4.5,1
PAI-03030,Industrial Corridors,Telangana,74.8,78.6,38,40,100.0,94.1,12,2,0,0,0,0,5.2,0
PAI-03031,Ports,Gujarat,499.6,550.9,16,58,100.0,100.0,7,0,1,1,0,1,-1.1,1
PAI-03032,Ports,Rajasthan,337.5,343.1,62,40,81.2,76.3,18,2,0,0,0,0,5.5,0
PAI-03033,Railways,Bihar,810.6,842.6,14,22,98.9,100.0,4,0,0,0,0,0,-4.9,0
PAI-03034,Ports,Gujarat,110.9,115.6,56,40,60.3,65.0,19,0,1,1,0,0,-1.8,0
PAI-03035,Urban Transit,Haryana,323.3,338.5,27,52,98.5,99.8,5,1,0,0,0,0,5.4,0
PAI-03036,Railways,Jharkhand,191.8,204.3,42,45,100.0,93.0,13,0,0,0,1,0,0.0,1
PAI-03037,Railways,West Bengal,149.4,152.8,51,33,71.5,78.4,10,2,0,0,0,0,7.1,1
PAI-03038,Industrial Corridors,Gujarat,517.0,554.4,35,51,100.0,92.6,6,0,0,0,1,1,1.3,0
PAI-03039,Roads,Odisha,181.3,190.1,61,28,43.0,52.4,18,2,0,0,0,1,3.0,1
PAI-03040,Urban Transit,Madhya Pradesh,160.4,169.1,37,33,91.3,79.7,12,2,0,0,0,0,9.5,1
PAI-03041,Water & Sanitation,Tamil Nadu,175.0,182.2,39,33,85.5,86.9,7,1,0,1,0,0,3.1,1
PAI-03042,Water & Sanitation,Tamil Nadu,204.3,214.1,17,19,83.9,92.1,4,0,0,0,0,1,-6.7,1
PAI-03043,Urban Transit,Andhra Pradesh,270.0,272.9,37,18,44.4,52.8,11,1,0,0,0,0,-0.1,0
PAI-03044,Urban Transit,Gujarat,152.1,152.1,44,50,100.0,100.0,9,0,1,1,0,0,1.9,0
PAI-03045,Water & Sanitation,Gujarat,53.4,54.2,36,30,66.3,64.6,6,2,0,0,0,0,7.8,0
PAI-03046,Industrial Corridors,Karnataka,888.9,996.3,50,74,73.0,84.2,11,3,0,1,0,0,6.2,1
PAI-03047,Roads,Telangana,198.2,210.1,32,55,100.0,100.0,9,0,1,1,0,0,-0.6,0
PAI-03048,Water & Sanitation,Telangana,50.6,51.0,48,14,22.5,41.5,12,0,0,0,0,0,-2.2,0
PAI-03049,Water & Sanitation,Andhra Pradesh,175.7,176.5,25,28,96.1,87.1,5,1,0,0,0,0,-7.0,1
PAI-03050,Roads,Odisha,154.8,168.6,37,73,100.0,89.1,11,2,0,1,0,0,11.9,1
PAI-03051,Power,Kerala,356.6,377.7,22,33,100.0,97.4,4,2,0,0,0,0,6.0,0
PAI-03052,Urban Transit,Rajasthan,544.5,544.5,26,21,84.8,88.5,7,0,0,0,0,0,-2.4,0
PAI-03053,Roads,Odisha,1061.9,1103.3,45,15,36.9,25.5,10,0,0,0,0,0,0.1,0
PAI-03054,Urban Transit,Haryana,277.8,280.2,38,53,96.0,92.3,12,1,0,1,0,0,-1.7,0
PAI-03055,Urban Transit,Tamil Nadu,92.9,98.6,33,51,94.7,99.9,8,1,1,0,0,0,4.4,0
PAI-03056,Urban Transit,Andhra Pradesh,188.4,191.4,51,71,100.0,100.0,12,0,0,0,0,0,-1.6,0
PAI-03057,Power,Telangana,313.4,321.8,66,72,87.1,72.8,17,0,0,0,0,0,-1.2,1
PAI-03058,Railways,Gujarat,247.0,250.8,49,30,49.5,49.9,13,2,0,0,0,1,2.0,0
PAI-03059,Roads,Tamil Nadu,162.9,184.6,12,62,100.0,90.2,6,3,1,0,0,0,5.6,1
PAI-03060,Urban Transit,Telangana,1915.6,2111.6,30,33,98.9,90.3,7,2,0,0,0,1,5.8,1
PAI-03061,Urban Transit,Bihar,169.8,175.0,60,76,90.8,93.1,15,1,0,0,0,0,-2.7,0
PAI-03062,Power,Jharkhand,437.3,452.9,19,73,85.2,80.1,5,0,1,0,0,0,-8.2,0
PAI-03063,Urban Transit,Telangana,269.8,291.2,30,36,98.9,100.0,7,1,0,0,0,1,6.6,1
PAI-03064,Ports,Tamil Nadu,494.8,498.9,28,34,100.0,100.0,5,1,0,0,0,0,0.5,0
PAI-03065,Roads,Kerala,513.0,538.5,53,33,52.9,59.5,10,0,0,1,0,1,-3.8,1
PAI-03066,Power,Odisha,528.0,594.6,33,65,100.0,93.0,10,2,1,0,0,0,11.3,1
PAI-03067,Water & Sanitation,Gujarat,241.9,246.8,52,50,97.3,91.9,13,1,0,0,0,0,1.0,0
PAI-03068,Urban Transit,West Bengal,175.6,176.3,63,32,47.3,41.7,14,0,0,0,0,0,0.0,0
PAI-03069,Water & Sanitation,Andhra Pradesh,460.8,485.4,48,57,100.0,100.0,11,1,0,0,0,0,4.3,0
PAI-03070,Water & Sanitation,Telangana,111.4,117.5,67,46,83.0,83.0,21,2,0,0,0,0,8.9,1
PAI-03071,Water & Sanitation,Madhya Pradesh,230.7,257.5,36,12,42.1,42.7,9,3,0,0,0,1,12.0,1
PAI-03072,Urban Transit,Gujarat,167.5,173.0,52,59,100.0,96.5,14,1,0,0,0,0,-1.2,1
PAI-03073,Railways,Gujarat,536.0,603.4,30,66,95.9,80.8,6,1,0,0,1,0,2.9,1
PAI-03074,Water & Sanitation,Kerala,123.0,125.3,47,60,100.0,100.0,12,0,0,0,0,0,-2.4,0
PAI-03075,Urban Transit,Odisha,306.3,323.8,57,27,45.2,44.0,14,0,0,0,0,0,3.4,0
PAI-03076,Industrial Corridors,Rajasthan,255.5,263.8,29,7,23.9,34.1,7,2,0,0,0,0,5.9,0
PAI-03077,Roads,Uttar Pradesh,1079.3,1153.5,53,17,36.3,41.0,13,2,1,0,0,0,0.2,1
PAI-03078,Railways,Rajasthan,72.3,74.7,20,45,99.2,87.9,5,0,1,1,0,0,2.8,0
PAI-03079,Water & Sanitation,Kerala,1196.5,1260.6,73,16,22.3,13.2,18,1,1,0,0,0,-3.9,0
PAI-03080,Power,Jharkhand,357.0,373.7,31,61,100.0,100.0,11,1,0,0,0,0,3.3,0
PAI-03081,Power,Madhya Pradesh,441.1,459.1,39,69,94.7,95.7,10,0,0,1,0,0,11.3,0
PAI-03082,Railways,Tamil Nadu,673.6,713.0,70,71,100.0,100.0,15,3,0,0,0,1,2.4,1
PAI-03083,Industrial Corridors,Rajasthan,344.3,391.9,20,53,97.2,100.0,6,1,1,0,0,1,-5.8,1
PAI-03084,Power,West Bengal,128.4,137.3,46,77,94.2,100.0,14,0,1,0,0,0,2.6,1
PAI-03085,Railways,Madhya Pradesh,310.6,317.9,48,24,60.1,61.3,10,0,1,0,0,0,-1.7,1
PAI-03086,Urban Transit,Jharkhand,454.0,462.0,46,64,98.4,87.8,9,0,0,0,0,0,-3.3,1
PAI-03087,Power,Tamil Nadu,163.4,168.9,58,81,97.1,100.0,14,1,0,0,0,1,3.1,0
PAI-03088,Power,Telangana,1330.2,1477.0,48,40,74.6,68.6,15,0,0,0,1,1,-1.2,0
PAI-03089,Urban Transit,Tamil Nadu,161.4,169.6,34,71,94.8,90.5,9,0,1,0,0,0,0.8,0
PAI-03090,Roads,West Bengal,442.5,471.5,49,39,89.2,93.1,16,1,0,1,0,0,4.2,1
PAI-03091,Urban Transit,Madhya Pradesh,369.2,377.1,17,40,92.6,91.5,4,0,0,0,0,0,-1.5,0
PAI-03092,Roads,Tamil Nadu,986.4,1061.1,18,24,100.0,94.5,7,1,1,0,0,1,3.0,0
PAI-03093,Urban Transit,West Bengal,175.3,184.8,17,8,52.1,55.3,4,2,0,0,0,0,4.7,1
PAI-03094,Urban Transit,Andhra Pradesh,167.1,170.9,45,15,39.2,40.0,10,2,0,1,0,0,5.2,1
PAI-03095,Urban Transit,Telangana,407.3,416.0,47,58,100.0,100.0,14,0,0,0,0,0,-1.3,0
PAI-03096,Industrial Corridors,Kerala,50.2,52.5,65,21,19.2,21.7,16,0,0,0,0,1,5.8,0
PAI-03097,Power,Madhya Pradesh,911.5,1020.4,68,35,66.0,75.6,15,3,0,1,0,1,8.4,1
PAI-03098,Roads,Andhra Pradesh,187.2,189.8,31,16,45.5,54.4,12,0,1,0,0,0,-5.6,0
PAI-03099,Ports,Andhra Pradesh,963.8,969.9,35,14,39.4,39.6,10,1,0,1,0,0,2.7,1
PAI-03100,Urban Transit,Telangana,206.5,224.1,38,30,70.4,73.4,11,1,0,1,0,0,7.1,0
PAI-03101,Water & Sanitation,Bihar,274.9,296.5,43,61,96.0,98.3,9,1,1,0,0,0,6.7,1
PAI-03102,Power,Madhya Pradesh,993.3,1024.7,12,17,100.0,100.0,5,0,0,0,0,0,-9.5,0
PAI-03103,Railways,Bihar,410.4,444.6,41,67,100.0,100.0,7,0,1,1,0,0,-2.9,1
PAI-03104,Urban Transit,Telangana,251.3,261.5,29,42,83.6,93.3,7,2,0,0,0,0,5.0,1
PAI-03105,Railways,Uttar Pradesh,234.2,241.4,23,17,61.0,82.7,8,0,0,0,0,0,-4.7,0
PAI-03106,Industrial Corridors,Gujarat,669.2,702.9,17,56,100.0,83.3,4,0,0,0,1,0,9.4,1
PAI-03107,Water & Sanitation,Maharashtra,1214.1,1233.5,31,62,94.5,93.6,6,0,0,1,0,0,-1.6,0
PAI-03108,Water & Sanitation,Karnataka,252.4,272.3,47,63,100.0,98.6,9,1,0,0,1,0,6.9,1
PAI-03109,Railways,Uttar Pradesh,127.7,130.8,12,50,97.4,100.0,4,1,1,0,0,0,-9.0,1
PAI-03110,Ports,Andhra Pradesh,1425.6,1579.4,53,82,94.8,96.7,11,3,0,0,0,0,12.7,1
PAI-03111,Roads,Tamil Nadu,160.0,165.7,24,55,84.1,100.0,6,0,0,0,0,0,4.3,0
PAI-03112,Roads,Andhra Pradesh,149.0,149.9,34,39,97.6,89.2,8,0,0,0,0,0,9.4,0
PAI-03113,Railways,Uttar Pradesh,99.9,107.9,50,63,88.0,100.0,12,0,1,0,0,0,5.5,1
PAI-03114,Roads,Andhra Pradesh,199.1,228.3,79,57,74.6,68.4,20,3,1,1,0,0,5.8,1
PAI-03115,Railways,Uttar Pradesh,244.8,266.0,50,72,90.3,80.9,11,3,0,1,0,0,7.3,1
PAI-03116,Industrial Corridors,Andhra Pradesh,432.2,485.7,35,44,100.0,97.9,11,2,1,0,0,1,1.7,0
PAI-03117,Railways,Karnataka,559.8,638.2,41,82,98.2,100.0,11,0,1,1,0,1,7.5,1
PAI-03118,Roads,Uttar Pradesh,135.9,140.2,45,17,30.8,39.1,11,1,0,0,0,0,4.3,0
PAI-03119,Roads,Kerala,93.1,108.9,74,46,57.5,54.1,20,2,1,0,0,1,11.1,1
PAI-03120,Urban Transit,Karnataka,253.1,281.4,21,75,76.5,68.7,4,2,0,1,0,0,0.1,0
PAI-03121,Railways,Bihar,171.0,172.3,40,81,97.1,94.2,7,0,0,0,0,0,5.4,1
PAI-03122,Industrial Corridors,Madhya Pradesh,203.0,209.3,28,67,100.0,100.0,4,1,1,0,0,0,7.8,1
PAI-03123,Railways,West Bengal,932.9,932.9,14,14,100.0,100.0,6,1,0,1,0,0,1.3,0
PAI-03124,Power,Jharkhand,118.0,121.5,72,42,56.2,69.3,16,0,0,0,0,0,-2.3,0
PAI-03125,Urban Transit,Uttar Pradesh,169.4,176.1,18,13,73.8,51.9,4,0,1,0,0,0,1.2,1
PAI-03126,Airports,Madhya Pradesh,147.6,150.9,52,29,68.4,49.8,12,1,0,0,0,0,5.5,0
PAI-03127,Ports,West Bengal,1248.3,1295.2,67,8,17.7,16.2,18,0,1,0,0,0,2.1,0
PAI-03128,Railways,Telangana,371.8,426.2,33,28,85.0,64.9,9,0,1,0,1,0,-2.3,1
PAI-03129,Water & Sanitation,Karnataka,69.7,71.3,36,20,73.9,79.9,12,0,0,0,0,0,11.5,0
PAI-03130,Roads,Jharkhand,366.7,383.9,31,22,63.5,68.2,4,1,1,0,0,0,-5.3,1
PAI-03131,Urban Transit,Madhya Pradesh,123.6,126.5,16,82,94.4,88.4,5,1,0,0,0,0,4.1,0
PAI-03132,Roads,Karnataka,374.5,385.8,46,28,59.8,59.3,8,0,0,1,0,0,4.4,0
PAI-03133,Railways,Karnataka,240.7,250.7,19,11,65.1,70.1,4,1,0,0,0,0,-0.3,1
PAI-03134,Railways,Kerala,124.1,130.0,20,21,93.5,100.0,5,0,0,1,0,0,-2.2,0
PAI-03135,Ports,Tamil Nadu,170.5,186.8,76,58,55.7,54.6,19,0,1,0,0,1,4.6,0
PAI-03136,Roads,Telangana,109.0,129.3,12,38,84.2,90.2,4,0,1,0,1,1,8.2,1
PAI-03137,Industrial Corridors,Telangana,434.4,449.8,20,32,90.0,92.2,8,1,0,1,0,0,1.6,1
PAI-03138,Roads,Maharashtra,72.1,76.6,39,76,100.0,88.3,8,0,1,0,0,0,-12.0,1
PAI-03139,Urban Transit,Uttar Pradesh,355.1,356.8,57,50,78.4,79.7,12,1,0,1,0,0,-1.3,1
PAI-03140,Water & Sanitation,West Bengal,25.0,26.3,49,25,50.8,46.0,12,3,0,0,0,0,6.4,1
PAI-03141,Urban Transit,Odisha,850.1,870.5,36,25,77.4,86.9,10,2,0,0,0,0,1.9,1
PAI-03142,Roads,Odisha,314.0,371.3,34,12,30.1,38.3,4,2,1,1,1,0,3.9,1
PAI-03143,Airports,Jharkhand,105.1,108.8,25,54,100.0,100.0,6,2,0,0,0,0,10.3,0
PAI-03144,Airports,Bihar,208.5,224.6,63,80,100.0,98.6,16,2,0,1,0,0,8.5,0
PAI-03145,Roads,Odisha,522.8,541.8,56,8,16.8,16.9,13,1,1,0,0,0,4.4,0
PAI-03146,Water & Sanitation,Madhya Pradesh,362.7,375.8,64,71,99.8,95.4,13,0,0,0,0,0,1.8,0
PAI-03147,Urban Transit,Gujarat,1498.6,1526.4,60,57,100.0,86.8,15,0,0,0,1,0,3.4,0
PAI-03148,Water & Sanitation,Madhya Pradesh,447.6,459.8,38,76,78.6,79.7,11,0,0,0,0,0,5.1,0
PAI-03149,Roads,Haryana,341.7,363.2,45,82,88.5,95.7,10,0,1,1,0,0,1.2,0
PAI-03150,Airports,Rajasthan,683.5,693.5,45,29,59.9,50.9,10,2,0,0,0,0,-1.0,0
PAI-03151,Urban Transit,Gujarat,61.0,63.3,12,69,86.8,90.5,5,0,1,1,0,0,-8.6,0
PAI-03152,Railways,Karnataka,149.7,169.3,74,83,93.0,85.2,16,3,0,1,0,0,14.2,1
PAI-03153,Urban Transit,Karnataka,141.2,141.8,62,19,25.1,30.3,13,2,0,0,0,0,-3.0,0
PAI-03154,Railways,Jharkhand,215.5,218.5,47,42,85.0,81.3,11,0,0,0,0,0,-3.8,0
PAI-03155,Water & Sanitation,Haryana,108.7,111.9,70,19,21.8,17.3,17,1,0,1,0,0,-10.4,0
PAI-03156,Ports,Uttar Pradesh,30.3,31.5,15,65,100.0,100.0,5,0,1,0,0,0,5.2,1
PAI-03157,Railways,Haryana,467.8,495.7,12,62,97.2,98.9,6,1,0,0,0,0,0.7,0
PAI-03158,Power,Andhra Pradesh,334.4,341.3,37,33,70.2,77.5,10,1,0,0,0,0,-1.3,0
PAI-03159,Water & Sanitation,Jharkhand,1287.6,1348.0,51,62,100.0,98.8,14,0,1,0,0,0,3.2,0
PAI-03160,Airports,Madhya Pradesh,324.1,349.5,55,76,89.1,81.6,11,2,0,0,0,0,13.9,0
PAI-03161,Roads,Gujarat,147.2,163.3,20,79,90.3,74.3,5,1,1,1,0,0,6.4,1
PAI-03162,Urban Transit,Madhya Pradesh,58.6,62.3,37,21,70.8,81.0,8,0,0,0,0,1,0.5,0
PAI-03163,Railways,Odisha,80.5,87.3,23,46,100.0,88.9,8,1,0,0,1,0,0.5,1
PAI-03164,Roads,Jharkhand,333.3,367.0,36,78,86.8,96.8,13,2,1,0,0,0,9.1,1
PAI-03165,Railways,Tamil Nadu,434.2,465.1,45,63,100.0,100.0,12,0,0,0,1,1,-0.0,0
PAI-03166,Water & Sanitation,Karnataka,112.0,115.0,34,70,100.0,100.0,13,1,0,0,0,0,0.9,1
PAI-03167,Urban Transit,West Bengal,410.6,418.5,45,39,86.7,76.8,11,2,0,0,0,0,-3.4,1
PAI-03168,Power,Bihar,173.6,180.1,47,32,67.2,69.2,10,0,0,0,0,0,5.1,0
PAI-03169,Urban Transit,Andhra Pradesh,403.8,418.9,52,7,16.0,0.0,11,1,0,0,0,0,-3.1,0
PAI-03170,Water & Sanitation,West Bengal,896.7,914.2,47,81,100.0,88.3,11,0,0,1,0,0,1.0,1
PAI-03171,Railways,Jharkhand,274.1,278.4,42,64,87.8,91.7,12,1,0,0,0,0,9.0,0
PAI-03172,Urban Transit,Andhra Pradesh,220.4,230.9,25,14,52.3,51.2,8,0,0,0,0,0,-7.1,0
PAI-03173,Ports,Telangana,330.4,350.8,42,53,100.0,90.6,13,0,1,1,0,0,-1.7,1
PAI-03174,Railways,Andhra Pradesh,81.3,84.0,47,12,20.2,26.1,13,0,0,0,0,0,-4.0,0
PAI-03175,Industrial Corridors,Telangana,108.6,115.4,50,45,79.0,83.8,12,0,1,1,0,0,0.1,1
PAI-03176,Ports,West Bengal,380.6,422.1,59,76,96.9,99.6,12,1,1,0,0,1,7.9,0
PAI-03177,Railways,West Bengal,219.0,229.0,24,9,33.1,41.1,4,3,0,0,0,0,7.3,0
PAI-03178,Power,Uttar Pradesh,165.3,173.0,56,41,69.7,64.9,13,3,0,0,0,0,11.3,0
PAI-03179,Urban Transit,Haryana,399.1,418.4,58,12,25.5,20.6,18,0,0,0,0,0,-7.1,0
PAI-03180,Airports,Maharashtra,651.3,693.7,43,77,100.0,98.1,11,3,0,1,0,0,1.0,1
PAI-03181,Ports,Telangana,337.4,355.0,63,11,7.1,9.5,13,1,0,0,0,1,2.5,0
PAI-03182,Airports,Odisha,640.3,703.7,60,73,100.0,85.8,13,0,0,1,0,0,2.9,0
PAI-03183,Roads,Uttar Pradesh,180.3,194.2,57,77,100.0,100.0,16,0,1,0,0,0,6.5,0
PAI-03184,Ports,Madhya Pradesh,236.8,240.5,59,71,100.0,100.0,20,0,0,0,0,0,0.0,0
PAI-03185,Power,Madhya Pradesh,378.6,391.2,19,37,93.7,92.8,4,2,0,0,0,0,7.2,0
PAI-03186,Water & Sanitation,Gujarat,79.7,81.4,63,46,73.3,71.3,12,1,0,0,0,0,-0.9,1
PAI-03187,Ports,Haryana,497.3,533.7,18,33,99.0,91.7,4,0,1,1,0,0,4.4,1
PAI-03188,Urban Transit,Jharkhand,165.5,184.8,47,74,89.8,76.7,11,2,0,0,0,0,17.0,1
PAI-03189,Water & Sanitation,Jharkhand,301.8,301.8,43,21,45.9,45.1,11,1,0,0,0,0,1.6,0
PAI-03190,Ports,Bihar,323.7,367.6,44,14,38.7,37.0,7,2,1,1,0,1,3.0,1
PAI-03191,Airports,Andhra Pradesh,706.3,747.2,45,83,100.0,97.5,13,2,0,0,0,0,10.1,1
PAI-03192,Railways,Maharashtra,957.9,994.1,46,56,100.0,96.9,13,0,0,0,0,1,-3.7,0
PAI-03193,Power,West Bengal,287.3,304.5,46,12,32.1,31.3,12,1,0,0,1,0,5.1,1
PAI-03194,Roads,Telangana,75.9,78.3,45,41,82.0,80.0,12,0,0,1,0,0,6.5,0
PAI-03195,Roads,Andhra Pradesh,658.7,660.0,43,39,95.0,94.7,10,0,0,0,0,0,-7.5,0
PAI-03196,Urban Transit,Andhra Pradesh,193.2,196.6,43,78,95.0,81.6,12,0,1,0,0,0,4.6,0
PAI-03197,Power,Jharkhand,160.0,164.0,35,28,77.8,72.8,4,1,0,1,0,0,-0.2,0
PAI-03198,Water & Sanitation,Uttar Pradesh,70.3,81.3,39,80,96.5,71.0,14,0,0,1,1,1,2.2,1
PAI-03199,Water & Sanitation,West Bengal,715.3,808.7,44,6,11.0,7.5,10,2,1,0,0,0,7.6,1
PAI-03200,Power,Jharkhand,249.7,255.0,29,8,23.5,27.6,5,0,0,0,0,0,-3.2,0
PAI-03201,Water & Sanitation,Andhra Pradesh,192.6,196.5,54,18,36.4,48.9,10,0,0,0,0,1,3.8,0
PAI-03202,Railways,Jharkhand,507.5,515.8,24,26,100.0,96.3,4,1,0,0,0,0,-3.7,0
PAI-03203,Airports,Bihar,499.3,524.6,65,31,38.8,33.2,19,1,0,0,0,1,-1.4,1
PAI-03204,Power,Kerala,472.7,477.9,46,52,99.5,100.0,13,0,0,0,0,0,-1.9,1
PAI-03205,Power,Uttar Pradesh,756.4,786.1,17,55,91.4,91.0,7,1,0,1,0,0,-4.8,0
PAI-03206,Ports,Madhya Pradesh,202.7,207.4,60,10,7.8,13.7,15,0,1,0,0,0,3.0,0
PAI-03207,Roads,Jharkhand,61.9,66.0,67,24,18.6,25.9,16,1,1,0,0,0,1.4,1
PAI-03208,Urban Transit,Haryana,582.0,644.5,48,52,95.5,89.6,10,0,0,0,1,0,3.8,1
PAI-03209,Water & Sanitation,Madhya Pradesh,612.9,663.9,37,49,98.3,95.2,6,2,1,0,0,0,1.0,1
PAI-03210,Airports,Telangana,319.2,336.7,33,38,98.2,94.9,11,0,0,0,1,0,-0.5,0
PAI-03211,Water & Sanitation,Odisha,321.0,340.6,40,16,38.4,32.4,14,1,0,0,0,0,9.6,1
PAI-03212,Railways,Karnataka,217.4,237.5,46,20,51.9,57.8,12,0,1,0,1,0,11.3,1
PAI-03213,Roads,Maharashtra,274.9,286.2,40,8,18.9,0.0,8,1,0,0,0,1,-3.0,1
PAI-03214,Railways,Andhra Pradesh,830.7,846.5,40,34,91.1,88.0,6,3,0,0,0,0,-4.0,1
PAI-03215,Railways,Odisha,93.3,100.2,52,24,47.1,42.6,12,1,1,1,0,0,-1.1,1
PAI-03216,Airports,Rajasthan,806.4,868.5,43,34,84.2,65.6,8,0,0,1,0,0,-9.1,1
PAI-03217,Water & Sanitation,Kerala,276.5,291.0,30,9,13.7,27.3,7,1,0,0,0,0,0.2,0
PAI-03218,Railways,West Bengal,218.8,255.8,34,84,90.0,73.8,6,2,1,1,0,1,-2.4,1
PAI-03219,Power,Uttar Pradesh,290.7,296.4,12,60,89.4,94.2,4,0,0,0,0,0,4.5,0
PAI-03220,Railways,Tamil Nadu,336.2,362.7,47,40,86.8,90.4,13,3,0,0,1,0,2.9,0
PAI-03221,Industrial Corridors,Rajasthan,612.4,673.9,44,78,100.0,100.0,12,1,1,1,0,0,-0.7,1
PAI-03222,Urban Transit,Odisha,119.9,123.8,34,12,39.6,46.0,11,0,0,0,0,0,-2.6,0
PAI-03223,Industrial Corridors,Kerala,155.1,159.3,33,16,57.5,64.4,7,1,0,0,0,0,5.4,1
PAI-03224,Urban Transit,Bihar,127.0,133.8,29,80,98.7,100.0,6,2,0,1,0,0,5.7,0
PAI-03225,Roads,Jharkhand,1342.9,1440.8,59,70,100.0,78.8,13,2,0,0,0,0,5.7,0
PAI-03226,Railways,Haryana,553.3,610.1,36,18,45.6,32.3,10,0,1,1,0,0,-1.4,1
PAI-03227,Water & Sanitation,Uttar Pradesh,669.0,683.4,33,58,89.8,79.8,5,2,0,0,0,0,-3.2,0
PAI-03228,Water & Sanitation,Andhra Pradesh,199.5,209.2,15,25,93.9,93.8,4,2,0,0,0,0,4.2,0
PAI-03229,Ports,Madhya Pradesh,58.5,58.6,45,79,95.8,100.0,10,0,0,0,0,0,1.0,0
PAI-03230,Roads,Bihar,259.5,293.3,29,29,100.0,84.1,7,4,0,1,0,0,8.9,1
PAI-03231,Roads,Andhra Pradesh,113.9,125.4,24,31,95.8,100.0,6,1,1,0,0,1,-0.1,0
PAI-03232,Railways,Madhya Pradesh,85.2,89.3,47,28,58.9,63.7,14,0,0,0,0,1,-0.1,0
PAI-03233,Railways,Madhya Pradesh,837.2,871.2,56,50,100.0,100.0,12,1,1,0,0,0,6.9,0
PAI-03234,Roads,Kerala,140.8,152.9,33,60,100.0,100.0,12,2,0,0,0,1,2.6,1
PAI-03235,Urban Transit,Bihar,166.4,172.1,37,43,91.5,90.7,8,1,0,0,0,0,-4.7,1
PAI-03236,Power,Telangana,172.3,172.5,29,66,100.0,100.0,6,0,0,0,0,0,8.8,1
PAI-03237,Urban Transit,West Bengal,227.4,237.4,37,72,100.0,94.9,4,0,0,1,0,0,4.9,1
PAI-03238,Railways,Rajasthan,42.2,44.6,26,81,99.4,100.0,5,0,1,0,0,0,-1.7,1
PAI-03239,Roads,Telangana,157.1,176.9,56,77,89.0,78.7,14,1,1,0,0,0,7.6,0
PAI-03240,Water & Sanitation,Maharashtra,228.4,251.5,66,61,100.0,100.0,18,2,1,0,0,0,9.9,1
PAI-03241,Urban Transit,Rajasthan,418.9,422.0,40,76,96.7,92.7,10,0,0,0,0,0,2.7,0
PAI-03242,Ports,Andhra Pradesh,324.6,327.1,60,16,8.7,3.3,14,0,0,0,0,0,-1.7,0
PAI-03243,Railways,Odisha,452.4,510.1,56,17,40.2,31.6,13,0,1,0,0,1,-4.4,1
PAI-03244,Urban Transit,Karnataka,76.7,82.2,56,57,95.2,90.8,13,2,0,1,0,0,10.3,0
PAI-03245,Railways,West Bengal,429.2,450.3,51,10,21.4,18.6,11,0,0,1,0,0,-5.0,0
PAI-03246,Airports,Madhya Pradesh,25.0,26.1,68,84,90.5,91.4,17,2,0,1,0,0,3.4,1
PAI-03247,Roads,West Bengal,97.1,107.2,63,19,47.8,54.0,13,3,1,0,0,0,5.1,1
PAI-03248,Roads,Gujarat,462.2,540.4,25,48,100.0,87.1,8,3,0,1,1,0,6.4,1
PAI-03249,Roads,Kerala,363.9,421.9,69,57,92.4,79.6,16,2,0,0,1,1,15.1,1
PAI-03250,Power,West Bengal,394.7,447.1,58,81,92.6,83.4,12,1,1,0,1,0,1.9,1
PAI-03251,Power,Karnataka,134.4,146.5,19,45,99.8,100.0,4,2,1,0,0,0,8.7,1
PAI-03252,Water & Sanitation,Haryana,172.3,194.2,45,56,100.0,93.7,10,1,1,0,0,0,6.0,1
PAI-03253,Water & Sanitation,Telangana,49.1,51.3,59,70,100.0,100.0,18,0,0,0,0,0,4.0,0
PAI-03254,Urban Transit,Karnataka,224.6,228.0,48,40,78.9,85.3,15,0,0,0,0,0,2.3,0
PAI-03255,Airports,Andhra Pradesh,544.6,546.6,29,13,49.7,50.2,8,1,0,0,0,0,-1.7,0
PAI-03256,Roads,Karnataka,41.4,46.7,16,82,93.1,83.8,4,0,1,0,1,0,9.5,1
PAI-03257,Power,Gujarat,267.5,289.1,61,48,91.1,89.2,12,2,0,0,1,0,2.4,1
PAI-03258,Urban Transit,Kerala,199.0,205.6,43,46,90.1,100.0,12,0,0,0,0,0,5.0,0
PAI-03259,Industrial Corridors,Jharkhand,93.3,95.7,54,41,71.7,67.8,14,0,0,0,0,0,-4.8,0
PAI-03260,Airports,Rajasthan,498.5,510.1,39,84,86.7,79.1,9,0,1,0,0,0,1.4,0
PAI-03261,Ports,Haryana,313.5,332.1,52,23,52.8,39.5,11,1,0,1,0,1,-1.0,0
PAI-03262,Power,Odisha,309.9,319.1,19,8,30.9,40.4,5,1,0,0,0,1,0.2,1
PAI-03263,Urban Transit,Jharkhand,145.8,153.8,43,39,88.3,77.2,9,2,0,0,0,0,8.2,0
PAI-03264,Water & Sanitation,Tamil Nadu,409.8,441.3,50,72,97.2,100.0,15,1,0,1,1,0,9.0,0
PAI-03265,Airports,Rajasthan,310.6,325.0,35,82,100.0,100.0,7,0,0,0,1,0,7.3,0
PAI-03266,Railways,Maharashtra,119.6,122.4,39,24,61.9,76.2,9,1,0,1,0,0,-3.6,0
PAI-03267,Roads,Gujarat,168.8,171.6,55,17,29.0,31.9,16,1,0,1,0,0,3.8,1
PAI-03268,Railways,West Bengal,28.2,29.0,23,70,100.0,100.0,8,1,0,0,0,0,12.8,1
PAI-03269,Ports,Uttar Pradesh,460.0,475.4,15,31,82.5,85.4,4,0,0,0,0,1,-1.4,0
PAI-03270,Railways,Karnataka,84.2,89.2,43,8,19.0,3.9,10,1,0,0,0,1,-9.4,0
PAI-03271,Roads,Madhya Pradesh,159.1,163.8,28,74,95.1,81.9,6,0,0,1,0,0,-1.7,0
PAI-03272,Ports,Uttar Pradesh,399.2,407.2,48,25,52.4,50.5,12,0,0,1,0,0,0.6,0
PAI-03273,Urban Transit,Telangana,134.6,139.0,60,15,27.3,20.9,16,1,0,0,0,0,3.3,1
PAI-03274,Water & Sanitation,Uttar Pradesh,552.0,590.0,28,12,36.9,41.8,7,1,0,0,1,0,-7.3,0
PAI-03275,Roads,West Bengal,66.5,71.1,79,53,61.3,60.0,21,1,0,0,0,1,2.1,0
PAI-03276,Urban Transit,Bihar,315.0,328.1,16,21,100.0,100.0,8,1,0,0,0,0,-3.2,0
PAI-03277,Ports,Haryana,261.7,268.0,49,61,86.0,100.0,10,1,0,0,0,0,-1.8,1
PAI-03278,Urban Transit,Maharashtra,281.9,313.4,34,36,100.0,100.0,6,1,1,1,0,0,-3.9,1
PAI-03279,Water & Sanitation,Haryana,1253.7,1283.3,97,40,37.2,43.6,23,0,0,0,0,0,-5.1,0
PAI-03280,Power,Telangana,490.8,538.1,58,81,91.8,81.7,14,1,1,0,0,0,1.0,1
PAI-03281,Railways,Gujarat,68.6,77.0,41,79,90.7,78.3,10,1,0,0,0,1,4.4,0
PAI-03282,Urban Transit,Maharashtra,275.6,285.2,35,52,99.1,93.8,13,0,0,0,0,0,-0.1,0
PAI-03283,Roads,Uttar Pradesh,205.0,232.1,46,8,36.3,42.3,11,2,0,1,0,1,5.8,1
PAI-03284,Railways,Rajasthan,141.3,147.0,34,42,100.0,100.0,9,1,0,0,0,0,3.1,0
PAI-03285,Industrial Corridors,Karnataka,90.5,93.8,69,14,3.8,10.2,17,1,0,0,1,0,-3.4,0
PAI-03286,Ports,Tamil Nadu,345.4,368.0,19,6,37.5,31.0,9,2,0,0,0,0,8.8,1
PAI-03287,Water & Sanitation,Karnataka,264.4,276.7,44,29,69.7,57.5,8,1,0,0,1,0,-0.6,0
PAI-03288,Airports,Uttar Pradesh,266.7,274.0,63,74,92.9,91.4,14,0,0,0,0,0,2.5,0
PAI-03289,Roads,Uttar Pradesh,88.6,90.9,32,32,100.0,100.0,4,1,0,0,0,0,2.9,0
PAI-03290,Industrial Corridors,Jharkhand,774.9,794.4,27,78,93.9,85.9,4,1,0,1,0,0,4.2,1
PAI-03291,Urban Transit,Odisha,138.9,146.8,16,25,94.9,94.6,6,0,0,0,0,0,-1.1,0
PAI-03292,Industrial Corridors,Rajasthan,361.7,368.7,33,49,100.0,100.0,9,0,0,0,0,1,-6.2,1
PAI-03293,Airports,Jharkhand,212.5,219.2,72,72,96.8,93.2,19,0,0,0,0,0,-8.1,0
PAI-03294,Water & Sanitation,Haryana,614.0,635.4,48,59,91.7,97.8,9,0,0,0,0,0,3.2,0
PAI-03295,Water & Sanitation,Jharkhand,312.5,327.0,60,53,83.7,92.5,16,1,0,0,1,0,8.9,0
PAI-03296,Airports,Telangana,299.9,299.9,68,45,71.0,73.7,12,0,0,1,0,0,0.2,0
PAI-03297,Water & Sanitation,Odisha,95.2,100.8,54,75,100.0,91.4,15,1,0,0,0,0,8.1,1
PAI-03298,Urban Transit,West Bengal,183.1,192.8,16,71,100.0,100.0,4,0,0,0,0,0,-2.3,0
PAI-03299,Urban Transit,Rajasthan,168.7,188.8,21,40,100.0,88.8,7,2,1,1,0,0,4.4,1
PAI-03300,Power,Bihar,81.8,86.6,66,48,67.7,63.9,13,3,0,0,0,0,11.4,0
PAI-03301,Railways,Rajasthan,408.9,419.0,53,22,38.5,41.5,14,0,0,0,0,0,5.2,1
PAI-03302,Urban Transit,Jharkhand,150.7,157.7,69,77,90.8,96.0,14,2,0,0,0,0,5.7,0
PAI-03303,Railways,Maharashtra,176.4,185.3,21,73,97.6,91.0,7,1,0,1,0,0,4.5,0
PAI-03304,Railways,Maharashtra,397.7,417.7,35,39,100.0,100.0,9,1,0,0,0,1,8.3,0
PAI-03305,Roads,Gujarat,70.1,75.7,30,68,84.1,97.1,5,1,1,0,0,0,2.7,1
PAI-03306,Roads,Kerala,240.3,278.3,20,84,100.0,96.5,6,2,1,0,0,1,14.9,0
PAI-03307,Urban Transit,Telangana,49.4,51.9,39,54,100.0,90.5,9,1,0,0,0,0,-2.0,0
PAI-03308,Urban Transit,Rajasthan,433.7,479.5,46,55,98.2,96.3,12,2,1,0,0,0,10.9,1
PAI-03309,Power,Karnataka,160.9,165.4,47,18,33.8,36.8,12,1,0,0,0,0,5.2,1
PAI-03310,Urban Transit,Uttar Pradesh,367.5,383.2,61,49,83.0,80.1,16,1,0,0,0,0,2.4,0
PAI-03311,Urban Transit,Odisha,167.9,173.4,61,78,98.6,92.3,12,0,0,0,0,0,9.7,0
PAI-03312,Water & Sanitation,Uttar Pradesh,497.3,537.4,46,44,100.0,100.0,12,1,1,0,0,0,6.4,1
PAI-03313,Power,Maharashtra,193.2,196.6,48,68,89.6,85.1,13,0,0,0,0,0,-8.5,0
PAI-03314,Power,Telangana,77.7,84.6,20,51,79.9,69.9,4,0,1,1,0,0,-4.1,1
PAI-03315,Railways,West Bengal,217.9,234.6,12,7,46.6,55.5,4,0,1,1,0,0,-8.1,0
PAI-03316,Water & Sanitation,Kerala,107.5,113.1,46,44,88.9,93.6,11,1,0,1,0,0,5.0,0
PAI-03317,Ports,Telangana,320.2,342.9,18,18,100.0,82.1,5,1,1,0,0,0,3.5,0
PAI-03318,Airports,Tamil Nadu,156.3,160.0,26,74,100.0,100.0,9,1,0,0,0,0,8.8,1
PAI-03319,Railways,West Bengal,779.2,810.5,42,18,46.4,52.2,9,0,0,0,0,1,-7.7,0
PAI-03320,Water & Sanitation,Tamil Nadu,246.1,270.0,23,84,94.7,93.4,7,3,0,0,0,0,9.8,1
PAI-03321,Industrial Corridors,West Bengal,89.8,102.2,22,51,100.0,100.0,5,1,1,1,0,1,8.2,1
PAI-03322,Roads,West Bengal,54.9,56.1,65,37,63.3,61.3,18,0,0,0,0,0,2.8,1
PAI-03323,Water & Sanitation,Jharkhand,274.6,287.9,53,49,92.7,100.0,12,0,0,0,0,1,-6.7,0
PAI-03324,Water & Sanitation,Maharashtra,59.6,60.9,31,10,37.1,36.3,6,0,0,0,0,0,-11.4,0
PAI-03325,Roads,Haryana,67.1,68.5,45,62,99.1,96.8,14,0,0,0,0,0,5.3,0
PAI-03326,Roads,Telangana,287.1,303.4,45,83,100.0,96.7,10,0,1,1,0,0,-2.3,1
PAI-03327,Railways,Jharkhand,265.3,274.4,46,39,77.8,97.2,11,0,0,0,0,0,6.2,0
PAI-03328,Power,Maharashtra,459.5,476.8,70,43,54.4,41.7,18,0,1,1,0,0,-2.8,0
PAI-03329,Ports,Bihar,130.0,134.0,60,9,8.6,16.9,16,1,1,0,0,0,0.4,1
PAI-03330,Water & Sanitation,Madhya Pradesh,257.1,266.1,17,33,98.1,100.0,8,2,0,0,0,0,2.0,0
PAI-03331,Airports,Karnataka,211.0,212.3,45,12,22.2,42.4,11,1,0,0,0,0,-0.8,0
PAI-03332,Roads,Madhya Pradesh,499.9,549.7,25,84,100.0,95.9,7,0,1,0,0,0,4.4,1
PAI-03333,Industrial Corridors,Uttar Pradesh,287.4,298.1,27,29,100.0,98.6,4,1,0,0,0,0,2.2,0
PAI-03334,Ports,Rajasthan,121.9,125.2,31,37,88.6,90.0,9,0,1,0,0,0,-8.2,1
PAI-03335,Urban Transit,Rajasthan,232.3,237.8,37,47,91.3,81.6,8,1,0,0,0,0,3.0,0
PAI-03336,Water & Sanitation,West Bengal,249.4,250.9,81,74,100.0,100.0,20,1,0,0,0,0,-2.8,0
PAI-03337,Power,Jharkhand,239.8,241.4,48,38,76.2,80.4,13,1,0,0,0,0,1.8,0
PAI-03338,Railways,Haryana,259.5,294.9,42,79,100.0,93.7,9,3,1,0,0,0,6.4,1
PAI-03339,Industrial Corridors,Jharkhand,343.2,349.7,24,51,95.0,95.0,6,1,0,0,0,0,-3.5,0
PAI-03340,Water & Sanitation,Telangana,109.6,112.7,30,80,91.7,89.5,8,0,0,0,0,0,-0.1,0
PAI-03341,Industrial Corridors,West Bengal,217.8,227.3,21,12,46.6,42.4,7,0,1,0,0,1,0.3,1
PAI-03342,Railways,Jharkhand,73.5,75.6,49,11,8.3,10.9,9,1,0,1,0,0,-1.7,1
PAI-03343,Railways,Haryana,130.9,134.0,43,26,62.1,62.2,11,0,0,1,0,0,-10.2,0
PAI-03344,Airports,Uttar Pradesh,408.1,428.9,49,59,91.8,89.4,13,1,0,0,0,0,5.5,0
PAI-03345,Power,Jharkhand,25.0,25.6,31,44,94.5,100.0,10,0,0,0,0,0,2.5,1
PAI-03346,Roads,Andhra Pradesh,62.9,69.6,37,11,37.8,48.3,8,2,1,0,0,0,-3.9,1
PAI-03347,Industrial Corridors,Kerala,688.5,708.9,30,7,25.8,26.3,7,1,0,0,0,0,2.8,0
PAI-03348,Roads,Rajasthan,91.1,91.7,23,7,39.6,39.0,5,0,1,0,0,0,1.1,0
PAI-03349,Water & Sanitation,Uttar Pradesh,68.2,71.7,35,68,94.6,95.3,5,0,0,0,0,0,1.6,0
PAI-03350,Airports,Bihar,354.6,366.8,47,71,92.1,85.2,12,0,0,1,0,0,-2.8,1
PAI-03351,Industrial Corridors,Rajasthan,106.0,109.0,25,69,95.9,98.0,4,0,0,1,0,0,-5.2,0
PAI-03352,Ports,Gujarat,177.7,184.3,31,68,92.5,84.8,8,1,0,0,0,0,0.9,0
PAI-03353,Railways,Odisha,1566.9,1611.4,47,40,90.7,100.0,12,1,0,1,0,0,-2.6,0
PAI-03354,Railways,Tamil Nadu,142.5,149.4,22,43,100.0,97.6,4,0,1,0,0,0,-2.3,0
PAI-03355,Roads,Maharashtra,285.2,293.5,30,33,100.0,98.4,7,1,0,0,0,0,0.9,0
PAI-03356,Water & Sanitation,Telangana,1075.2,1104.7,50,10,12.2,16.9,15,1,0,0,0,0,-0.4,0
PAI-03357,Roads,Telangana,924.1,977.3,61,7,14.3,14.2,13,1,0,1,0,0,-3.5,0
PAI-03358,Roads,Maharashtra,727.6,775.1,60,45,67.1,64.5,15,1,1,0,0,0,3.4,0
PAI-03359,Industrial Corridors,Maharashtra,234.1,273.6,51,64,96.0,100.0,11,1,1,0,1,1,-1.1,1
PAI-03360,Water & Sanitation,West Bengal,274.6,284.8,40,21,41.8,34.6,15,0,0,0,0,0,-12.0,0
PAI-03361,Water & Sanitation,Haryana,137.8,140.2,54,59,100.0,100.0,13,3,0,0,0,0,8.7,0
PAI-03362,Roads,Uttar Pradesh,1209.8,1359.6,15,69,100.0,98.0,6,2,1,1,0,0,7.0,1
PAI-03363,Water & Sanitation,Uttar Pradesh,1904.0,2011.0,54,39,63.4,58.8,16,2,0,0,0,0,3.8,0
PAI-03364,Water & Sanitation,Odisha,53.1,55.4,53,62,100.0,100.0,14,1,0,0,0,0,-1.8,0
PAI-03365,Railways,Jharkhand,487.7,522.3,63,17,23.2,18.4,17,1,1,0,0,0,8.1,0
PAI-03366,Airports,Kerala,595.1,623.3,37,73,100.0,100.0,12,1,0,0,0,0,-1.4,0
PAI-03367,Roads,Gujarat,114.2,116.7,44,80,100.0,100.0,15,1,0,1,0,0,2.1,0
PAI-03368,Industrial Corridors,Madhya Pradesh,136.7,152.5,23,56,99.9,90.9,4,2,1,0,0,0,6.8,1
PAI-03369,Airports,Rajasthan,98.9,99.8,63,23,31.7,28.4,17,2,0,0,0,0,-3.2,1
PAI-03370,Railways,Maharashtra,40.3,41.6,52,12,11.3,27.7,14,0,0,0,0,1,4.9,0
PAI-03371,Roads,Uttar Pradesh,418.4,447.7,24,50,98.2,95.3,6,1,1,0,0,0,-0.3,0
PAI-03372,Urban Transit,Madhya Pradesh,406.2,414.3,53,64,93.6,95.7,9,0,0,0,0,0,0.6,0
PAI-03373,Water & Sanitation,Uttar Pradesh,1105.4,1128.9,12,21,84.8,75.5,4,1,0,0,0,0,1.5,0
PAI-03374,Roads,Telangana,143.4,157.2,49,23,44.2,56.0,16,1,1,1,0,0,2.3,1
PAI-03375,Water & Sanitation,Rajasthan,190.5,193.9,54,84,93.9,100.0,14,0,0,0,0,0,-1.7,1
PAI-03376,Urban Transit,Haryana,113.7,114.6,71,32,43.8,41.3,18,0,0,1,0,0,1.1,1
PAI-03377,Power,Karnataka,243.2,254.7,45,41,99.8,100.0,10,1,0,0,0,0,0.1,0
PAI-03378,Water & Sanitation,Karnataka,360.5,371.6,57,52,87.8,92.5,17,1,0,0,0,0,2.2,0
PAI-03379,Water & Sanitation,Telangana,133.0,137.9,44,61,100.0,100.0,11,2,0,1,0,0,6.3,1
PAI-03380,Railways,Karnataka,328.2,368.2,57,75,100.0,94.7,16,1,1,1,0,0,9.1,1
PAI-03381,Urban Transit,Haryana,237.9,253.3,34,63,92.3,91.0,9,0,1,1,0,0,-4.9,1
PAI-03382,Ports,West Bengal,319.4,330.9,54,39,76.6,67.1,14,3,0,0,0,0,13.7,0
PAI-03383,Urban Transit,West Bengal,47.5,48.5,74,52,70.2,73.9,16,0,0,0,0,0,1.1,0
PAI-03384,Water & Sanitation,Gujarat,331.4,359.4,75,14,12.6,1.6,19,1,0,0,0,1,5.9,1
PAI-03385,Industrial Corridors,Andhra Pradesh,223.5,227.3,30,18,59.0,56.0,6,0,0,0,0,0,-5.2,0
PAI-03386,Airports,Haryana,730.5,748.5,36,29,68.5,67.8,10,0,0,0,0,0,-5.7,0
PAI-03387,Airports,Odisha,343.3,349.2,42,37,84.1,80.2,11,0,0,0,0,0,6.4,1
PAI-03388,Railways,Telangana,828.3,903.9,64,60,87.6,85.7,18,0,1,1,0,1,-4.7,1
PAI-03389,Airports,Maharashtra,148.7,151.5,42,79,100.0,97.8,9,0,0,1,0,0,1.0,0
PAI-03390,Roads,Karnataka,501.9,521.6,28,64,85.1,90.5,7,1,0,0,0,0,2.8,0
PAI-03391,Roads,Karnataka,212.1,221.1,46,36,67.0,68.7,11,1,0,0,0,0,-3.3,0
PAI-03392,Ports,Karnataka,322.7,357.1,31,78,100.0,97.2,6,3,0,0,0,1,4.1,1
PAI-03393,Industrial Corridors,Telangana,120.3,128.7,37,35,100.0,94.6,15,0,1,0,0,0,0.5,1
PAI-03394,Urban Transit,Madhya Pradesh,162.8,167.1,24,52,97.1,81.8,7,1,0,0,0,0,1.7,0
PAI-03395,Power,Rajasthan,88.6,90.4,30,44,98.2,100.0,5,0,0,1,0,0,2.1,0
PAI-03396,Railways,Madhya Pradesh,188.0,192.3,40,56,99.3,92.7,9,1,0,0,0,0,-0.4,0
PAI-03397,Urban Transit,Haryana,78.9,79.5,70,18,19.5,24.3,19,0,0,0,0,0,2.2,0
PAI-03398,Power,Tamil Nadu,722.5,743.5,22,18,89.9,98.0,4,1,0,0,0,0,-1.2,0
PAI-03399,Railways,Maharashtra,371.1,384.0,30,44,87.3,96.8,7,1,0,0,0,1,2.1,0
PAI-03400,Water & Sanitation,Odisha,405.1,415.6,20,74,89.3,95.5,4,0,0,0,0,0,4.6,0
PAI-03401,Ports,Andhra Pradesh,78.1,82.3,32,12,49.8,35.9,8,1,0,0,0,0,9.0,0
PAI-03402,Railways,Telangana,289.4,297.4,37,30,83.6,91.4,9,0,0,0,0,0,6.4,0
PAI-03403,Railways,Uttar Pradesh,113.4,113.8,32,24,72.4,77.9,10,1,0,0,0,0,6.9,0
PAI-03404,Urban Transit,Jharkhand,48.4,49.4,47,75,100.0,92.9,12,0,0,0,1,0,-0.4,0
PAI-03405,Industrial Corridors,Tamil Nadu,79.0,79.4,51,31,73.3,71.6,12,1,0,0,0,0,1.3,0
PAI-03406,Water & Sanitation,Rajasthan,386.9,387.9,31,73,99.3,97.7,10,1,0,0,0,0,6.1,1
PAI-03407,Railways,Bihar,239.2,247.8,25,66,100.0,95.7,6,0,0,0,0,0,-4.4,0
PAI-03408,Power,Tamil Nadu,335.4,345.3,68,58,97.7,87.9,17,3,0,0,0,0,0.4,0
PAI-03409,Power,Maharashtra,272.4,272.4,41,38,100.0,98.6,10,0,0,0,0,0,-3.1,0
PAI-03410,Railways,Gujarat,144.3,145.0,38,19,48.7,46.6,7,0,0,0,0,0,14.7,1
PAI-03411,Railways,Madhya Pradesh,419.2,443.7,41,45,100.0,100.0,13,1,1,0,0,0,5.4,1
PAI-03412,Roads,Maharashtra,287.4,304.9,36,19,42.9,41.9,12,0,1,0,0,0,4.6,1
PAI-03413,Urban Transit,Rajasthan,62.2,62.4,42,39,99.4,100.0,11,2,0,0,0,0,-0.5,0
PAI-03414,Power,Madhya Pradesh,82.8,85.9,27,47,84.4,84.6,6,1,0,0,0,1,7.2,1
PAI-03415,Railways,Kerala,351.1,370.5,53,11,1.0,0.0,11,2,0,0,0,0,2.9,0
PAI-03416,Ports,Jharkhand,322.0,354.7,36,81,99.8,93.0,10,1,0,1,0,0,6.7,1
PAI-03417,Roads,Haryana,595.5,612.8,46,77,96.3,100.0,11,1,0,0,0,0,1.4,1
PAI-03418,Railways,Uttar Pradesh,301.4,315.7,31,35,95.3,100.0,8,0,1,0,0,0,3.3,0
PAI-03419,Industrial Corridors,Uttar Pradesh,221.7,247.5,38,58,100.0,81.9,12,2,0,0,1,1,3.6,1
PAI-03420,Railways,Andhra Pradesh,149.8,152.4,54,67,100.0,100.0,11,0,1,0,0,0,-6.6,0
PAI-03421,Water & Sanitation,Gujarat,215.1,228.3,47,60,89.4,85.9,13,0,0,0,1,0,-3.7,0
PAI-03422,Water & Sanitation,Maharashtra,521.5,541.0,34,67,94.8,91.7,7,0,0,0,0,0,5.3,0
PAI-03423,Urban Transit,Bihar,348.2,356.7,27,61,84.9,80.7,8,1,0,0,0,0,5.7,0
PAI-03424,Water & Sanitation,Maharashtra,104.6,126.9,25,68,100.0,100.0,7,3,1,0,1,1,5.1,0
PAI-03425,Roads,Gujarat,433.7,470.5,44,11,28.5,17.7,11,2,0,1,0,1,-1.0,1
PAI-03426,Railways,Jharkhand,96.5,101.1,17,80,97.8,100.0,4,0,1,0,0,0,2.9,1
PAI-03427,Industrial Corridors,Telangana,108.5,115.0,68,73,95.2,80.7,17,1,0,0,0,1,7.3,0
PAI-03428,Power,Telangana,129.8,143.1,51,57,97.7,100.0,14,1,0,1,0,1,3.4,0
PAI-03429,Water & Sanitation,Karnataka,673.9,752.8,12,36,80.8,92.8,4,0,1,0,0,1,3.4,0
PAI-03430,Industrial Corridors,Odisha,447.2,449.6,57,64,93.3,88.9,17,0,0,1,0,0,1.8,0
PAI-03431,Roads,Odisha,417.7,460.8,56,74,96.2,100.0,14,1,1,1,0,0,11.2,1
PAI-03432,Roads,Andhra Pradesh,507.4,535.8,17,46,100.0,100.0,5,0,0,1,0,0,-6.6,1
PAI-03433,Ports,Uttar Pradesh,333.7,345.9,54,18,45.1,54.7,13,2,0,1,0,0,-2.8,0
PAI-03434,Power,Uttar Pradesh,91.2,106.2,30,74,95.8,94.4,9,3,0,1,1,0,25.0,0
PAI-03435,Roads,Madhya Pradesh,268.6,316.6,54,47,89.1,98.1,14,4,1,0,0,1,0.4,0
PAI-03436,Roads,Tamil Nadu,391.7,436.1,40,78,95.4,100.0,6,0,1,0,1,0,6.9,0
PAI-03437,Power,Gujarat,67.6,69.7,27,23,81.3,77.3,7,0,0,0,0,0,-4.4,0
PAI-03438,Urban Transit,Gujarat,92.6,104.4,36,73,96.7,91.2,10,1,1,1,0,0,7.9,1
PAI-03439,Industrial Corridors,West Bengal,323.4,331.2,61,37,54.9,66.1,16,0,0,0,0,0,-3.2,0
PAI-03440,Roads,Andhra Pradesh,222.3,227.1,42,22,47.8,32.6,11,1,0,0,0,0,13.1,0
PAI-03441,Roads,Odisha,292.2,302.1,27,31,87.3,90.5,7,0,0,1,0,0,-0.4,0
PAI-03442,Urban Transit,Telangana,391.9,402.7,31,62,91.3,92.7,7,1,0,0,0,0,2.0,1
PAI-03443,Airports,Telangana,153.6,163.6,54,17,25.8,32.8,16,1,0,1,0,0,7.5,0
PAI-03444,Railways,Madhya Pradesh,100.9,113.0,12,47,98.7,94.5,4,0,1,0,0,1,3.2,1
PAI-03445,Roads,Maharashtra,611.7,685.1,46,33,63.7,61.6,11,2,0,0,0,1,10.2,1
PAI-03446,Airports,West Bengal,268.2,277.0,31,36,100.0,100.0,8,2,0,0,0,0,0.6,0
PAI-03447,Water & Sanitation,Jharkhand,186.6,190.5,41,10,12.5,1.5,10,0,0,0,0,0,-1.2,0
PAI-03448,Roads,Kerala,603.5,641.7,70,9,7.0,10.8,14,0,1,1,0,1,0.2,0
PAI-03449,Industrial Corridors,Bihar,82.1,88.2,26,79,95.9,99.9,7,1,0,0,0,1,2.9,1
PAI-03450,Roads,Maharashtra,213.8,213.8,50,12,25.4,34.7,14,0,0,0,0,0,3.6,0
PAI-03451,Railways,Kerala,204.8,206.3,31,31,92.3,88.7,9,0,0,0,0,0,4.0,0
PAI-03452,Power,Maharashtra,117.7,126.6,35,70,100.0,100.0,10,1,0,0,1,0,7.1,1
PAI-03453,Water & Sanitation,Andhra Pradesh,416.2,425.1,43,69,94.3,100.0,14,1,0,0,0,0,4.2,0
PAI-03454,Railways,Kerala,954.7,1091.1,22,12,70.0,89.8,5,2,1,0,0,1,15.9,1
PAI-03455,Power,Haryana,948.9,971.3,28,83,100.0,100.0,8,0,0,0,0,0,-2.3,0
PAI-03456,Industrial Corridors,Jharkhand,519.6,595.8,37,39,100.0,100.0,5,3,1,1,1,0,10.2,1
PAI-03457,Roads,Kerala,1425.5,1425.5,28,52,89.8,80.0,4,0,0,1,0,0,-5.6,0
PAI-03458,Airports,Madhya Pradesh,112.3,124.4,45,29,61.5,55.5,11,2,0,0,0,1,5.1,0
PAI-03459,Roads,Andhra Pradesh,268.3,273.7,33,64,96.0,100.0,7,1,0,1,0,0,0.8,1
PAI-03460,Ports,Tamil Nadu,435.8,467.3,73,55,62.9,73.8,17,1,0,0,1,0,4.7,0
PAI-03461,Water & Sanitation,Andhra Pradesh,90.8,93.0,37,68,83.1,79.1,9,1,0,0,0,0,3.6,0
PAI-03462,Industrial Corridors,Haryana,59.0,59.0,47,6,10.5,13.4,12,0,1,0,0,0,-5.6,0
PAI-03463,Urban Transit,Tamil Nadu,122.8,130.9,25,65,93.5,87.0,8,0,0,0,0,1,2.4,0
PAI-03464,Roads,Uttar Pradesh,195.9,212.9,58,28,49.8,53.7,13,1,1,0,0,0,6.8,0
PAI-03465,Urban Transit,Bihar,126.1,130.6,31,68,100.0,88.5,11,0,0,0,0,0,-8.7,0
PAI-03466,Power,Kerala,994.6,1044.0,60,70,100.0,98.3,16,1,0,0,0,0,13.9,1
PAI-03467,Airports,Kerala,293.5,319.5,18,40,98.0,97.0,8,2,0,1,0,0,11.1,0
PAI-03468,Ports,Andhra Pradesh,209.8,234.6,28,78,100.0,99.2,6,1,1,1,0,0,4.1,1
PAI-03469,Urban Transit,Rajasthan,177.0,182.8,28,58,100.0,100.0,11,0,0,0,0,0,-2.8,0
PAI-03470,Roads,Odisha,404.9,414.1,54,73,100.0,96.3,14,0,0,0,0,0,-4.5,0
PAI-03471,Urban Transit,Maharashtra,348.9,357.3,42,42,100.0,100.0,9,0,0,0,0,0,-1.3,0
PAI-03472,Railways,Rajasthan,946.3,1112.8,31,17,68.1,46.3,7,2,0,1,1,1,1.6,1
PAI-03473,Water & Sanitation,Kerala,65.3,66.9,80,19,13.8,23.3,20,1,0,0,0,0,1.4,0
PAI-03474,Water & Sanitation,Haryana,981.3,1008.6,53,51,100.0,100.0,15,1,0,0,0,0,-3.8,0
PAI-03475,Railways,Kerala,148.6,160.4,40,65,100.0,100.0,9,0,1,0,0,1,-1.0,0
PAI-03476,Railways,Andhra Pradesh,25.0,28.9,52,17,41.5,30.9,12,2,1,0,0,0,13.8,1
PAI-03477,Water & Sanitation,Jharkhand,125.5,128.7,57,55,94.1,92.9,17,1,0,0,0,0,6.2,1
PAI-03478,Railways,West Bengal,1144.9,1190.7,12,33,95.0,87.0,4,1,0,0,0,0,1.2,0
PAI-03479,Railways,Telangana,136.9,142.5,36,57,100.0,100.0,8,0,0,0,0,1,1.6,0
PAI-03480,Ports,Bihar,642.4,709.4,21,82,91.9,87.4,6,0,1,1,0,0,9.5,1
PAI-03481,Water & Sanitation,Rajasthan,129.8,141.0,56,78,100.0,100.0,14,2,1,0,0,0,7.5,1
PAI-03482,Ports,Andhra Pradesh,101.6,108.8,38,73,100.0,100.0,8,0,1,1,0,0,7.7,1
PAI-03483,Urban Transit,Jharkhand,233.5,259.0,18,83,96.3,96.4,8,2,1,0,0,0,8.5,1
PAI-03484,Roads,Haryana,356.0,363.3,35,22,62.8,55.7,8,0,0,0,0,0,0.9,1
PAI-03485,Railways,Andhra Pradesh,168.6,182.9,61,19,22.4,11.8,14,1,0,1,1,0,0.0,1
PAI-03486,Roads,Kerala,42.6,42.6,58,38,54.3,50.8,15,1,1,0,0,0,0.8,1
PAI-03487,Urban Transit,Rajasthan,265.8,267.2,37,39,92.7,91.2,10,1,1,0,0,0,-0.9,0
PAI-03488,Roads,Karnataka,52.5,55.9,12,46,100.0,97.7,4,0,1,0,0,0,4.1,0
PAI-03489,Water & Sanitation,Madhya Pradesh,160.9,163.5,57,52,73.4,74.1,14,1,0,0,0,0,1.2,0
PAI-03490,Urban Transit,Gujarat,310.6,333.2,32,29,97.5,88.4,8,0,0,1,1,0,7.0,1
PAI-03491,Water & Sanitation,Gujarat,217.0,223.8,12,23,100.0,96.5,4,1,1,0,0,0,0.0,0
PAI-03492,Power,Odisha,311.9,339.7,59,30,48.4,43.2,12,3,0,0,0,0,9.7,1
PAI-03493,Industrial Corridors,Tamil Nadu,77.9,86.9,57,56,94.5,80.8,16,2,1,0,0,0,7.9,1
PAI-03494,Roads,Maharashtra,473.1,515.7,28,40,91.4,95.1,5,2,0,0,0,0,11.9,1
PAI-03495,Railways,Madhya Pradesh,206.0,217.1,55,30,64.1,58.6,18,2,0,0,0,0,10.7,0
PAI-03496,Urban Transit,Odisha,108.3,113.7,52,31,61.4,82.0,12,0,0,0,0,0,-4.4,0
PAI-03497,Urban Transit,Odisha,177.3,181.7,58,29,47.3,43.4,15,1,0,0,0,0,4.9,0
PAI-03498,Railways,Tamil Nadu,154.0,160.0,51,55,100.0,100.0,12,0,0,0,1,0,2.0,0
PAI-03499,Water & Sanitation,Jharkhand,815.9,845.5,35,21,55.1,49.5,7,0,0,1,0,0,7.2,0
PAI-03500,Railways,Haryana,326.6,332.2,12,24,98.2,100.0,8,0,0,0,0,0,9.1,1
PAI-03501,Roads,Jharkhand,265.3,312.9,68,70,85.3,86.1,14,2,1,1,1,1,9.9,1
PAI-03502,Railways,Bihar,1254.5,1305.9,41,79,74.3,56.5,8,0,0,1,0,0,0.9,1
PAI-03503,Ports,Tamil Nadu,107.3,109.5,46,48,91.5,100.0,9,1,0,0,0,0,1.4,0
PAI-03504,Roads,Bihar,195.6,206.6,23,43,100.0,100.0,6,2,0,0,1,0,8.2,0
PAI-03505,Roads,Jharkhand,175.6,192.3,53,51,100.0,85.1,13,1,0,0,0,1,18.1,1
PAI-03506,Power,Jharkhand,75.8,77.4,12,43,100.0,88.1,4,0,0,0,0,0,3.8,0
PAI-03507,Urban Transit,Madhya Pradesh,190.8,206.5,49,33,70.3,65.5,15,1,0,0,0,1,12.2,1
PAI-03508,Roads,Kerala,505.0,511.2,61,38,52.0,51.6,14,0,0,0,0,1,-9.5,0
PAI-03509,Railways,Karnataka,604.3,623.4,37,8,24.4,12.3,12,0,0,0,0,0,-0.9,0
PAI-03510,Ports,Madhya Pradesh,121.4,131.7,24,61,94.1,92.5,5,1,1,0,0,1,3.5,1
PAI-03511,Urban Transit,Madhya Pradesh,342.2,365.3,14,80,91.3,100.0,5,1,0,1,0,0,7.6,1
PAI-03512,Water & Sanitation,Karnataka,267.5,278.3,44,47,99.1,100.0,11,0,0,0,0,0,0.5,0
PAI-03513,Roads,Odisha,102.3,120.5,44,82,97.1,92.1,10,2,1,1,0,1,11.6,1
PAI-03514,Railways,Madhya Pradesh,498.4,520.4,40,71,100.0,100.0,12,0,0,0,0,0,-5.0,0
PAI-03515,Power,Jharkhand,36.8,37.6,41,78,100.0,93.0,8,0,0,0,0,0,2.4,0
PAI-03516,Railways,Kerala,198.4,200.8,44,34,67.6,68.2,8,0,0,0,0,0,-2.8,0
PAI-03517,Roads,Maharashtra,344.6,403.8,49,36,85.5,79.1,12,5,1,0,0,1,12.3,1
PAI-03518,Power,West Bengal,145.6,147.0,24,16,74.3,67.4,6,1,0,0,0,0,7.9,0
PAI-03519,Industrial Corridors,West Bengal,873.2,993.1,41,26,61.9,47.9,11,1,1,1,0,0,5.7,1
PAI-03520,Ports,Rajasthan,1322.0,1371.1,26,36,91.9,100.0,8,0,0,1,0,0,-4.4,0
PAI-03521,Railways,Karnataka,316.7,342.5,45,65,100.0,100.0,15,1,1,0,0,0,2.5,1
PAI-03522,Urban Transit,Telangana,189.2,196.4,40,42,95.5,86.8,9,1,0,0,0,0,3.2,0
PAI-03523,Roads,Bihar,416.1,478.3,50,16,48.7,26.5,13,2,0,0,1,0,9.6,1
PAI-03524,Airports,Telangana,443.6,460.9,35,23,66.4,77.8,6,2,0,0,0,0,-1.2,0
PAI-03525,Roads,Jharkhand,304.7,307.3,64,57,88.6,93.5,17,0,0,0,0,0,-2.8,1
PAI-03526,Railways,Gujarat,511.5,523.6,33,58,91.2,70.8,6,1,0,0,0,0,6.6,0
PAI-03527,Airports,Tamil Nadu,287.6,299.8,62,78,79.0,73.7,13,2,0,0,0,0,7.1,0
PAI-03528,Urban Transit,Maharashtra,201.3,222.5,39,49,100.0,95.6,11,3,0,0,0,0,11.3,0
PAI-03529,Railways,Kerala,303.2,342.1,36,7,21.1,21.4,8,3,0,0,0,1,12.3,1
PAI-03530,Urban Transit,Kerala,88.8,92.9,39,19,46.3,31.3,9,1,0,0,0,0,5.1,0
PAI-03531,Railways,Kerala,199.4,205.5,61,19,39.6,36.5,12,1,1,0,0,0,3.7,1
PAI-03532,Railways,Haryana,711.4,770.8,52,36,53.3,52.4,14,0,1,0,0,1,-2.7,0
PAI-03533,Industrial Corridors,Telangana,467.4,547.0,43,83,100.0,92.1,10,2,0,1,1,0,5.2,1
PAI-03534,Ports,Bihar,618.6,648.0,48,74,97.7,95.6,15,0,1,0,0,0,0.9,1
PAI-03535,Power,Telangana,422.0,432.0,32,46,88.9,97.9,11,1,1,0,0,0,1.4,1
PAI-03536,Urban Transit,Rajasthan,352.5,365.8,55,20,47.2,47.0,14,0,1,0,0,0,2.6,0
PAI-03537,Roads,Uttar Pradesh,276.0,290.6,52,71,98.8,100.0,15,1,0,0,0,0,6.0,1
PAI-03538,Water & Sanitation,Odisha,88.8,99.4,31,77,87.6,81.3,9,1,0,0,1,1,4.1,1
PAI-03539,Airports,Jharkhand,360.9,366.6,58,61,100.0,100.0,17,1,0,0,0,0,3.0,0
PAI-03540,Water & Sanitation,Tamil Nadu,271.7,278.1,55,46,84.6,85.4,15,0,1,0,0,0,-0.2,0
PAI-03541,Urban Transit,West Bengal,505.2,527.8,12,26,85.6,78.8,4,0,0,0,0,0,-12.0,0
PAI-03542,Water & Sanitation,Gujarat,199.4,201.3,46,52,87.4,88.4,14,1,0,0,0,0,2.0,1
PAI-03543,Urban Transit,Tamil Nadu,301.3,314.1,38,29,64.8,59.1,10,1,0,0,0,0,2.3,0
PAI-03544,Railways,Jharkhand,186.5,191.5,45,19,38.1,49.8,11,1,0,0,0,0,1.7,0
PAI-03545,Roads,Haryana,94.8,104.3,59,71,100.0,100.0,15,0,1,0,0,1,0.5,0
PAI-03546,Railways,Bihar,303.6,324.1,30,84,100.0,96.9,5,0,1,0,1,0,-0.1,1
PAI-03547,Railways,Kerala,483.8,488.3,40,23,49.2,62.0,9,1,0,0,0,0,2.9,0
PAI-03548,Railways,Uttar Pradesh,153.8,162.5,43,57,100.0,93.9,9,1,0,0,0,1,3.1,1
PAI-03549,Roads,Madhya Pradesh,735.0,812.0,30,70,90.7,96.0,7,1,0,1,1,0,2.4,1
PAI-03550,Ports,Haryana,517.3,549.9,15,52,94.8,86.4,4,1,0,0,1,0,1.9,0
PAI-03551,Railways,Madhya Pradesh,169.9,192.4,46,7,20.2,6.9,11,0,1,0,1,0,3.9,0
PAI-03552,Urban Transit,Karnataka,180.1,186.0,45,25,52.0,27.2,12,1,0,0,0,0,-2.5,0
PAI-03553,Railways,Gujarat,94.6,100.5,50,66,100.0,93.2,12,1,0,0,0,1,7.3,0
PAI-03554,Roads,West Bengal,480.6,484.8,57,21,33.5,19.0,14,2,0,0,0,0,6.3,0
PAI-03555,Roads,Bihar,167.3,187.5,44,77,100.0,90.9,10,2,1,1,0,0,7.9,0
PAI-03556,Water & Sanitation,Jharkhand,379.5,398.3,19,19,100.0,100.0,4,1,0,1,0,0,-2.7,0
PAI-03557,Railways,Maharashtra,204.4,213.3,65,46,77.6,70.8,14,1,0,0,0,0,0.8,0
PAI-03558,Ports,Haryana,159.6,167.6,46,37,77.2,100.0,12,0,0,0,1,0,-7.9,0
PAI-03559,Urban Transit,Jharkhand,915.5,935.5,60,80,94.7,79.8,13,0,0,0,0,0,-1.5,0
PAI-03560,Railways,Kerala,960.0,1103.8,30,53,97.0,86.3,7,1,1,1,1,0,5.3,1
PAI-03561,Urban Transit,Maharashtra,83.5,86.0,39,57,82.9,84.2,11,1,0,1,0,0,-1.2,0
PAI-03562,Urban Transit,Kerala,316.1,331.0,30,41,100.0,96.4,10,1,0,0,0,0,-2.0,0
PAI-03563,Ports,Gujarat,298.4,303.6,42,11,27.2,44.8,8,0,0,0,0,0,-4.4,0
PAI-03564,Roads,Maharashtra,489.2,511.5,50,75,88.2,88.4,14,0,0,0,0,0,1.9,0
PAI-03565,Roads,West Bengal,822.4,905.1,35,57,100.0,80.8,9,0,0,1,1,1,-1.9,0
PAI-03566,Water & Sanitation,Uttar Pradesh,389.7,449.4,35,76,100.0,100.0,11,2,1,0,1,1,7.6,1
PAI-03567,Ports,Maharashtra,337.0,339.0,56,33,51.5,55.4,12,1,0,0,0,0,4.7,0
PAI-03568,Urban Transit,Andhra Pradesh,56.8,58.7,25,17,71.1,68.3,6,1,0,0,0,0,0.9,0
PAI-03569,Water & Sanitation,Karnataka,278.1,285.7,36,25,66.1,74.2,9,1,0,0,0,0,3.5,0
PAI-03570,Industrial Corridors,Telangana,76.4,84.0,50,52,100.0,97.5,13,1,1,0,1,0,1.8,1
PAI-03571,Power,Telangana,206.5,226.6,49,42,74.9,61.3,14,1,0,0,1,0,7.2,0
PAI-03572,Railways,West Bengal,200.9,201.6,45,70,98.6,94.7,13,0,0,1,0,0,-4.7,0
PAI-03573,Roads,Gujarat,312.5,323.0,35,62,95.9,83.8,9,0,1,1,0,0,-1.2,1
PAI-03574,Railways,Uttar Pradesh,154.9,161.4,20,6,29.9,18.0,7,0,0,0,0,0,-0.5,0
PAI-03575,Ports,Gujarat,528.7,597.3,63,25,33.6,10.8,15,0,1,1,1,0,-2.4,1
PAI-03576,Ports,Uttar Pradesh,686.1,774.5,56,83,100.0,100.0,13,2,1,0,0,0,7.2,1
PAI-03577,Urban Transit,West Bengal,445.9,456.6,73,16,22.5,22.9,17,0,1,0,0,0,-0.6,0
PAI-03578,Urban Transit,Karnataka,864.7,876.3,34,49,100.0,96.3,10,1,0,0,0,0,2.2,0
PAI-03579,Urban Transit,Odisha,107.3,108.2,38,21,55.0,42.2,11,0,0,0,0,0,-6.5,0
PAI-03580,Roads,Madhya Pradesh,189.1,196.5,36,69,100.0,100.0,4,1,0,0,0,0,2.7,0
PAI-03581,Roads,Maharashtra,25.0,26.0,47,34,74.4,57.2,12,0,0,0,0,0,2.1,0
PAI-03582,Railways,Haryana,361.9,374.5,53,60,93.2,100.0,13,1,0,0,0,1,2.6,1
PAI-03583,Industrial Corridors,Bihar,248.0,265.3,41,71,93.8,88.0,8,1,1,0,0,0,4.3,0
PAI-03584,Urban Transit,Jharkhand,207.4,220.0,37,82,97.7,86.8,9,0,0,1,0,0,9.1,0
PAI-03585,Water & Sanitation,Haryana,1099.4,1173.1,12,58,100.0,91.4,4,0,1,0,1,0,1.4,0
PAI-03586,Railways,Uttar Pradesh,88.7,97.6,49,35,59.3,63.2,15,0,1,0,0,1,1.0,1
PAI-03587,Ports,Tamil Nadu,215.4,222.1,27,62,99.4,97.1,6,1,1,0,0,0,6.8,1
PAI-03588,Urban Transit,West Bengal,378.4,393.3,56,76,99.0,92.8,14,1,0,0,0,0,7.8,0
PAI-03589,Roads,Karnataka,185.8,204.3,30,77,97.2,90.0,8,3,1,0,0,0,4.8,0
PAI-03590,Ports,Andhra Pradesh,1329.7,1386.9,12,54,100.0,93.7,4,0,1,0,0,0,-0.2,0
PAI-03591,Railways,Gujarat,508.7,510.9,62,53,87.7,89.2,12,0,1,0,0,0,3.4,0
PAI-03592,Roads,Andhra Pradesh,430.7,481.0,28,63,100.0,99.1,7,3,0,0,1,0,6.7,0
PAI-03593,Railways,Madhya Pradesh,169.8,198.7,66,60,92.9,100.0,15,2,0,0,1,1,11.8,1
PAI-03594,Urban Transit,Uttar Pradesh,184.8,206.5,75,13,23.6,33.6,22,2,1,0,0,0,8.6,1
PAI-03595,Roads,West Bengal,115.3,120.9,63,58,79.8,89.8,11,0,0,1,0,1,3.6,0
PAI-03596,Roads,Kerala,591.4,666.9,22,51,93.4,89.8,5,1,1,0,1,1,3.2,0
PAI-03597,Power,Andhra Pradesh,86.7,91.9,44,37,90.4,96.6,11,1,0,0,0,1,1.0,1
PAI-03598,Power,Kerala,309.7,309.7,60,11,10.3,11.6,17,2,0,0,0,0,0.3,0
PAI-03599,Urban Transit,Madhya Pradesh,238.0,249.0,13,58,100.0,94.1,4,2,0,0,0,0,8.7,1
PAI-03600,Railways,Haryana,419.8,425.7,16,49,98.9,100.0,5,2,0,0,0,0,11.1,1
PAI-03601,Water & Sanitation,Maharashtra,2851.1,2989.2,49,71,91.3,81.4,13,1,0,1,0,0,0.4,0
PAI-03602,Roads,Karnataka,316.4,319.3,37,25,58.4,54.8,9,1,1,0,0,0,1.3,0
PAI-03603,Roads,Odisha,320.3,328.5,34,49,100.0,85.0,9,1,0,0,0,0,10.2,0
PAI-03604,Ports,Uttar Pradesh,1402.1,1571.9,42,25,65.7,73.4,9,2,1,0,1,0,4.2,1
PAI-03605,Power,Tamil Nadu,98.9,100.8,62,79,100.0,100.0,15,0,0,0,0,0,0.5,0
PAI-03606,Water & Sanitation,Andhra Pradesh,105.8,108.9,48,24,43.1,44.3,17,1,0,1,0,0,4.1,0
PAI-03607,Industrial Corridors,Uttar Pradesh,169.9,175.3,64,84,92.2,92.9,19,0,0,0,0,0,0.1,0
PAI-03608,Roads,Andhra Pradesh,214.1,217.4,94,37,48.7,40.8,24,2,0,0,0,0,-0.2,0
PAI-03609,Railways,Bihar,279.1,303.9,21,77,84.8,90.3,4,0,1,1,0,0,0.7,0
PAI-03610,Urban Transit,Telangana,32.3,32.6,31,50,99.7,100.0,11,2,0,1,0,0,-2.4,0
PAI-03611,Railways,Tamil Nadu,586.8,609.3,42,33,74.4,65.3,12,2,0,0,0,0,2.3,0
PAI-03612,Industrial Corridors,Bihar,555.0,586.7,46,47,100.0,92.0,10,0,0,0,1,0,7.8,0
PAI-03613,Roads,Tamil Nadu,1277.0,1277.0,64,28,38.1,48.0,21,1,0,0,0,0,-2.6,0
PAI-03614,Industrial Corridors,Andhra Pradesh,236.2,251.4,40,80,100.0,87.5,9,1,0,0,0,0,10.9,1
PAI-03615,Urban Transit,Rajasthan,1710.7,1737.5,59,42,72.4,64.3,17,0,0,1,0,0,2.3,0
PAI-03616,Roads,Madhya Pradesh,155.7,169.0,12,38,87.2,87.6,4,1,1,0,0,0,4.8,1
PAI-03617,Water & Sanitation,Karnataka,344.9,358.1,25,82,100.0,100.0,7,0,0,0,0,0,4.8,0
PAI-03618,Airports,Gujarat,82.8,97.5,57,57,100.0,79.9,14,3,0,0,1,0,10.1,0
PAI-03619,Industrial Corridors,Tamil Nadu,371.8,412.3,20,60,100.0,100.0,4,2,1,0,0,0,13.1,1
PAI-03620,Water & Sanitation,Jharkhand,64.8,75.9,41,69,100.0,100.0,8,3,1,0,0,0,15.5,1
PAI-03621,Railways,Tamil Nadu,134.4,142.7,34,28,82.9,79.6,5,1,0,1,0,1,4.3,0
PAI-03622,Roads,Jharkhand,323.3,331.2,30,38,100.0,100.0,6,0,0,1,0,0,-5.4,0
PAI-03623,Railways,Tamil Nadu,403.8,420.0,51,64,84.3,83.6,13,0,0,0,0,0,-0.1,1
PAI-03624,Power,West Bengal,378.6,391.5,40,61,100.0,82.0,10,0,0,1,0,0,-9.7,0
PAI-03625,Urban Transit,Tamil Nadu,618.0,627.0,39,32,73.4,78.1,10,0,0,0,0,0,-2.1,0
PAI-03626,Ports,Jharkhand,174.8,178.0,43,20,35.4,36.2,9,0,0,0,0,0,2.1,0
PAI-03627,Industrial Corridors,Andhra Pradesh,40.0,41.0,46,30,65.9,54.7,9,0,0,0,0,0,-4.9,0
PAI-03628,Power,Bihar,1000.6,1175.5,49,44,98.6,95.5,12,2,0,0,1,1,3.9,0
PAI-03629,Ports,Tamil Nadu,216.3,233.4,19,67,89.5,100.0,7,0,1,0,1,0,2.9,1
PAI-03630,Ports,Haryana,375.4,400.2,27,7,26.4,8.5,5,1,0,0,0,0,9.3,1
PAI-03631,Urban Transit,Gujarat,314.1,347.6,42,7,4.4,0.0,13,1,1,0,0,0,7.9,1
PAI-03632,Water & Sanitation,Uttar Pradesh,52.8,53.1,46,60,100.0,100.0,13,0,0,1,0,0,-5.4,0
PAI-03633,Roads,Karnataka,332.7,349.1,50,70,94.9,96.0,11,1,1,0,0,0,2.0,0
PAI-03634,Water & Sanitation,Karnataka,198.2,202.7,29,10,34.5,44.3,10,1,0,0,0,0,-2.0,0
PAI-03635,Roads,Tamil Nadu,154.6,162.3,52,32,67.2,68.9,14,1,1,1,0,0,-0.8,1
PAI-03636,Railways,Haryana,226.0,232.4,25,28,94.3,100.0,9,2,0,0,0,0,6.1,1
PAI-03637,Roads,Jharkhand,710.9,716.9,24,37,84.3,100.0,4,0,1,0,0,0,-1.5,0
PAI-03638,Urban Transit,Kerala,76.2,78.8,23,37,100.0,94.6,8,1,0,0,0,0,4.1,1
PAI-03639,Power,Gujarat,170.9,187.8,12,83,83.3,80.9,4,2,0,0,0,1,4.0,1
PAI-03640,Railways,Kerala,546.9,577.2,46,8,24.3,22.7,12,2,0,1,0,0,3.3,1
PAI-03641,Ports,Maharashtra,93.2,107.0,42,66,92.3,81.0,10,1,1,0,0,1,0.4,1
PAI-03642,Ports,Telangana,209.8,244.8,21,78,99.6,100.0,5,3,0,1,0,1,5.5,1
PAI-03643,Industrial Corridors,Bihar,180.4,185.7,45,74,87.2,75.3,14,1,0,1,0,0,-1.1,1
PAI-03644,Power,Madhya Pradesh,1569.9,1668.7,58,72,89.5,88.8,12,1,0,1,0,0,5.5,1
PAI-03645,Industrial Corridors,Odisha,1028.7,1170.0,50,75,100.0,100.0,12,1,1,1,1,0,-0.3,1
PAI-03646,Industrial Corridors,Uttar Pradesh,964.4,995.3,76,68,89.7,97.1,19,1,0,0,0,0,6.8,1
PAI-03647,Power,Haryana,361.1,370.5,65,83,91.9,92.2,16,0,0,0,1,0,1.0,1
PAI-03648,Power,Maharashtra,274.6,288.7,42,66,93.0,89.2,12,0,0,0,0,0,2.4,0
PAI-03649,Roads,Jharkhand,253.6,258.9,57,65,88.2,79.0,16,0,0,0,0,0,-1.4,0
PAI-03650,Ports,Tamil Nadu,299.8,311.1,19,51,100.0,100.0,5,0,1,0,0,0,1.4,1
PAI-03651,Power,Karnataka,173.9,180.9,42,56,83.9,85.6,9,1,0,0,0,0,9.4,0
PAI-03652,Urban Transit,Andhra Pradesh,96.5,100.0,17,69,100.0,90.6,4,1,0,0,0,0,-7.6,0
PAI-03653,Power,Madhya Pradesh,459.5,471.8,21,8,37.4,47.7,6,0,0,0,0,0,-3.9,0
PAI-03654,Urban Transit,Kerala,105.5,110.4,43,43,100.0,100.0,12,2,0,0,0,0,4.0,0
PAI-03655,Industrial Corridors,Tamil Nadu,88.5,93.4,55,37,57.3,60.5,14,2,1,0,0,0,1.7,1
PAI-03656,Railways,Haryana,166.3,170.1,50,73,100.0,97.5,15,1,0,0,0,0,7.9,0
PAI-03657,Water & Sanitation,Gujarat,246.1,251.1,30,75,99.0,98.6,8,2,0,0,0,0,1.6,0
PAI-03658,Urban Transit,Andhra Pradesh,344.6,362.8,51,78,97.7,100.0,15,2,0,0,0,0,3.1,0
PAI-03659,Water & Sanitation,Maharashtra,60.9,65.8,35,50,98.8,100.0,9,1,1,0,0,0,4.7,1
PAI-03660,Urban Transit,Madhya Pradesh,174.6,181.8,51,63,100.0,92.7,11,1,0,1,0,0,0.7,0
PAI-03661,Urban Transit,Rajasthan,219.7,226.7,22,76,96.6,93.2,6,0,0,0,0,0,-3.5,0
PAI-03662,Industrial Corridors,Andhra Pradesh,412.1,452.9,32,53,84.4,100.0,8,0,1,0,1,0,1.2,0
PAI-03663,Roads,West Bengal,493.8,506.5,27,14,42.8,52.6,8,2,0,0,0,0,9.1,1
PAI-03664,Urban Transit,Uttar Pradesh,355.4,364.3,44,47,81.8,98.2,13,1,0,0,0,0,-1.0,0
PAI-03665,Railways,Maharashtra,1335.7,1370.3,28,35,100.0,100.0,4,0,1,0,0,0,-1.6,0
PAI-03666,Railways,Madhya Pradesh,530.1,555.0,41,11,41.4,39.9,14,2,0,0,0,1,2.8,0
PAI-03667,Ports,Karnataka,548.9,568.0,50,27,55.2,67.3,13,1,0,0,0,1,5.7,0
PAI-03668,Urban Transit,Jharkhand,92.0,96.4,49,31,70.1,58.5,19,1,0,0,0,0,9.7,1
PAI-03669,Railways,Haryana,171.0,173.6,54,17,30.4,51.3,15,0,0,0,0,0,-2.2,0
PAI-03670,Railways,Kerala,159.2,174.0,49,53,100.0,85.8,11,0,0,1,1,0,4.4,0
PAI-03671,Roads,Telangana,175.8,179.2,37,9,17.3,22.4,9,1,1,0,0,0,-6.1,0
PAI-03672,Roads,West Bengal,427.9,453.5,36,58,99.1,92.8,12,0,1,0,0,0,-1.3,1
PAI-03673,Industrial Corridors,Odisha,466.2,499.5,35,44,85.4,93.9,9,1,1,1,0,0,2.5,1
PAI-03674,Industrial Corridors,Madhya Pradesh,435.0,441.2,57,60,96.9,100.0,12,0,1,0,0,0,0.9,0
PAI-03675,Power,Kerala,916.3,1056.7,44,42,100.0,100.0,8,3,0,1,0,1,12.2,1
PAI-03676,Roads,Gujarat,62.8,63.4,21,51,100.0,100.0,5,1,0,0,0,0,-0.9,0
PAI-03677,Ports,Rajasthan,140.4,142.5,38,35,100.0,91.8,12,1,0,0,0,0,2.5,0
PAI-03678,Urban Transit,Karnataka,141.8,144.4,19,61,97.9,88.1,4,0,0,0,0,0,-3.3,0
PAI-03679,Roads,Madhya Pradesh,371.1,423.0,38,33,94.1,95.6,11,3,1,0,0,0,8.6,1
PAI-03680,Urban Transit,Rajasthan,508.2,532.4,37,64,100.0,89.8,9,0,0,0,0,0,2.3,0
PAI-03681,Roads,Uttar Pradesh,129.2,140.4,73,73,99.7,100.0,17,2,0,0,1,0,6.6,1
PAI-03682,Railways,Tamil Nadu,190.7,200.0,49,43,96.4,100.0,15,1,0,0,0,0,6.2,0
PAI-03683,Roads,Karnataka,743.1,825.4,44,41,90.0,100.0,13,2,0,0,1,0,9.7,1
PAI-03684,Urban Transit,Rajasthan,175.1,177.8,67,47,74.9,67.3,17,3,0,0,0,0,10.8,0
PAI-03685,Urban Transit,Rajasthan,1537.7,1633.5,29,55,100.0,97.3,7,0,0,0,0,0,-0.5,0
PAI-03686,Water & Sanitation,Bihar,93.3,98.2,18,37,79.5,78.3,4,0,1,0,0,0,3.7,1
PAI-03687,Power,Rajasthan,269.3,281.8,35,61,80.5,82.7,11,1,0,0,0,1,2.4,0
PAI-03688,Power,Telangana,305.2,312.1,30,47,98.0,79.5,6,1,0,0,0,0,-0.7,0
PAI-03689,Water & Sanitation,West Bengal,71.5,71.7,58,46,71.4,72.4,15,2,0,0,0,0,0.6,0
PAI-03690,Urban Transit,Tamil Nadu,185.6,196.1,58,50,97.7,90.3,18,0,0,0,0,0,-3.3,0
PAI-03691,Urban Transit,Andhra Pradesh,119.1,122.4,73,42,55.8,48.7,16,0,0,0,0,1,2.1,0
PAI-03692,Water & Sanitation,Andhra Pradesh,288.7,297.8,21,40,92.8,99.2,5,0,0,0,0,0,-2.8,0
PAI-03693,Railways,Tamil Nadu,2714.5,3077.0,29,69,96.5,86.8,8,3,0,0,0,0,20.8,1
PAI-03694,Water & Sanitation,Madhya Pradesh,572.5,621.6,26,22,89.7,88.3,5,1,1,0,0,0,7.9,1
PAI-03695,Urban Transit,Uttar Pradesh,49.5,50.1,58,59,92.4,89.5,11,1,0,0,0,0,1.7,0
PAI-03696,Railways,Odisha,205.2,231.8,48,61,100.0,100.0,10,2,1,1,0,0,6.4,1
PAI-03697,Railways,Tamil Nadu,490.7,573.8,26,47,100.0,100.0,9,4,0,0,0,1,15.4,1
PAI-03698,Roads,Jharkhand,119.6,123.3,12,82,96.5,100.0,4,1,0,0,0,0,15.2,0
PAI-03699,Urban Transit,Uttar Pradesh,97.5,97.8,49,80,100.0,95.4,15,0,1,0,0,0,1.4,1
PAI-03700,Railways,Jharkhand,437.4,446.1,34,55,100.0,100.0,10,1,0,1,0,0,-4.5,0
PAI-03701,Roads,Uttar Pradesh,973.1,1027.1,42,61,99.0,91.9,9,0,1,0,0,0,-4.3,1
PAI-03702,Roads,Tamil Nadu,168.9,175.0,47,52,83.6,86.8,12,0,1,0,0,0,2.5,0
PAI-03703,Water & Sanitation,Telangana,162.7,183.6,60,6,21.9,12.2,18,4,0,1,0,0,4.2,1
PAI-03704,Water & Sanitation,Gujarat,300.1,314.0,65,40,54.3,56.2,18,2,0,0,0,0,-0.7,0
PAI-03705,Urban Transit,Telangana,96.8,104.2,28,17,40.6,37.2,9,1,1,0,0,0,5.9,1
PAI-03706,Industrial Corridors,Karnataka,516.2,526.0,45,27,48.0,41.3,11,0,0,0,0,0,-7.7,0
PAI-03707,Railways,Madhya Pradesh,245.2,258.8,44,63,100.0,97.1,10,0,0,1,1,0,-3.4,0
PAI-03708,Industrial Corridors,Rajasthan,41.6,42.7,55,67,100.0,97.3,16,1,1,0,0,0,0.4,1
PAI-03709,Roads,Uttar Pradesh,440.9,463.8,70,25,29.2,12.7,20,1,0,0,0,1,2.5,0
PAI-03710,Industrial Corridors,Kerala,236.6,252.3,20,66,100.0,100.0,4,2,1,0,0,0,7.2,0
PAI-03711,Urban Transit,Rajasthan,1329.4,1349.7,39,56,95.1,86.5,8,1,0,0,0,0,-4.9,1
PAI-03712,Urban Transit,Telangana,222.2,232.2,38,71,96.6,100.0,9,1,0,0,1,0,-3.4,1
PAI-03713,Power,Gujarat,106.2,109.3,30,44,89.8,90.6,7,1,0,0,0,0,5.5,0
PAI-03714,Urban Transit,Telangana,157.9,162.7,37,17,20.9,19.1,10,1,0,1,0,0,-3.0,0
PAI-03715,Water & Sanitation,Madhya Pradesh,285.0,290.9,29,75,100.0,100.0,7,2,0,0,0,0,-0.6,1
PAI-03716,Water & Sanitation,Karnataka,626.6,662.5,38,74,88.4,92.9,10,0,1,0,0,0,-1.0,1
PAI-03717,Water & Sanitation,Gujarat,1500.9,1526.2,51,84,92.0,85.6,11,0,0,0,0,0,3.9,0
PAI-03718,Urban Transit,Uttar Pradesh,401.9,427.9,33,50,98.1,92.2,9,1,1,0,0,0,3.1,0
PAI-03719,Urban Transit,Andhra Pradesh,221.4,232.2,43,41,95.7,100.0,12,2,0,0,0,0,11.1,1
PAI-03720,Airports,Tamil Nadu,381.9,381.9,19,82,93.3,87.0,4,1,0,0,0,0,-0.4,1
PAI-03721,Railways,Telangana,336.6,350.8,30,43,100.0,100.0,7,2,0,0,0,0,0.7,0
PAI-03722,Ports,Telangana,214.2,217.9,44,55,88.7,66.4,10,1,0,0,0,0,0.6,1
PAI-03723,Roads,Tamil Nadu,639.2,702.2,16,67,83.1,89.1,6,0,1,0,1,0,0.7,1
PAI-03724,Roads,Andhra Pradesh,270.9,295.5,66,28,45.7,45.1,20,3,0,1,0,0,11.5,1
PAI-03725,Railways,Maharashtra,217.9,220.4,65,36,54.2,56.4,16,2,0,0,0,0,-4.3,1
PAI-03726,Urban Transit,Gujarat,136.2,137.1,61,33,56.7,55.8,17,2,0,0,0,0,5.1,1
PAI-03727,Railways,Rajasthan,224.6,249.8,58,83,99.1,87.1,14,3,0,0,0,0,11.3,1
PAI-03728,Urban Transit,Tamil Nadu,34.4,35.1,44,6,7.7,15.0,9,1,0,0,0,0,0.3,0
PAI-03729,Railways,West Bengal,155.6,161.4,39,63,100.0,96.4,7,0,1,0,0,0,-0.8,0
PAI-03730,Ports,Maharashtra,314.9,345.5,50,57,90.8,83.7,9,1,1,0,0,1,6.3,0
PAI-03731,Urban Transit,Tamil Nadu,221.6,230.2,30,30,100.0,100.0,6,1,0,0,0,1,-0.7,0
PAI-03732,Railways,Andhra Pradesh,825.5,929.5,42,40,93.8,78.1,11,1,1,0,0,1,2.5,1
PAI-03733,Ports,Gujarat,1122.8,1145.7,56,41,70.3,74.3,15,0,0,0,0,0,4.0,0
PAI-03734,Ports,Uttar Pradesh,214.4,224.5,42,9,36.0,48.1,8,2,0,1,0,0,5.8,0
PAI-03735,Urban Transit,Odisha,192.8,203.5,36,42,100.0,100.0,6,0,1,0,0,0,6.7,0
PAI-03736,Airports,Rajasthan,247.9,255.6,35,66,100.0,100.0,9,1,0,0,0,0,0.7,0
PAI-03737,Railways,Tamil Nadu,115.4,118.9,20,40,100.0,100.0,4,0,1,0,0,0,4.6,1
PAI-03738,Airports,Uttar Pradesh,197.3,198.2,46,31,64.8,79.2,11,0,0,0,0,0,-6.6,0
PAI-03739,Railways,West Bengal,153.6,154.5,12,38,98.3,94.2,4,0,0,0,0,0,-1.7,0
PAI-03740,Roads,Kerala,186.2,204.0,50,82,93.9,100.0,9,0,0,1,1,0,-2.1,0
PAI-03741,Industrial Corridors,Maharashtra,171.0,178.1,12,67,98.6,95.6,4,0,1,0,0,0,2.2,1
PAI-03742,Urban Transit,Haryana,287.5,308.0,34,66,100.0,89.7,7,1,0,0,1,0,2.0,1
PAI-03743,Roads,Bihar,626.2,684.6,26,70,91.6,92.2,6,1,1,0,0,0,9.2,1
PAI-03744,Power,Uttar Pradesh,305.1,330.5,75,35,45.5,53.4,18,2,0,0,0,1,8.0,1
PAI-03745,Railways,West Bengal,242.8,252.3,29,10,25.9,17.7,8,0,0,0,0,0,-1.3,0
PAI-03746,Railways,Telangana,54.3,55.4,39,82,100.0,86.0,11,0,0,0,0,0,-4.8,0
PAI-03747,Urban Transit,Jharkhand,560.6,574.4,32,48,89.7,100.0,10,1,0,0,0,0,5.1,0
PAI-03748,Roads,Karnataka,152.0,155.2,57,45,70.0,57.0,12,2,0,0,0,0,1.1,0
PAI-03749,Railways,Tamil Nadu,787.6,821.2,53,71,89.6,76.8,16,2,0,0,0,0,4.9,1
PAI-03750,Power,Andhra Pradesh,587.5,662.1,43,78,94.7,91.9,8,1,1,1,0,0,10.3,1
PAI-03751,Industrial Corridors,Tamil Nadu,509.5,516.3,58,51,92.0,100.0,14,0,0,1,0,1,-11.0,1
PAI-03752,Urban Transit,Bihar,113.7,119.1,44,50,100.0,100.0,8,0,0,0,1,0,2.1,0
PAI-03753,Urban Transit,Uttar Pradesh,43.6,44.6,14,32,100.0,93.1,5,0,0,0,0,0,5.7,0
PAI-03754,Ports,Rajasthan,334.4,346.5,35,6,19.3,14.4,11,1,0,0,0,1,-2.5,0
PAI-03755,Airports,Karnataka,78.8,84.1,35,11,22.3,11.5,9,0,0,0,1,0,-0.2,0
PAI-03756,Roads,Odisha,516.5,522.9,45,76,94.3,95.4,9,0,0,0,0,0,9.3,0
PAI-03757,Airports,Telangana,431.7,487.6,44,69,100.0,99.3,13,2,0,0,0,1,15.0,0
PAI-03758,Urban Transit,Madhya Pradesh,220.1,247.3,16,53,87.8,77.5,6,1,1,1,0,0,0.1,1
PAI-03759,Railways,Uttar Pradesh,163.0,165.7,51,43,85.2,90.2,16,1,0,0,0,0,8.3,0
PAI-03760,Industrial Corridors,Kerala,858.0,879.4,29,9,31.5,28.4,5,0,0,0,0,0,0.8,0
PAI-03761,Water & Sanitation,Andhra Pradesh,598.8,604.5,32,46,94.6,92.2,4,0,0,0,0,0,0.7,0
PAI-03762,Railways,Telangana,302.4,313.4,53,42,80.4,53.6,15,0,0,0,1,0,-0.2,0
PAI-03763,Industrial Corridors,Kerala,253.5,269.4,21,35,90.7,100.0,5,0,1,0,0,0,-2.9,0
PAI-03764,Airports,Andhra Pradesh,197.5,203.8,36,33,98.2,98.4,9,2,0,0,0,0,6.3,0
PAI-03765,Railways,Kerala,116.2,119.3,77,81,89.6,96.7,15,1,0,1,0,1,3.3,0
PAI-03766,Industrial Corridors,Uttar Pradesh,269.9,272.3,48,29,67.1,71.0,12,0,0,0,0,0,-7.0,0
PAI-03767,Urban Transit,Maharashtra,180.6,187.2,60,65,92.2,85.6,19,2,0,0,0,0,4.4,0
PAI-03768,Industrial Corridors,Odisha,477.2,490.9,69,63,71.1,75.3,15,0,0,1,0,0,-3.5,0
PAI-03769,Urban Transit,Tamil Nadu,236.1,240.2,37,77,91.9,77.9,10,1,0,0,0,0,5.7,1
PAI-03770,Roads,Tamil Nadu,379.5,412.7,20,50,100.0,100.0,4,1,1,0,0,1,3.0,1
PAI-03771,Railways,West Bengal,119.0,124.5,21,50,100.0,97.3,5,1,1,0,0,0,9.5,1
PAI-03772,Railways,West Bengal,384.5,403.0,68,81,96.6,78.4,17,1,0,0,0,0,3.0,1
PAI-03773,Water & Sanitation,Jharkhand,1916.7,2010.9,38,75,98.8,90.8,9,0,0,1,0,0,9.0,0
PAI-03774,Urban Transit,Karnataka,186.3,193.3,21,34,100.0,92.9,5,1,0,0,0,0,3.5,0
PAI-03775,Water & Sanitation,Jharkhand,855.2,863.4,59,84,99.1,90.8,16,2,0,0,0,0,0.2,1
PAI-03776,Airports,Rajasthan,648.3,684.3,12,11,78.2,77.2,4,0,1,0,1,0,-4.0,0
PAI-03777,Water & Sanitation,Karnataka,849.3,885.4,38,13,45.9,38.6,11,0,0,0,0,1,-2.0,0
PAI-03778,Railways,Haryana,1019.7,1066.7,37,43,88.1,100.0,10,0,1,0,0,0,-1.9,0
PAI-03779,Power,Jharkhand,339.4,361.1,28,30,97.0,100.0,5,1,0,0,0,1,11.9,0
PAI-03780,Roads,Uttar Pradesh,69.9,71.5,52,23,41.4,23.1,13,0,0,0,0,0,0.6,0
PAI-03781,Power,Karnataka,246.7,246.7,55,48,98.5,97.7,12,2,0,0,0,0,10.2,0
PAI-03782,Urban Transit,Jharkhand,235.7,235.8,32,9,28.8,27.2,7,1,0,0,0,0,3.9,0
PAI-03783,Railways,Kerala,586.8,595.9,32,9,35.5,29.7,13,4,0,0,0,0,14.1,0
PAI-03784,Railways,Rajasthan,151.7,171.1,37,73,80.7,80.5,8,1,1,0,0,1,0.5,1
PAI-03785,Industrial Corridors,Tamil Nadu,432.5,442.0,53,24,41.8,40.8,13,0,0,1,0,0,-5.7,0
PAI-03786,Urban Transit,West Bengal,271.7,285.9,41,44,92.8,89.3,10,0,1,0,0,1,-5.2,1
PAI-03787,Roads,Kerala,114.8,118.9,23,14,48.0,61.5,5,1,1,1,0,0,-0.2,0
PAI-03788,Industrial Corridors,Andhra Pradesh,231.1,248.6,33,50,100.0,97.4,8,1,1,0,0,0,13.0,1
PAI-03789,Power,Gujarat,955.4,1108.9,68,45,76.1,93.9,14,4,0,1,0,0,23.3,1
PAI-03790,Roads,Bihar,386.0,432.0,50,11,14.8,40.4,11,0,0,1,1,0,5.7,1
PAI-03791,Power,Karnataka,132.5,157.2,58,49,82.3,100.0,17,1,1,1,0,1,4.1,1
PAI-03792,Water & Sanitation,Maharashtra,259.6,262.5,59,67,96.6,100.0,18,0,0,0,0,0,-4.3,0
PAI-03793,Railways,Tamil Nadu,121.9,124.9,51,48,100.0,100.0,11,1,0,0,0,0,2.3,0
PAI-03794,Roads,Odisha,405.1,462.1,40,56,94.5,100.0,10,2,1,0,0,1,1.5,1
PAI-03795,Ports,West Bengal,578.9,686.4,46,83,100.0,94.1,13,2,1,1,0,1,10.7,1
PAI-03796,Urban Transit,Bihar,354.4,394.1,61,74,100.0,100.0,14,1,0,1,1,0,6.8,0
PAI-03797,Water & Sanitation,Haryana,1634.8,1685.5,61,15,26.5,20.6,17,2,0,0,0,0,2.1,0
PAI-03798,Airports,Kerala,719.7,739.2,55,9,27.2,26.2,16,2,0,0,0,0,0.2,0
PAI-03799,Industrial Corridors,Uttar Pradesh,327.5,337.1,20,53,92.9,100.0,4,0,0,0,0,0,1.3,0
PAI-03800,Urban Transit,Madhya Pradesh,155.7,161.9,45,60,100.0,80.2,10,0,0,0,1,0,-5.6,0
PAI-03801,Urban Transit,Maharashtra,1118.8,1118.8,25,13,65.0,70.8,6,1,0,0,0,0,1.3,0
PAI-03802,Railways,Jharkhand,148.5,152.9,30,14,38.8,68.6,6,0,0,1,0,0,2.0,0
PAI-03803,Railways,Odisha,577.3,601.0,45,69,91.3,99.8,9,0,1,0,0,0,-8.0,1
PAI-03804,Industrial Corridors,Haryana,65.4,67.7,17,30,95.0,93.6,4,2,0,0,0,0,10.1,0
PAI-03805,Power,Odisha,197.3,209.7,40,39,100.0,100.0,14,3,0,0,0,0,7.9,0
PAI-03806,Industrial Corridors,Jharkhand,45.3,46.6,44,38,74.2,74.1,10,1,0,0,0,0,6.8,0
PAI-03807,Power,West Bengal,375.2,397.0,32,75,100.0,96.1,9,0,0,1,1,0,8.0,0
PAI-03808,Urban Transit,Haryana,512.3,524.2,49,56,100.0,90.8,12,0,0,0,0,0,-1.0,0
PAI-03809,Water & Sanitation,Andhra Pradesh,216.4,223.7,17,16,100.0,98.1,4,0,0,0,0,0,-9.1,0
PAI-03810,Urban Transit,Haryana,574.3,589.8,28,26,89.3,98.7,7,0,0,0,0,1,-5.6,0
PAI-03811,Industrial Corridors,Madhya Pradesh,80.9,85.5,46,78,98.4,91.5,14,1,1,0,0,0,5.7,1
PAI-03812,Water & Sanitation,Karnataka,175.7,175.7,56,37,56.7,60.9,11,1,0,0,0,0,-4.9,0
PAI-03813,Railways,West Bengal,316.6,327.3,35,20,55.6,62.2,9,0,0,0,0,0,-2.5,0
PAI-03814,Industrial Corridors,Uttar Pradesh,60.2,66.6,37,37,88.3,84.2,11,1,1,0,0,0,6.7,1
PAI-03815,Water & Sanitation,Andhra Pradesh,592.5,614.9,31,69,85.9,83.8,7,0,0,0,0,0,6.0,0
PAI-03816,Urban Transit,Karnataka,163.4,192.5,38,64,100.0,100.0,7,2,1,0,1,0,13.2,1
PAI-03817,Railways,Tamil Nadu,229.7,246.1,53,27,53.8,60.5,18,1,0,1,1,0,-0.5,1
PAI-03818,Water & Sanitation,Tamil Nadu,200.8,212.8,84,53,66.7,45.9,18,0,0,0,1,0,-3.5,1
PAI-03819,Water & Sanitation,Maharashtra,283.8,297.1,61,9,10.3,30.6,14,0,0,0,0,0,4.5,0
PAI-03820,Railways,Madhya Pradesh,340.6,357.8,62,13,23.2,30.1,19,2,0,0,0,0,2.5,0
PAI-03821,Urban Transit,West Bengal,664.3,681.2,29,28,94.5,95.8,7,1,0,0,0,0,7.4,0
PAI-03822,Urban Transit,Andhra Pradesh,160.8,165.2,17,42,100.0,93.8,7,0,0,1,0,0,-1.0,0
PAI-03823,Roads,Madhya Pradesh,555.7,634.0,26,80,98.3,100.0,7,3,0,1,0,0,11.1,1
PAI-03824,Urban Transit,Uttar Pradesh,1174.5,1197.2,37,61,100.0,100.0,13,1,0,0,0,0,2.7,0
PAI-03825,Urban Transit,Maharashtra,106.5,109.5,51,58,100.0,100.0,15,1,0,1,0,0,4.0,0
PAI-03826,Ports,Telangana,311.9,320.5,32,60,85.8,78.3,8,0,1,0,0,0,-2.2,0
PAI-03827,Urban Transit,Maharashtra,1117.8,1127.9,60,12,10.5,17.1,15,1,0,1,0,0,0.1,1
PAI-03828,Water & Sanitation,Uttar Pradesh,856.0,875.1,37,10,31.9,31.7,11,0,1,0,0,0,-5.6,1
PAI-03829,Power,Maharashtra,189.0,194.7,40,73,100.0,100.0,7,0,1,0,0,0,6.8,0
PAI-03830,Water & Sanitation,Telangana,146.8,155.8,34,59,100.0,100.0,10,1,0,0,1,0,-0.6,1
PAI-03831,Urban Transit,Karnataka,261.7,287.1,39,82,93.6,94.8,12,2,0,1,0,1,3.0,0
PAI-03832,Railways,Andhra Pradesh,331.2,345.8,43,15,35.1,49.2,11,0,0,0,0,0,3.3,0
PAI-03833,Airports,Uttar Pradesh,578.5,642.1,41,23,46.4,63.9,4,1,0,0,1,0,4.6,1
PAI-03834,Industrial Corridors,Tamil Nadu,149.1,168.4,72,68,77.6,70.6,19,1,1,0,0,1,-2.6,1
PAI-03835,Railways,Kerala,325.9,333.5,28,20,68.0,49.8,5,2,0,0,0,0,1.5,0
PAI-03836,Water & Sanitation,Karnataka,152.2,157.1,13,61,97.2,100.0,6,1,0,0,0,0,6.6,0
PAI-03837,Roads,Tamil Nadu,2032.4,2064.9,18,60,100.0,100.0,4,1,0,0,0,0,2.9,0
PAI-03838,Railways,Telangana,50.8,53.8,35,67,96.3,100.0,9,1,0,1,0,0,12.6,0
PAI-03839,Railways,Telangana,1023.8,1050.8,42,49,89.4,100.0,10,0,0,0,0,0,3.7,0
PAI-03840,Water & Sanitation,Karnataka,92.2,95.1,38,68,89.7,93.0,8,0,0,0,0,0,-10.1,0
PAI-03841,Roads,West Bengal,245.3,245.8,43,18,45.9,45.5,10,0,0,0,0,0,-5.6,0
PAI-03842,Ports,Kerala,961.0,1053.7,35,81,96.8,95.0,10,1,0,1,0,0,11.0,1
PAI-03843,Power,Jharkhand,186.6,187.5,44,33,83.8,93.9,9,0,0,0,0,0,3.8,1
PAI-03844,Roads,Odisha,294.8,305.2,45,14,28.3,24.8,13,0,1,0,0,0,-4.9,0
PAI-03845,Railways,West Bengal,35.5,39.8,47,26,63.8,66.2,15,0,1,0,1,0,-2.1,0
PAI-03846,Roads,Odisha,281.5,304.6,45,13,25.1,28.6,11,1,1,0,0,0,-3.1,0
PAI-03847,Power,West Bengal,366.7,373.2,36,39,91.7,83.6,12,1,0,0,0,1,-5.4,0
PAI-03848,Power,West Bengal,875.7,960.1,12,57,100.0,76.0,4,0,1,0,0,0,-0.2,0
PAI-03849,Railways,Karnataka,331.1,364.1,24,74,98.7,100.0,8,0,0,0,0,1,16.9,1
PAI-03850,Ports,West Bengal,362.1,375.0,39,52,91.7,96.7,9,1,1,0,0,0,-5.6,1
PAI-03851,Urban Transit,Bihar,204.7,213.2,50,67,92.0,76.7,13,1,0,0,0,0,5.7,0
PAI-03852,Urban Transit,Bihar,834.7,854.4,60,13,17.0,18.0,19,1,0,0,0,0,1.1,0
PAI-03853,Industrial Corridors,Telangana,199.3,209.4,53,21,35.9,29.4,14,0,1,0,0,0,-2.1,0
PAI-03854,Urban Transit,Uttar Pradesh,203.7,211.6,47,46,98.7,99.3,12,2,0,0,0,0,-2.3,0
PAI-03855,Power,Gujarat,366.1,381.4,74,18,30.4,39.7,19,0,0,0,0,0,-4.9,0
PAI-03856,Railways,Maharashtra,70.5,76.2,36,74,100.0,100.0,11,1,1,0,0,0,5.8,1
PAI-03857,Airports,Bihar,201.3,211.4,51,46,75.8,75.9,13,0,0,0,1,0,0.1,0
PAI-03858,Roads,Telangana,172.3,178.9,50,24,36.3,14.3,10,0,0,1,0,0,-2.0,0
PAI-03859,Roads,Bihar,276.1,282.8,17,70,100.0,100.0,5,1,1,0,0,0,2.4,1
PAI-03860,Urban Transit,Gujarat,350.1,350.1,46,64,93.6,85.0,13,0,0,0,0,0,7.4,0
PAI-03861,Airports,Kerala,584.8,623.2,56,47,73.2,80.5,11,2,0,1,0,0,2.9,0
PAI-03862,Water & Sanitation,Maharashtra,545.8,553.1,37,33,99.1,100.0,10,2,0,1,0,0,-0.9,1
PAI-03863,Roads,Andhra Pradesh,221.8,239.0,29,39,87.5,87.1,9,1,1,1,0,0,3.9,0
PAI-03864,Urban Transit,Haryana,72.8,73.2,55,33,61.0,63.3,15,1,0,0,0,0,-4.4,1
PAI-03865,Urban Transit,Kerala,1185.3,1210.5,43,21,48.2,49.9,15,1,0,0,0,0,-3.4,0
PAI-03866,Railways,Gujarat,205.6,208.2,38,63,100.0,100.0,10,0,1,0,0,0,-0.8,1
PAI-03867,Roads,Haryana,119.7,136.7,33,65,100.0,86.1,10,3,1,0,0,0,13.1,1
PAI-03868,Roads,Maharashtra,541.2,574.7,30,30,100.0,94.8,5,1,0,0,0,0,-7.0,0
PAI-03869,Roads,Odisha,480.2,505.1,23,27,85.4,90.2,5,2,0,0,0,0,10.8,0
PAI-03870,Ports,Odisha,595.5,635.6,12,29,100.0,100.0,4,0,0,0,0,1,-2.7,0
PAI-03871,Power,Rajasthan,217.6,226.7,16,84,100.0,100.0,6,0,0,0,0,0,3.8,0
PAI-03872,Railways,Jharkhand,251.3,262.3,57,80,100.0,100.0,14,1,1,0,0,0,9.8,0
PAI-03873,Industrial Corridors,Jharkhand,398.2,407.1,39,50,100.0,100.0,11,1,0,0,0,0,3.5,0
PAI-03874,Urban Transit,Uttar Pradesh,169.5,183.3,55,68,93.2,100.0,13,2,0,1,0,0,9.0,0
PAI-03875,Ports,Bihar,32.7,33.0,30,26,93.0,99.3,6,1,0,0,0,0,0.8,0
PAI-03876,Airports,Uttar Pradesh,101.4,102.8,51,42,74.6,68.0,13,1,0,0,0,0,-2.6,0
PAI-03877,Roads,Andhra Pradesh,551.1,562.8,50,43,90.8,87.2,14,0,1,0,0,0,-0.2,1
PAI-03878,Urban Transit,Haryana,91.2,98.6,26,83,94.6,100.0,5,1,1,0,0,0,0.7,1
PAI-03879,Urban Transit,Haryana,528.7,528.7,42,74,98.6,100.0,14,1,0,0,0,0,-0.5,0
PAI-03880,Industrial Corridors,Kerala,699.6,735.4,34,82,100.0,91.8,9,0,0,0,0,0,-0.5,0
PAI-03881,Ports,Rajasthan,247.9,253.5,36,76,92.0,90.8,9,1,0,0,0,0,2.0,0
PAI-03882,Roads,Madhya Pradesh,880.4,998.7,51,18,44.3,39.2,13,1,1,1,0,0,5.6,1
PAI-03883,Urban Transit,Telangana,957.8,972.9,53,77,100.0,100.0,13,0,0,0,0,0,-1.7,0
PAI-03884,Urban Transit,Haryana,2769.7,2898.0,37,46,99.3,91.3,9,0,0,1,0,0,-2.6,0
PAI-03885,Urban Transit,Tamil Nadu,89.2,97.2,29,7,26.8,16.0,7,1,1,0,0,0,6.8,0
PAI-03886,Power,Rajasthan,151.3,156.7,48,79,99.8,100.0,13,0,1,0,0,0,-0.4,0
PAI-03887,Water & Sanitation,West Bengal,275.9,281.4,59,47,84.2,72.4,14,0,0,0,0,0,2.1,0
PAI-03888,Roads,Bihar,336.3,362.8,16,36,83.1,86.3,4,1,1,0,0,0,5.7,1
PAI-03889,Airports,Gujarat,137.6,140.6,33,52,100.0,94.2,9,1,0,1,0,0,-6.1,0
PAI-03890,Railways,Andhra Pradesh,176.4,185.1,46,6,11.9,31.5,13,0,0,0,0,0,-4.2,0
PAI-03891,Railways,West Bengal,88.5,89.5,37,39,95.0,95.6,12,0,1,1,0,0,2.2,1
PAI-03892,Airports,Andhra Pradesh,255.6,271.4,29,67,96.8,100.0,5,1,0,0,1,0,-5.3,0
PAI-03893,Roads,Jharkhand,1533.3,1533.3,63,80,100.0,100.0,16,0,0,1,0,0,-1.9,0
PAI-03894,Railways,Gujarat,44.4,45.5,59,32,56.3,57.5,19,0,0,0,0,0,-0.4,0
PAI-03895,Industrial Corridors,Karnataka,529.3,602.0,59,46,68.4,71.3,13,1,1,1,1,0,10.1,0
PAI-03896,Water & Sanitation,Tamil Nadu,230.1,231.5,26,29,94.5,82.0,10,0,0,0,0,0,-5.5,0
PAI-03897,Industrial Corridors,Kerala,150.8,163.3,32,61,86.7,80.3,9,2,0,1,0,0,3.0,1
PAI-03898,Industrial Corridors,Tamil Nadu,226.7,226.7,29,49,100.0,84.5,6,0,0,0,0,0,3.7,0
PAI-03899,Railways,Tamil Nadu,724.4,751.0,14,11,80.1,92.4,4,0,0,0,0,0,-2.7,0
PAI-03900,Ports,Uttar Pradesh,112.8,126.5,48,51,100.0,100.0,10,1,1,0,1,0,-0.2,1
PAI-03901,Urban Transit,Maharashtra,688.7,711.9,38,72,97.5,100.0,10,1,0,0,0,0,2.6,1
PAI-03902,Railways,Madhya Pradesh,134.6,142.2,61,14,25.1,14.9,16,2,0,0,0,0,10.1,0
PAI-03903,Urban Transit,Tamil Nadu,328.8,347.1,42,54,83.0,87.3,11,0,0,0,0,0,1.1,0
PAI-03904,Urban Transit,Bihar,184.2,199.6,50,10,21.2,3.4,14,2,0,0,0,1,5.1,1
PAI-03905,Water & Sanitation,Bihar,76.1,80.6,26,81,100.0,94.0,8,1,1,0,0,0,-0.4,0
PAI-03906,Urban Transit,West Bengal,1499.1,1688.7,42,19,51.7,54.0,9,5,0,0,1,0,7.9,1
PAI-03907,Roads,Jharkhand,608.8,628.0,58,46,80.2,87.1,11,0,0,1,0,0,1.8,1
PAI-03908,Roads,Karnataka,201.6,204.7,41,73,92.8,90.3,10,0,1,1,0,0,-1.2,1
PAI-03909,Airports,Tamil Nadu,534.4,559.9,21,10,43.5,51.9,8,1,0,0,1,0,2.0,0
PAI-03910,Urban Transit,Rajasthan,174.3,177.4,22,71,95.0,95.6,5,0,0,0,0,0,1.8,0
PAI-03911,Airports,Madhya Pradesh,684.0,741.0,35,47,94.5,100.0,10,0,1,0,1,0,3.8,0
PAI-03912,Airports,Madhya Pradesh,170.6,178.0,45,73,97.9,100.0,11,0,1,0,0,0,1.4,1
PAI-03913,Power,Gujarat,138.2,146.0,66,20,34.7,26.6,21,0,0,0,0,1,-4.6,0
PAI-03914,Roads,Tamil Nadu,340.5,353.6,41,15,32.8,38.8,7,0,0,0,0,0,-1.3,0
PAI-03915,Roads,West Bengal,580.7,603.0,62,27,49.8,48.5,17,1,0,0,0,1,-1.0,0
PAI-03916,Roads,Karnataka,208.2,239.6,26,74,100.0,95.1,6,1,1,0,1,1,-1.4,1
PAI-03917,Water & Sanitation,West Bengal,66.3,70.4,45,47,83.3,90.2,11,0,0,0,0,1,2.9,0
PAI-03918,Roads,Tamil Nadu,373.6,428.8,57,47,77.0,77.2,13,2,1,1,0,0,4.8,1
PAI-03919,Water & Sanitation,Bihar,423.4,436.3,12,82,100.0,97.0,4,0,0,1,0,0,2.6,0
PAI-03920,Railways,Jharkhand,362.5,385.3,51,52,100.0,84.6,12,1,0,0,0,1,2.7,0
PAI-03921,Railways,Rajasthan,165.5,168.0,39,46,98.5,97.9,8,1,0,0,0,0,-4.0,0
PAI-03922,Railways,Maharashtra,52.0,52.5,14,26,95.4,100.0,9,1,0,0,0,0,0.3,0
PAI-03923,Railways,Bihar,421.5,460.3,18,23,100.0,83.6,4,1,0,1,0,0,7.4,0
PAI-03924,Airports,Andhra Pradesh,39.2,39.5,34,81,84.1,71.8,8,0,0,0,0,0,2.5,0
PAI-03925,Power,Uttar Pradesh,557.0,598.6,52,27,50.5,49.1,14,1,0,0,1,0,2.5,0
PAI-03926,Airports,Karnataka,52.5,53.7,51,82,100.0,100.0,15,0,0,0,0,0,-1.8,1
PAI-03927,Roads,Telangana,259.1,284.5,23,77,100.0,100.0,5,1,1,1,0,0,4.5,1
PAI-03928,Urban Transit,Uttar Pradesh,276.4,291.3,24,64,78.0,85.9,7,0,0,0,0,0,-0.0,1
PAI-03929,Water & Sanitation,Odisha,1376.4,1493.8,45,39,80.6,72.5,12,2,1,0,0,0,6.4,1
PAI-03930,Industrial Corridors,Madhya Pradesh,176.6,189.9,37,41,98.0,100.0,6,1,1,1,0,0,1.1,0
PAI-03931,Water & Sanitation,Tamil Nadu,296.5,296.5,50,42,83.0,81.4,15,1,0,0,0,0,-2.5,0
PAI-03932,Urban Transit,Kerala,373.2,388.7,34,45,92.3,88.5,8,1,0,0,0,0,6.1,1
PAI-03933,Railways,Uttar Pradesh,506.9,525.9,30,14,47.5,50.6,10,0,1,0,0,0,0.9,0
PAI-03934,Roads,Karnataka,159.7,170.9,31,15,49.3,33.7,6,0,1,0,0,1,-1.4,0
PAI-03935,Industrial Corridors,Andhra Pradesh,397.8,406.5,40,67,85.9,91.8,10,1,0,0,0,0,-3.5,0
PAI-03936,Urban Transit,Uttar Pradesh,272.3,287.4,57,7,15.5,17.6,14,0,0,0,1,0,5.1,0
PAI-03937,Roads,Haryana,2129.3,2208.6,20,25,100.0,100.0,4,0,0,0,0,1,10.2,0
PAI-03938,Water & Sanitation,Jharkhand,224.0,232.2,48,83,93.2,98.3,14,0,0,0,0,0,-2.5,0
PAI-03939,Ports,West Bengal,405.5,472.9,38,46,95.0,100.0,5,1,1,1,1,1,-0.5,1
PAI-03940,Water & Sanitation,Odisha,102.9,115.0,47,82,90.6,85.7,12,0,1,0,0,0,6.4,1
PAI-03941,Airports,Telangana,330.0,348.8,40,73,90.0,86.3,9,1,0,0,0,1,-6.3,0
PAI-03942,Urban Transit,Tamil Nadu,315.8,328.7,35,48,100.0,100.0,8,1,1,0,0,0,3.4,0
PAI-03943,Roads,Gujarat,438.7,455.7,60,21,33.9,35.8,11,0,1,0,0,0,-6.3,1
PAI-03944,Roads,Andhra Pradesh,677.9,716.6,59,68,94.7,96.9,13,1,0,1,0,0,11.4,0
PAI-03945,Railways,Maharashtra,120.5,136.8,13,71,100.0,85.6,4,1,1,0,1,0,3.4,0
PAI-03946,Railways,Bihar,91.6,94.7,14,54,84.7,93.6,6,2,0,0,0,0,3.5,1
PAI-03947,Power,Gujarat,103.7,108.3,51,20,49.4,60.9,10,1,1,0,0,0,-1.3,0
PAI-03948,Railways,Rajasthan,251.1,265.8,55,6,19.4,19.9,13,2,0,1,0,0,0.9,1
PAI-03949,Railways,Odisha,360.0,369.8,55,70,92.4,100.0,13,1,0,0,0,0,-0.9,0
PAI-03950,Railways,West Bengal,103.8,119.6,24,31,91.3,89.0,8,2,1,1,0,1,3.5,1
PAI-03951,Ports,Telangana,413.7,430.9,36,30,91.2,87.5,12,0,1,1,0,0,-0.5,1
PAI-03952,Railways,Telangana,850.5,883.8,31,75,91.5,100.0,11,0,1,0,0,0,-4.2,0
PAI-03953,Urban Transit,West Bengal,294.2,308.1,40,40,94.7,95.0,12,0,1,0,0,0,2.6,1
PAI-03954,Industrial Corridors,Rajasthan,454.7,536.2,35,59,100.0,84.2,8,3,1,0,1,0,10.9,1
PAI-03955,Ports,Madhya Pradesh,56.1,62.6,21,77,100.0,100.0,6,1,1,1,0,0,10.4,1
PAI-03956,Water & Sanitation,Karnataka,119.1,125.2,35,31,89.5,81.8,12,0,1,0,0,1,-5.8,1
PAI-03957,Airports,Bihar,216.0,217.5,68,29,42.9,36.1,18,0,0,0,0,0,8.3,0
PAI-03958,Industrial Corridors,Maharashtra,285.8,330.4,16,65,99.0,78.9,4,2,0,1,0,1,13.4,1
PAI-03959,Urban Transit,Rajasthan,270.9,279.1,26,15,75.4,76.6,13,2,0,0,0,0,10.1,0
PAI-03960,Railways,Karnataka,215.6,230.1,45,60,84.4,67.3,15,1,0,0,0,0,15.0,0
PAI-03961,Roads,Andhra Pradesh,601.2,602.2,55,53,90.2,85.9,11,0,0,1,0,0,-0.0,1
PAI-03962,Roads,Tamil Nadu,151.0,154.8,39,19,39.0,40.5,8,0,0,0,0,1,0.3,0
PAI-03963,Roads,Gujarat,403.2,425.4,56,53,91.9,93.0,13,0,0,0,0,0,6.2,0
PAI-03964,Railways,Maharashtra,1635.5,1758.6,26,77,88.2,90.9,8,0,1,1,0,0,-7.4,1
PAI-03965,Roads,Haryana,275.4,315.0,46,53,88.8,94.5,10,0,1,1,1,0,2.4,0
PAI-03966,Roads,Uttar Pradesh,63.7,65.1,30,53,85.5,90.5,7,0,0,0,0,0,3.9,0
PAI-03967,Ports,Tamil Nadu,344.1,358.3,76,76,100.0,100.0,18,0,1,1,0,0,1.5,1
PAI-03968,Airports,Odisha,142.9,142.9,47,55,86.1,91.9,14,0,0,0,0,0,-11.9,0
PAI-03969,Roads,Jharkhand,69.5,70.8,58,77,100.0,91.5,14,0,1,0,0,0,-1.0,0
PAI-03970,Airports,Odisha,150.5,151.5,54,65,80.8,100.0,9,1,0,0,0,0,2.0,0
PAI-03971,Railways,Gujarat,231.4,240.6,47,60,92.8,99.0,10,0,0,0,0,1,-6.1,1
PAI-03972,Power,Madhya Pradesh,161.7,174.1,61,65,88.7,95.3,16,2,1,0,0,0,7.4,1
PAI-03973,Industrial Corridors,Maharashtra,699.7,712.3,35,53,87.4,100.0,7,1,0,0,0,0,1.5,0
PAI-03974,Industrial Corridors,Maharashtra,693.7,716.2,69,29,33.9,29.8,18,0,0,0,0,0,-2.3,0
PAI-03975,Power,Haryana,287.1,287.1,27,71,100.0,94.1,6,0,1,0,0,0,5.9,0
PAI-03976,Roads,Gujarat,108.0,109.0,50,11,14.5,18.2,12,0,1,0,0,0,-4.7,1
PAI-03977,Water & Sanitation,Kerala,558.6,601.6,25,63,100.0,100.0,6,1,0,0,0,1,7.8,0
PAI-03978,Urban Transit,Madhya Pradesh,387.5,400.7,57,66,100.0,98.0,13,0,1,0,0,0,2.1,0
PAI-03979,Industrial Corridors,Odisha,73.1,78.6,31,34,93.8,92.3,6,2,1,0,0,0,10.4,0
PAI-03980,Industrial Corridors,Kerala,936.0,945.6,41,72,100.0,100.0,10,1,0,0,0,0,1.3,0
PAI-03981,Industrial Corridors,Andhra Pradesh,366.6,369.3,40,61,75.3,68.6,11,0,0,0,0,0,-3.9,0
PAI-03982,Railways,Andhra Pradesh,377.2,418.6,48,81,90.4,100.0,12,1,0,1,1,0,7.0,1
PAI-03983,Urban Transit,Madhya Pradesh,833.5,1024.8,33,8,16.5,0.0,10,2,1,0,1,1,5.3,0
PAI-03984,Water & Sanitation,Gujarat,144.2,152.2,46,12,25.9,27.9,7,1,0,0,0,0,4.4,1
PAI-03985,Water & Sanitation,Karnataka,283.5,295.5,52,55,93.3,86.1,13,0,0,0,0,0,-7.3,0
PAI-03986,Urban Transit,West Bengal,813.0,820.1,67,23,43.7,46.0,20,1,0,0,0,0,2.1,1
PAI-03987,Industrial Corridors,Andhra Pradesh,166.3,170.7,67,30,39.5,53.5,13,0,0,0,1,0,-0.8,0
PAI-03988,Water & Sanitation,Gujarat,623.1,640.1,36,11,26.1,15.5,7,0,0,0,0,0,-4.4,0
PAI-03989,Railways,Maharashtra,73.2,78.4,21,51,89.0,86.8,4,1,1,0,0,0,10.7,0
PAI-03990,Urban Transit,Andhra Pradesh,170.9,175.4,50,13,34.6,45.7,10,0,0,0,0,1,-7.8,1
PAI-03991,Roads,Maharashtra,412.0,428.5,47,34,66.1,71.9,11,0,1,0,0,0,0.8,0
PAI-03992,Power,Tamil Nadu,383.9,399.8,46,29,60.8,58.1,8,1,0,0,0,1,-3.2,1
PAI-03993,Power,Andhra Pradesh,771.7,795.2,70,24,36.8,25.0,19,2,0,0,0,0,0.6,0
PAI-03994,Water & Sanitation,Andhra Pradesh,1202.7,1238.0,81,75,92.6,100.0,17,0,0,0,0,0,6.4,1
PAI-03995,Urban Transit,Rajasthan,186.1,206.3,39,60,96.2,79.6,10,0,1,0,0,0,4.7,0
PAI-03996,Railways,Telangana,75.3,81.9,53,62,99.6,99.2,13,1,0,0,0,1,4.7,0
PAI-03997,Roads,Kerala,887.4,962.5,75,69,99.5,100.0,17,0,1,1,0,0,-1.9,1
PAI-03998,Railways,Andhra Pradesh,389.6,416.0,24,60,100.0,100.0,5,0,1,1,0,0,4.4,0
PAI-03999,Roads,Andhra Pradesh,191.2,194.3,32,46,98.1,100.0,13,1,0,0,0,0,-0.2,1
PAI-04000,Urban Transit,Tamil Nadu,88.7,90.1,67,57,90.3,83.5,16,0,0,0,0,0,-1.4,0
PAI-04001,Water & Sanitation,Madhya Pradesh,252.4,260.9,40,12,25.6,24.6,12,1,0,0,0,0,9.8,1
PAI-04002,Water & Sanitation,Madhya Pradesh,180.0,185.4,47,39,80.4,78.0,16,0,0,0,0,0,-6.4,0
PAI-04003,Ports,Maharashtra,110.5,124.7,39,68,93.6,85.6,13,0,1,1,0,0,6.5,1
PAI-04004,Water & Sanitation,Telangana,394.6,415.4,35,83,100.0,100.0,7,2,0,0,0,0,8.3,1
PAI-04005,Water & Sanitation,Haryana,293.7,303.9,46,50,99.3,98.4,9,0,0,0,0,0,-5.8,0
PAI-04006,Industrial Corridors,Jharkhand,57.4,66.8,19,55,93.8,95.8,4,3,1,1,0,1,6.5,1
PAI-04007,Urban Transit,Rajasthan,378.7,397.8,12,66,89.8,77.9,4,1,0,0,0,0,11.1,0
PAI-04008,Airports,Jharkhand,76.3,82.5,52,11,10.8,22.1,16,1,0,0,0,1,1.7,0
PAI-04009,Roads,Karnataka,338.7,378.2,50,36,72.7,76.3,14,2,1,0,0,0,10.7,1
PAI-04010,Urban Transit,Madhya Pradesh,44.6,50.3,26,44,82.0,82.6,6,1,1,0,0,1,-7.2,0
PAI-04011,Ports,Bihar,190.8,204.4,45,76,91.0,91.4,14,0,0,0,1,0,2.5,1
PAI-04012,Roads,Uttar Pradesh,109.4,122.6,58,84,96.0,82.6,16,1,1,0,0,0,9.9,1
PAI-04013,Roads,Maharashtra,232.4,245.6,52,39,73.4,90.6,10,1,0,0,0,1,0.2,0
PAI-04014,Urban Transit,Andhra Pradesh,824.1,843.6,25,62,100.0,96.7,4,0,0,0,0,0,-1.2,0
PAI-04015,Water & Sanitation,Gujarat,77.5,85.6,20,83,90.0,88.2,4,1,0,0,1,0,11.6,0
PAI-04016,Ports,Rajasthan,35.4,36.2,36,47,92.3,96.1,9,2,0,0,0,0,-3.7,0
PAI-04017,Railways,Telangana,434.3,462.0,41,59,90.9,94.6,12,1,1,0,0,0,2.9,1
PAI-04018,Railways,Karnataka,208.5,214.7,45,39,75.1,74.9,12,1,0,0,0,0,3.3,0
PAI-04019,Roads,Rajasthan,245.1,262.2,35,41,95.9,89.9,10,0,1,0,0,0,-2.9,0
PAI-04020,Roads,Jharkhand,86.1,87.6,49,17,34.4,30.1,13,1,0,0,0,1,3.8,0
PAI-04021,Industrial Corridors,Tamil Nadu,705.4,717.8,42,8,16.6,17.4,7,1,0,0,0,1,-3.3,0
PAI-04022,Power,Odisha,94.2,99.5,29,62,100.0,100.0,11,0,0,1,0,0,3.2,0
PAI-04023,Railways,Odisha,126.7,144.9,51,9,19.6,9.8,10,1,1,0,1,1,-2.3,1
PAI-04024,Power,Odisha,189.1,197.0,27,66,100.0,100.0,7,1,0,0,0,0,-0.7,1
PAI-04025,Urban Transit,Gujarat,536.7,557.9,47,59,84.4,92.7,11,0,0,0,0,1,2.9,1
PAI-04026,Urban Transit,Tamil Nadu,201.2,205.8,72,14,18.8,20.9,19,0,0,0,0,0,0.5,0
PAI-04027,Industrial Corridors,Haryana,1029.6,1227.0,54,41,66.3,86.9,14,1,0,1,1,1,14.9,1
PAI-04028,Airports,Madhya Pradesh,515.5,543.9,65,6,1.0,8.2,16,3,0,0,0,0,10.0,0
PAI-04029,Urban Transit,Kerala,164.4,171.4,38,30,82.9,93.7,11,0,0,0,0,0,-0.9,0
PAI-04030,Power,Madhya Pradesh,305.8,337.4,71,61,87.2,83.8,19,2,0,1,0,1,0.5,1
PAI-04031,Power,Madhya Pradesh,325.5,330.4,38,57,100.0,95.6,7,0,0,0,0,1,8.7,0
PAI-04032,Roads,Telangana,304.9,311.1,67,51,64.3,67.0,15,1,0,0,0,0,0.6,0
PAI-04033,Water & Sanitation,Odisha,367.8,378.6,12,38,97.7,100.0,4,0,0,0,0,0,3.0,0
PAI-04034,Ports,Odisha,533.6,538.8,39,21,43.1,53.0,10,1,0,0,0,0,-2.4,0
PAI-04035,Power,Bihar,317.7,323.5,23,21,100.0,100.0,8,4,0,0,0,0,10.3,0
PAI-04036,Urban Transit,West Bengal,196.3,206.1,42,8,26.9,36.3,9,0,0,0,1,0,-3.0,1
PAI-04037,Urban Transit,Tamil Nadu,99.6,101.5,36,28,80.4,81.6,9,1,0,0,0,0,-3.1,0
PAI-04038,Water & Sanitation,Karnataka,122.8,126.8,50,84,100.0,87.7,15,2,0,0,0,0,3.6,0
PAI-04039,Urban Transit,Bihar,726.8,780.5,56,40,78.9,71.9,13,0,1,1,0,0,-4.0,0
PAI-04040,Roads,Telangana,700.3,721.8,65,63,100.0,92.3,18,0,0,0,0,0,0.2,0
PAI-04041,Water & Sanitation,Madhya Pradesh,1293.2,1512.3,62,65,86.9,90.6,16,3,0,0,1,1,10.4,1
PAI-04042,Urban Transit,Telangana,724.2,724.2,47,62,100.0,100.0,9,1,0,0,0,0,5.5,0
PAI-04043,Airports,Rajasthan,308.8,321.7,41,84,89.9,93.8,11,0,0,1,0,0,-4.6,0
PAI-04044,Railways,Telangana,672.6,685.2,52,49,100.0,100.0,18,1,0,0,0,0,4.7,0
PAI-04045,Industrial Corridors,Kerala,327.7,376.2,43,43,92.3,91.9,13,1,1,0,1,0,10.5,1
PAI-04046,Railways,Uttar Pradesh,751.3,751.3,32,8,27.0,37.2,7,0,1,0,0,0,2.0,0
PAI-04047,Power,Telangana,861.5,890.3,21,65,100.0,99.2,5,0,0,1,0,0,-2.6,0
PAI-04048,Industrial Corridors,Uttar Pradesh,157.8,167.9,53,50,88.0,83.0,12,1,0,1,0,0,4.4,1
PAI-04049,Urban Transit,Haryana,186.9,189.1,37,26,74.5,76.7,6,0,0,0,0,0,2.2,0
PAI-04050,Roads,Tamil Nadu,711.7,755.2,22,42,100.0,100.0,7,2,0,0,0,1,8.4,0
PAI-04051,Urban Transit,Tamil Nadu,402.1,412.5,34,76,100.0,100.0,8,0,0,0,0,0,4.6,0
PAI-04052,Roads,Jharkhand,272.1,292.3,41,68,100.0,100.0,10,2,0,0,0,0,8.1,1
PAI-04053,Railways,Andhra Pradesh,335.0,337.6,33,40,95.3,89.4,8,1,0,0,0,0,4.5,0
PAI-04054,Ports,Gujarat,919.9,974.0,44,34,78.1,79.6,9,0,1,0,1,0,-3.2,1
PAI-04055,Power,Kerala,57.8,58.1,12,26,99.3,89.5,4,1,0,0,0,0,3.4,0
PAI-04056,Railways,Telangana,210.2,214.7,19,49,100.0,99.8,7,0,0,0,0,0,6.7,1
PAI-04057,Roads,Telangana,423.9,429.1,12,31,100.0,100.0,4,1,0,0,0,0,-9.2,1
PAI-04058,Urban Transit,Karnataka,458.2,528.3,73,69,75.8,66.3,18,0,1,0,0,1,9.9,1
PAI-04059,Water & Sanitation,Gujarat,186.8,209.5,68,37,54.4,52.0,17,0,1,0,0,1,-5.1,0
PAI-04060,Airports,Tamil Nadu,95.5,96.9,47,81,90.4,85.3,10,0,0,0,0,0,-1.5,0
PAI-04061,Water & Sanitation,West Bengal,265.7,277.1,54,31,67.2,58.4,15,2,0,0,0,0,6.5,1
PAI-04062,Roads,Odisha,138.7,147.0,55,8,8.4,9.9,13,0,0,0,0,0,5.7,1
PAI-04063,Roads,Odisha,70.5,73.2,70,54,78.5,87.2,18,1,1,0,0,0,3.3,0
PAI-04064,Water & Sanitation,Andhra Pradesh,109.8,112.2,71,39,47.7,34.7,16,2,0,0,0,0,2.5,1
PAI-04065,Railways,Andhra Pradesh,426.5,482.3,34,83,98.6,100.0,11,0,1,0,1,0,4.0,1
PAI-04066,Ports,Jharkhand,1041.7,1041.7,49,15,35.3,26.8,14,1,0,0,0,0,0.0,0
PAI-04067,Railways,Gujarat,72.3,76.1,54,46,79.8,90.6,16,2,1,0,0,0,4.1,1
PAI-04068,Roads,Odisha,138.1,162.5,72,42,62.2,50.6,21,1,1,0,1,1,6.4,1
PAI-04069,Power,Madhya Pradesh,459.3,499.5,26,40,87.5,85.6,5,2,1,0,0,0,1.4,0
PAI-04070,Ports,Maharashtra,286.8,294.5,16,41,97.6,100.0,4,1,0,0,0,1,-0.4,1
PAI-04071,Water & Sanitation,Jharkhand,301.7,314.5,83,33,45.4,46.2,19,1,0,0,0,0,4.4,0
PAI-04072,Water & Sanitation,Andhra Pradesh,397.6,406.3,44,71,86.9,86.5,10,0,0,0,0,0,5.1,1
PAI-04073,Railways,Tamil Nadu,54.4,59.7,54,78,90.9,100.0,12,1,1,0,0,0,7.8,0
PAI-04074,Railways,Karnataka,158.7,161.9,50,7,18.4,21.1,12,1,0,0,0,0,9.3,0
PAI-04075,Industrial Corridors,Kerala,198.8,231.4,16,32,90.2,98.1,5,1,1,1,1,0,1.4,1
PAI-04076,Railways,West Bengal,328.5,348.4,25,38,100.0,100.0,8,0,1,0,0,0,1.4,0
PAI-04077,Roads,Rajasthan,633.3,652.0,48,21,50.8,50.4,12,1,0,0,0,0,5.6,0
PAI-04078,Water & Sanitation,Rajasthan,97.8,100.3,38,58,100.0,100.0,15,1,0,0,0,0,-2.1,1
PAI-04079,Ports,Karnataka,258.1,289.5,31,41,100.0,99.4,7,3,1,0,0,0,5.9,1
PAI-04080,Roads,Odisha,590.4,614.9,15,6,31.9,38.1,4,0,0,0,1,0,-3.2,0
PAI-04081,Airports,Telangana,816.9,861.5,16,70,100.0,100.0,4,0,0,1,0,0,2.1,1
PAI-04082,Airports,Kerala,455.6,487.7,32,81,100.0,98.3,8,0,0,0,0,0,-1.5,0
PAI-04083,Railways,Gujarat,311.2,323.8,21,71,99.4,88.7,4,0,0,0,0,0,9.3,0
PAI-04084,Urban Transit,Haryana,275.8,288.1,26,37,96.2,100.0,6,0,0,0,0,0,0.5,0
PAI-04085,Water & Sanitation,Haryana,1578.5,1591.7,54,60,83.8,84.5,13,2,0,0,0,0,-6.9,0
PAI-04086,Ports,Jharkhand,361.3,383.2,55,81,96.4,85.9,15,1,0,1,0,0,7.1,1
PAI-04087,Urban Transit,Rajasthan,408.8,420.0,58,27,50.5,36.5,13,3,0,0,0,0,-0.5,1
PAI-04088,Industrial Corridors,Andhra Pradesh,319.6,329.1,86,42,51.3,55.3,23,1,1,0,0,0,1.8,1
PAI-04089,Industrial Corridors,West Bengal,424.9,460.9,42,82,89.6,80.3,8,0,1,0,0,1,-3.7,1
PAI-04090,Airports,Andhra Pradesh,160.0,163.9,42,29,67.1,50.6,10,0,0,0,0,0,6.4,1
PAI-04091,Airports,Odisha,158.0,178.3,42,44,98.4,100.0,10,2,1,1,0,1,10.4,0
PAI-04092,Water & Sanitation,Telangana,201.6,204.4,35,61,95.9,100.0,11,0,0,0,0,0,-3.3,0
PAI-04093,Industrial Corridors,Jharkhand,239.0,242.3,14,25,100.0,90.8,7,2,0,0,0,0,-0.4,0
PAI-04094,Railways,Madhya Pradesh,195.0,205.1,55,59,89.6,100.0,13,0,1,0,0,1,-0.3,0
PAI-04095,Water & Sanitation,Jharkhand,156.1,168.9,43,78,98.2,100.0,7,0,0,0,0,0,7.2,1
PAI-04096,Power,West Bengal,134.8,136.8,42,28,77.1,76.2,14,2,0,0,0,0,3.5,1
PAI-04097,Railways,West Bengal,467.8,522.2,34,69,100.0,99.4,8,1,1,0,0,1,2.6,1
PAI-04098,Water & Sanitation,Odisha,292.7,302.4,48,34,52.2,81.6,12,1,0,0,0,0,8.1,0
PAI-04099,Roads,Tamil Nadu,456.0,461.2,48,20,33.9,48.4,10,0,0,0,0,0,5.2,0
PAI-04100,Urban Transit,Telangana,853.6,891.1,28,39,90.1,82.0,8,1,0,0,0,1,0.5,0
PAI-04101,Water & Sanitation,Andhra Pradesh,187.2,199.7,31,42,100.0,95.0,11,0,1,0,0,0,1.7,1
PAI-04102,Industrial Corridors,Bihar,140.9,154.0,29,28,92.0,99.1,6,1,1,0,1,0,6.9,1
PAI-04103,Roads,Telangana,386.7,400.4,34,27,82.5,93.7,7,0,0,0,0,0,-3.4,0
PAI-04104,Roads,Odisha,25.0,26.2,38,55,94.6,98.0,11,2,0,0,0,0,4.3,0
PAI-04105,Water & Sanitation,Tamil Nadu,339.0,349.0,50,57,93.5,100.0,11,0,0,0,0,0,4.1,0
PAI-04106,Ports,Telangana,494.4,539.8,51,30,54.5,47.3,12,2,1,0,0,0,-4.0,1
PAI-04107,Industrial Corridors,Gujarat,80.5,86.5,47,24,38.6,38.7,15,1,1,0,0,1,0.8,1
PAI-04108,Water & Sanitation,Telangana,338.0,366.5,50,22,52.9,32.9,13,0,0,0,1,0,-2.1,1
PAI-04109,Railways,Bihar,461.2,499.1,45,76,100.0,100.0,13,0,0,0,1,0,10.2,1
PAI-04110,Ports,Gujarat,282.6,285.6,24,25,92.4,86.5,4,0,1,0,0,0,-4.1,0
PAI-04111,Railways,Telangana,649.0,660.2,41,40,100.0,100.0,9,1,0,1,0,0,5.9,0
PAI-04112,Airports,Jharkhand,214.6,217.7,19,48,98.7,87.5,5,0,0,0,0,0,-6.1,0
PAI-04113,Airports,Tamil Nadu,74.2,76.3,45,68,96.2,96.3,13,0,0,0,0,0,-2.6,1
PAI-04114,Industrial Corridors,Jharkhand,173.5,173.5,40,30,74.5,72.6,12,0,0,1,0,0,5.7,0
PAI-04115,Airports,Karnataka,486.7,502.1,37,62,100.0,100.0,10,1,0,0,0,1,5.9,0
PAI-04116,Industrial Corridors,Tamil Nadu,108.3,119.9,23,52,87.8,100.0,4,2,1,0,0,0,2.5,0
PAI-04117,Industrial Corridors,Haryana,97.1,99.5,35,20,56.6,58.9,11,1,0,0,0,0,-4.2,0
PAI-04118,Roads,Bihar,761.9,793.7,27,13,47.8,61.1,8,1,0,0,0,0,0.2,0
PAI-04119,Industrial Corridors,Uttar Pradesh,213.1,238.1,19,44,98.2,92.0,4,3,0,0,0,1,2.6,1
PAI-04120,Urban Transit,Madhya Pradesh,1192.7,1230.6,17,30,96.8,90.7,6,1,0,0,0,0,3.2,1
PAI-04121,Railways,Madhya Pradesh,141.6,147.6,59,40,60.6,69.2,14,1,0,0,0,0,-1.0,0
PAI-04122,Railways,Rajasthan,318.9,340.3,25,38,88.7,79.1,5,1,1,0,0,0,-1.1,1
PAI-04123,Railways,Andhra Pradesh,383.1,424.4,39,58,94.6,94.4,11,1,1,1,0,0,9.0,1
PAI-04124,Power,Bihar,684.0,714.2,73,48,70.6,84.2,19,1,0,0,0,1,0.6,0
PAI-04125,Railways,Tamil Nadu,318.7,333.8,34,82,100.0,100.0,6,2,0,0,0,0,6.2,1
PAI-04126,Roads,Madhya Pradesh,490.2,506.1,65,11,10.8,13.4,15,1,0,0,0,1,-1.4,0
PAI-04127,Railways,Odisha,106.5,109.4,21,6,19.1,14.5,9,1,0,1,0,1,2.3,0
PAI-04128,Ports,Uttar Pradesh,124.7,131.5,46,65,100.0,100.0,16,0,1,0,0,0,0.1,1
PAI-04129,Urban Transit,Jharkhand,80.0,89.2,36,42,100.0,100.0,7,2,1,0,1,0,-1.8,1
PAI-04130,Power,Kerala,336.9,363.7,50,14,29.6,18.3,15,2,0,1,0,0,2.9,1
PAI-04131,Water & Sanitation,Maharashtra,290.8,301.1,59,44,70.2,70.5,15,1,0,0,0,1,3.6,0
PAI-04132,Roads,Bihar,300.2,303.6,44,80,100.0,100.0,14,1,0,0,0,0,-3.1,0
PAI-04133,Roads,Karnataka,53.4,55.2,46,17,34.8,41.4,10,0,1,0,0,0,-1.5,0
PAI-04134,Power,Maharashtra,162.1,175.3,48,80,100.0,92.4,15,1,1,1,0,0,-1.9,1
PAI-04135,Roads,West Bengal,249.9,264.6,30,65,100.0,92.8,5,0,1,0,0,0,-2.2,0
PAI-04136,Railways,Andhra Pradesh,197.6,211.2,57,19,44.6,48.1,15,3,1,0,0,0,5.0,0
PAI-04137,Power,Rajasthan,547.5,550.5,22,27,90.0,94.3,4,0,0,0,0,0,1.9,1
PAI-04138,Roads,Andhra Pradesh,133.3,136.9,26,29,93.1,100.0,8,0,0,1,0,0,-1.6,0
PAI-04139,Roads,Andhra Pradesh,135.9,142.1,27,42,100.0,100.0,8,0,1,0,0,0,1.0,0
PAI-04140,Ports,Tamil Nadu,76.4,85.7,27,73,100.0,100.0,6,2,1,0,0,0,2.8,1
PAI-04141,Water & Sanitation,Tamil Nadu,85.3,86.0,40,44,100.0,100.0,13,1,0,0,0,0,6.5,0
PAI-04142,Railways,West Bengal,174.0,190.5,21,54,100.0,100.0,4,1,1,0,0,0,1.0,0
PAI-04143,Urban Transit,Gujarat,238.0,243.7,28,23,73.2,86.1,6,0,0,1,1,0,-5.3,0
PAI-04144,Ports,Odisha,150.3,160.2,52,67,80.6,75.1,14,0,0,0,1,0,-5.6,1
PAI-04145,Roads,Tamil Nadu,355.8,358.5,65,64,100.0,99.1,11,0,0,0,0,0,0.4,0
PAI-04146,Power,Kerala,150.8,155.8,38,35,78.8,70.8,9,0,0,0,0,0,2.4,0
PAI-04147,Airports,Telangana,926.6,947.0,42,45,89.3,100.0,11,1,0,0,0,0,-3.9,0
PAI-04148,Roads,Jharkhand,433.2,445.4,44,32,79.5,66.8,9,0,0,0,0,0,-5.2,0
PAI-04149,Urban Transit,Telangana,125.1,129.2,37,30,69.1,60.9,11,0,0,0,0,0,1.4,0
PAI-04150,Railways,Kerala,222.9,246.9,29,77,98.3,93.2,5,1,0,1,0,1,1.4,0
PAI-04151,Water & Sanitation,Rajasthan,266.4,270.9,53,7,22.3,33.5,12,1,0,1,0,0,-11.1,0
PAI-04152,Industrial Corridors,Gujarat,266.7,301.0,50,24,55.6,39.3,8,2,1,0,0,0,5.1,1
PAI-04153,Railways,Andhra Pradesh,429.9,451.5,49,32,64.9,60.9,16,0,1,0,0,1,1.6,1
PAI-04154,Roads,Jharkhand,268.7,296.0,54,41,76.2,69.0,12,0,1,0,1,0,-4.0,1
PAI-04155,Water & Sanitation,Rajasthan,424.2,431.4,64,67,94.8,88.2,14,1,0,0,0,0,10.2,0
PAI-04156,Industrial Corridors,Kerala,274.5,299.7,59,67,90.9,85.1,17,0,1,0,0,0,10.1,0
PAI-04157,Railways,Haryana,459.3,464.5,43,20,54.8,46.4,9,1,0,1,0,0,3.6,0
PAI-04158,Industrial Corridors,Telangana,619.3,651.8,27,23,99.7,100.0,9,2,1,0,0,0,-2.5,0
PAI-04159,Ports,Jharkhand,161.7,166.5,44,28,58.8,55.2,9,0,0,0,0,1,-5.2,0
PAI-04160,Industrial Corridors,Maharashtra,60.5,64.6,25,37,86.8,75.8,7,0,1,0,0,0,-1.9,0
PAI-04161,Airports,Rajasthan,63.3,67.4,58,68,100.0,91.4,14,1,0,1,0,0,6.4,0
PAI-04162,Power,Odisha,307.5,314.7,31,37,86.6,94.5,10,0,0,0,0,0,1.0,0
PAI-04163,Power,Gujarat,351.7,364.3,53,73,100.0,100.0,14,0,0,0,1,0,3.0,0
PAI-04164,Power,Kerala,125.4,137.9,34,78,87.8,87.8,9,1,1,0,1,0,-0.0,1
PAI-04165,Railways,Karnataka,576.5,622.1,61,13,34.0,29.5,17,0,1,0,0,1,-7.8,0
PAI-04166,Power,Uttar Pradesh,216.4,236.8,20,68,100.0,100.0,4,3,0,0,0,0,15.7,0
PAI-04167,Airports,Tamil Nadu,805.0,825.7,56,39,74.4,80.8,15,1,0,0,0,0,4.0,1
PAI-04168,Industrial Corridors,Jharkhand,462.1,479.9,44,28,62.2,60.8,8,0,1,0,0,0,-4.7,0
PAI-04169,Airports,Telangana,198.5,203.5,26,48,97.7,100.0,9,0,0,0,0,0,-3.0,0
PAI-04170,Industrial Corridors,Tamil Nadu,108.7,116.3,26,40,93.5,83.7,7,2,0,0,1,0,0.8,0
PAI-04171,Water & Sanitation,Maharashtra,75.8,77.7,38,22,65.5,55.6,9,1,0,0,0,0,-6.2,0
PAI-04172,Power,West Bengal,247.5,254.8,23,64,89.5,72.7,8,0,0,1,0,0,-2.0,0
PAI-04173,Airports,Maharashtra,343.2,350.5,14,23,100.0,100.0,5,0,0,0,0,0,-6.2,0
PAI-04174,Railways,Kerala,382.6,424.0,63,31,58.7,49.2,17,2,0,1,0,1,7.6,1
PAI-04175,Roads,Karnataka,245.6,256.4,46,56,100.0,98.1,13,0,0,1,1,0,4.0,0
PAI-04176,Roads,Tamil Nadu,2806.8,3280.9,47,84,86.9,78.2,12,1,1,1,1,0,6.4,1
PAI-04177,Power,Odisha,848.0,998.6,56,72,100.0,91.8,15,3,0,0,1,0,7.8,1
PAI-04178,Ports,Uttar Pradesh,133.0,144.2,21,77,98.1,91.2,9,2,0,0,0,0,9.6,1
PAI-04179,Urban Transit,Kerala,111.3,111.3,39,63,100.0,94.9,11,2,0,0,0,0,7.2,0
PAI-04180,Power,Uttar Pradesh,175.7,182.1,46,12,23.7,27.5,15,1,0,0,0,0,-4.4,0
PAI-04181,Roads,Uttar Pradesh,290.8,292.5,43,28,52.4,45.3,15,0,0,1,0,0,-4.6,0
PAI-04182,Urban Transit,Telangana,187.9,202.5,45,38,87.0,86.8,10,1,1,0,0,0,6.4,0
PAI-04183,Urban Transit,Odisha,73.7,75.6,50,11,35.0,37.0,13,3,0,0,0,0,1.3,0
PAI-04184,Power,Gujarat,222.6,228.0,33,30,90.3,76.0,6,1,0,0,0,0,-2.7,0
PAI-04185,Water & Sanitation,Jharkhand,1036.8,1072.8,40,47,93.5,94.3,10,0,0,1,0,0,-4.8,1
PAI-04186,Power,Tamil Nadu,152.7,163.5,57,22,39.3,46.4,14,2,0,1,0,0,1.9,1
PAI-04187,Industrial Corridors,Uttar Pradesh,429.1,468.1,12,34,91.5,96.3,5,2,1,1,0,0,4.3,1
PAI-04188,Railways,Bihar,203.9,212.7,23,63,100.0,100.0,7,0,0,0,0,0,0.3,0
PAI-04189,Power,Andhra Pradesh,56.3,61.9,12,48,100.0,100.0,4,1,1,0,0,0,2.4,0
PAI-04190,Power,Rajasthan,203.3,214.1,27,24,96.5,95.9,9,1,0,0,0,1,2.5,0
PAI-04191,Water & Sanitation,Madhya Pradesh,566.9,579.2,57,57,97.0,79.0,14,1,0,0,0,0,-1.6,1
PAI-04192,Railways,Uttar Pradesh,525.2,553.7,21,67,94.9,88.6,7,0,0,1,1,0,2.6,0
PAI-04193,Ports,Bihar,76.6,84.3,60,45,71.1,71.3,15,2,1,1,0,0,3.8,0
PAI-04194,Power,Karnataka,142.7,142.7,55,43,74.5,83.9,10,0,0,0,0,0,2.8,0
PAI-04195,Roads,Haryana,200.6,234.0,30,74,100.0,100.0,5,3,1,0,0,1,9.7,1
PAI-04196,Roads,Tamil Nadu,358.5,368.8,36,42,89.5,76.2,10,2,0,0,0,0,3.9,0
PAI-04197,Power,Maharashtra,502.9,526.7,46,20,48.0,38.6,7,0,0,0,0,0,-4.7,0
PAI-04198,Ports,Tamil Nadu,278.7,292.2,45,10,25.6,18.3,11,2,0,1,0,0,5.8,0
PAI-04199,Roads,Haryana,304.2,319.7,14,33,97.1,80.4,4,0,1,0,0,0,-12.0,0
PAI-04200,Power,Haryana,148.7,165.2,70,45,69.5,50.2,17,2,0,1,0,0,7.8,0
PAI-04201,Power,Gujarat,2654.0,2702.0,35,41,99.0,98.0,10,0,0,0,0,0,3.2,0
PAI-04202,Urban Transit,Tamil Nadu,369.3,412.5,34,79,99.1,93.2,5,1,0,1,1,0,7.6,1
PAI-04203,Airports,Bihar,239.7,266.7,59,48,75.6,70.2,16,3,0,1,0,0,7.8,1
PAI-04204,Industrial Corridors,Karnataka,291.8,328.8,32,55,96.8,84.0,5,1,1,0,0,0,9.2,1
PAI-04205,Urban Transit,Madhya Pradesh,135.8,138.9,36,72,89.6,87.1,11,0,0,0,0,1,1.2,0
PAI-04206,Airports,Gujarat,180.1,192.2,39,80,100.0,94.9,10,2,0,0,0,0,12.0,0
PAI-04207,Airports,Telangana,321.7,333.0,73,80,87.6,91.4,18,0,1,1,0,0,-1.7,1
PAI-04208,Roads,Odisha,25.0,27.4,73,69,89.7,78.9,16,1,1,1,0,0,-0.5,0
PAI-04209,Industrial Corridors,West Bengal,220.6,231.3,64,15,20.7,16.9,19,0,1,0,0,0,4.3,1
PAI-04210,Ports,Madhya Pradesh,162.0,191.4,34,81,93.6,100.0,10,2,0,1,0,1,4.9,1
PAI-04211,Urban Transit,Madhya Pradesh,550.6,553.6,65,54,82.8,73.5,18,0,0,0,0,0,2.4,0
PAI-04212,Power,Karnataka,85.9,87.1,81,64,83.5,79.4,20,0,0,0,0,0,-0.3,0
PAI-04213,Urban Transit,Karnataka,233.9,241.3,49,77,96.9,95.0,12,1,0,1,0,0,-1.2,1
PAI-04214,Roads,Kerala,109.5,112.2,51,14,28.2,18.8,15,1,0,0,0,0,-0.3,0
PAI-04215,Railways,West Bengal,249.1,258.0,12,77,95.2,96.9,5,0,0,0,0,0,-1.4,0
PAI-04216,Ports,Gujarat,108.9,111.7,39,23,61.4,83.0,12,0,0,0,0,0,-2.7,0
PAI-04217,Roads,Telangana,510.8,550.9,38,52,100.0,91.8,9,1,1,1,0,0,4.0,1
PAI-04218,Roads,Gujarat,25.5,25.9,31,64,87.2,87.9,12,1,1,0,0,0,1.4,0
PAI-04219,Railways,Jharkhand,380.1,391.2,55,82,100.0,100.0,16,1,0,0,0,0,-0.4,1
PAI-04220,Roads,Karnataka,232.9,260.0,26,33,100.0,87.6,9,3,1,0,0,0,7.1,1
PAI-04221,Water & Sanitation,Maharashtra,280.7,285.0,13,80,100.0,97.9,4,1,0,0,0,0,3.3,0
PAI-04222,Power,Bihar,117.7,117.7,60,59,94.3,100.0,14,0,0,0,0,0,-1.1,1
PAI-04223,Water & Sanitation,Kerala,271.2,288.1,22,25,95.2,98.6,4,3,0,0,0,0,11.7,0
PAI-04224,Water & Sanitation,Tamil Nadu,312.2,320.6,29,58,97.8,99.6,8,0,0,0,0,0,-3.5,0
PAI-04225,Roads,Uttar Pradesh,139.5,154.3,46,81,99.8,90.9,12,2,1,0,0,0,12.4,1
PAI-04226,Urban Transit,Telangana,174.1,182.4,58,75,92.5,100.0,13,1,0,0,0,0,2.2,1
PAI-04227,Urban Transit,West Bengal,336.1,385.5,40,56,94.0,85.8,8,2,1,1,0,0,5.0,1
PAI-04228,Ports,Bihar,98.3,101.4,22,8,14.0,8.0,5,1,1,0,0,0,5.4,0
PAI-04229,Urban Transit,Kerala,492.0,545.8,34,54,100.0,94.5,7,0,1,0,1,0,6.0,1
PAI-04230,Roads,Andhra Pradesh,253.8,263.0,43,38,79.0,60.5,8,2,0,0,0,0,6.2,0
PAI-04231,Railways,Odisha,71.8,82.9,45,82,91.0,100.0,15,0,1,0,0,1,9.4,0
PAI-04232,Urban Transit,Jharkhand,330.8,352.1,28,68,93.9,89.1,10,0,1,0,0,0,5.5,0
PAI-04233,Railways,Tamil Nadu,661.7,744.3,47,47,93.5,96.6,11,1,1,1,0,1,7.9,0
PAI-04234,Roads,West Bengal,149.9,177.0,60,66,96.8,100.0,12,0,1,0,1,1,11.2,1
PAI-04235,Roads,Maharashtra,238.0,260.1,83,72,88.6,71.1,23,0,0,1,0,1,5.2,0
PAI-04236,Water & Sanitation,Maharashtra,308.5,316.9,23,11,50.8,60.7,5,1,0,1,0,0,2.1,0
PAI-04237,Water & Sanitation,Rajasthan,214.1,222.4,12,25,88.3,82.5,5,0,0,0,1,0,-4.5,0
PAI-04238,Railways,Kerala,139.0,145.4,31,65,91.7,100.0,5,0,0,0,0,1,-4.0,0
PAI-04239,Urban Transit,Jharkhand,108.2,109.6,54,70,99.3,97.8,16,1,0,0,0,0,8.3,1
PAI-04240,Urban Transit,Bihar,500.9,551.1,24,74,90.8,91.7,6,0,1,0,0,1,6.8,1
PAI-04241,Roads,Uttar Pradesh,418.4,454.6,43,66,100.0,91.7,8,1,0,1,0,0,4.4,1
PAI-04242,Power,Kerala,235.9,267.8,44,60,100.0,93.8,10,0,1,1,0,1,5.5,1
PAI-04243,Power,West Bengal,152.0,172.2,54,72,96.2,98.4,11,1,0,1,0,1,1.3,1
PAI-04244,Roads,Maharashtra,455.3,500.1,48,10,1.0,0.0,9,1,1,0,0,0,5.9,1
PAI-04245,Power,Kerala,533.6,552.9,54,80,86.3,88.2,13,1,0,1,0,0,5.7,0
PAI-04246,Urban Transit,Bihar,80.3,83.1,59,38,63.3,52.6,15,1,0,0,0,0,5.8,1
PAI-04247,Airports,Bihar,110.1,117.1,33,31,90.0,77.7,5,1,1,0,0,0,2.8,1
PAI-04248,Roads,Kerala,278.9,280.6,58,29,51.1,48.2,15,0,0,0,0,0,2.9,0
PAI-04249,Railways,Andhra Pradesh,193.9,201.1,48,65,94.3,100.0,12,0,0,0,0,0,1.8,1
PAI-04250,Urban Transit,Kerala,4184.6,4288.6,31,28,89.8,79.7,9,2,0,0,0,0,10.3,0
PAI-04251,Ports,Telangana,255.8,280.6,45,64,93.3,80.0,13,0,1,1,0,0,5.1,1
PAI-04252,Railways,Haryana,456.9,496.4,63,75,95.4,93.9,16,1,1,1,0,0,8.2,1
PAI-04253,Water & Sanitation,Kerala,153.1,154.4,41,21,57.5,69.5,11,1,0,0,0,0,-0.8,0
PAI-04254,Airports,Madhya Pradesh,83.7,88.9,39,83,100.0,96.9,9,1,1,0,0,0,5.2,1
PAI-04255,Railways,Gujarat,173.1,178.8,38,82,89.9,87.2,9,1,0,0,0,1,1.6,0
PAI-04256,Urban Transit,Uttar Pradesh,132.8,133.7,50,12,26.8,48.7,12,0,0,0,0,0,-1.2,0
PAI-04257,Water & Sanitation,Haryana,453.5,472.5,59,66,94.6,100.0,15,1,0,0,0,0,-4.3,0
PAI-04258,Industrial Corridors,Odisha,479.9,534.2,19,46,100.0,87.2,6,1,1,0,1,0,0.9,1
PAI-04259,Railways,Telangana,669.7,770.4,33,80,100.0,94.4,7,1,1,1,0,0,8.1,1
PAI-04260,Roads,Bihar,477.8,498.9,69,37,67.4,62.2,14,0,0,0,1,0,2.6,1
PAI-04261,Roads,Karnataka,425.0,425.0,24,68,95.2,95.6,7,0,0,1,0,0,6.2,0
PAI-04262,Urban Transit,Jharkhand,57.5,60.3,55,39,64.6,68.3,12,0,1,0,0,0,-9.1,1
PAI-04263,Water & Sanitation,Karnataka,111.6,114.9,38,26,82.0,92.3,12,0,0,0,0,0,4.8,0
PAI-04264,Urban Transit,Andhra Pradesh,379.2,385.5,45,45,100.0,95.7,13,0,0,1,0,0,2.6,0
PAI-04265,Urban Transit,Kerala,79.3,85.7,59,21,27.9,22.1,16,0,1,0,0,0,5.1,0
PAI-04266,Railways,Haryana,119.8,123.9,67,8,3.3,0.0,19,0,0,0,0,0,2.4,0
PAI-04267,Power,Haryana,110.3,113.4,49,79,92.9,100.0,15,0,0,1,0,0,4.1,0
PAI-04268,Urban Transit,Kerala,199.8,204.3,39,51,100.0,93.6,7,1,0,0,0,0,6.5,0
PAI-04269,Airports,Madhya Pradesh,266.3,288.5,65,83,100.0,100.0,19,2,0,0,0,0,5.0,0
PAI-04270,Urban Transit,Madhya Pradesh,383.4,401.6,31,6,14.5,20.3,7,2,0,0,0,0,10.1,1
PAI-04271,Ports,Andhra Pradesh,167.1,180.6,42,11,19.4,7.4,14,1,0,0,0,1,4.4,1
PAI-04272,Urban Transit,Andhra Pradesh,51.5,55.8,48,19,25.1,21.0,14,1,1,0,0,1,-3.1,1
PAI-04273,Airports,Uttar Pradesh,129.0,132.8,32,23,60.1,42.1,8,0,0,0,0,0,0.4,0
PAI-04274,Power,Rajasthan,157.7,160.9,47,29,65.3,65.7,9,0,0,0,0,0,-0.2,1
PAI-04275,Urban Transit,Telangana,107.7,110.1,41,17,46.6,43.3,11,1,0,0,0,0,5.2,0
PAI-04276,Power,Maharashtra,57.8,58.9,37,40,100.0,99.9,8,1,0,0,0,0,4.7,0
PAI-04277,Railways,Gujarat,308.6,318.8,12,35,100.0,100.0,5,0,1,1,0,0,1.2,0
PAI-04278,Power,Jharkhand,138.1,148.2,39,14,34.1,30.6,13,1,0,0,1,0,4.3,0
PAI-04279,Urban Transit,Andhra Pradesh,363.0,370.5,43,15,34.1,34.1,12,1,0,0,0,0,4.7,1
PAI-04280,Industrial Corridors,Bihar,1021.3,1157.7,22,35,89.2,100.0,6,1,1,0,0,1,10.1,1
PAI-04281,Water & Sanitation,Gujarat,475.5,484.3,31,20,44.6,31.5,10,0,1,0,0,0,-0.6,1
PAI-04282,Railways,Gujarat,71.7,82.1,30,74,84.4,69.5,10,0,1,1,1,0,1.5,1
PAI-04283,Power,Maharashtra,83.2,86.8,69,41,50.2,49.4,14,0,1,0,0,0,6.3,0
PAI-04284,Railways,Odisha,65.5,67.3,64,45,62.6,62.9,15,0,1,0,0,0,-1.0,0
PAI-04285,Roads,Andhra Pradesh,575.8,625.1,18,62,94.1,78.9,4,1,0,0,0,1,6.0,0
PAI-04286,Ports,Andhra Pradesh,156.4,163.6,18,18,99.7,100.0,4,0,0,0,0,1,1.1,1
PAI-04287,Roads,Telangana,235.2,260.2,44,70,90.9,92.7,13,1,0,0,1,0,1.6,0
PAI-04288,Railways,Kerala,926.5,972.1,28,54,96.4,89.2,6,1,1,0,0,0,0.6,0
PAI-04289,Railways,Telangana,76.1,86.5,51,16,42.5,41.9,16,1,1,0,1,0,4.1,1
PAI-04290,Water & Sanitation,Karnataka,320.2,361.7,41,35,89.1,68.4,10,1,0,0,1,1,1.0,1
PAI-04291,Water & Sanitation,Bihar,149.6,166.0,38,69,94.3,89.9,9,2,0,0,1,0,7.0,0
PAI-04292,Water & Sanitation,Gujarat,312.7,335.9,36,48,93.9,100.0,14,0,0,0,0,1,-2.2,0
PAI-04293,Water & Sanitation,Maharashtra,430.8,446.3,47,76,100.0,100.0,11,1,0,0,0,0,0.5,0
PAI-04294,Industrial Corridors,Haryana,227.0,235.8,68,80,100.0,95.6,18,0,0,1,0,1,-0.9,1
PAI-04295,Ports,Kerala,751.8,780.9,18,33,97.3,92.1,5,0,1,0,0,0,-2.1,1
PAI-04296,Ports,Bihar,50.8,53.8,62,67,98.1,100.0,15,0,1,0,0,0,3.3,0
PAI-04297,Urban Transit,Madhya Pradesh,334.9,372.7,46,49,90.0,86.6,15,2,1,0,1,0,-2.4,1
PAI-04298,Power,Telangana,152.0,166.1,33,61,99.3,100.0,7,2,1,0,0,0,11.0,0
PAI-04299,Power,Gujarat,114.0,115.5,27,38,100.0,98.9,6,0,0,0,0,0,1.0,0
PAI-04300,Roads,Karnataka,47.8,50.8,35,75,86.3,81.9,6,0,1,0,0,0,6.8,1
PAI-04301,Airports,West Bengal,255.2,261.2,36,28,86.6,85.0,13,1,0,0,0,0,-4.5,0
PAI-04302,Railways,Rajasthan,56.9,62.8,36,51,98.2,100.0,8,1,0,0,1,0,9.4,0
PAI-04303,Railways,Bihar,97.1,108.1,59,73,87.0,79.8,13,0,1,0,1,0,4.0,1
PAI-04304,Water & Sanitation,Andhra Pradesh,175.0,178.1,61,45,76.5,74.1,13,0,0,0,0,0,0.5,0
PAI-04305,Railways,Rajasthan,1023.2,1120.4,50,74,94.0,92.1,12,0,1,1,0,1,-8.0,0
PAI-04306,Urban Transit,Madhya Pradesh,1147.7,1283.3,41,84,100.0,86.0,9,1,1,0,0,0,-0.3,1
PAI-04307,Water & Sanitation,Maharashtra,83.8,84.3,44,82,100.0,98.8,12,0,0,0,0,0,-0.7,0
PAI-04308,Roads,Jharkhand,301.7,312.5,39,33,94.9,100.0,11,3,0,0,0,0,6.5,0
PAI-04309,Urban Transit,Bihar,649.9,653.8,46,27,64.0,68.9,11,3,0,0,0,0,1.4,0
PAI-04310,Railways,Tamil Nadu,676.1,676.2,12,63,88.7,78.2,10,1,0,1,0,0,9.2,0
PAI-04311,Roads,Kerala,482.6,530.8,29,28,85.4,82.6,8,0,1,1,0,1,-0.8,0
PAI-04312,Railways,Jharkhand,206.4,233.3,36,64,82.4,94.9,10,0,1,0,1,0,3.4,1
PAI-04313,Industrial Corridors,Haryana,405.7,411.7,24,7,17.5,12.4,8,0,0,0,0,0,-3.7,0
PAI-04314,Ports,Andhra Pradesh,113.0,116.2,56,22,56.6,39.7,10,3,0,0,0,0,0.6,1
PAI-04315,Urban Transit,Uttar Pradesh,239.4,252.1,51,54,91.7,87.5,15,2,0,0,0,0,10.8,1
PAI-04316,Power,Karnataka,175.9,178.6,41,83,93.2,84.1,9,1,0,0,0,1,5.4,1
PAI-04317,Roads,Tamil Nadu,587.6,632.6,50,31,60.0,75.5,15,1,1,0,0,1,0.1,1
PAI-04318,Water & Sanitation,Rajasthan,188.1,195.0,23,40,93.5,100.0,6,1,0,0,0,0,-0.6,0
PAI-04319,Railways,Tamil Nadu,156.5,177.5,59,76,100.0,89.2,10,1,1,0,0,0,7.8,0
PAI-04320,Water & Sanitation,Karnataka,66.1,68.8,39,59,97.3,86.6,10,0,0,0,0,0,0.6,0
PAI-04321,Roads,Andhra Pradesh,124.9,130.4,44,69,100.0,100.0,7,1,0,0,0,0,0.2,0
PAI-04322,Airports,Andhra Pradesh,167.7,175.1,65,47,85.7,82.8,14,3,0,0,0,0,9.0,0
PAI-04323,Water & Sanitation,Madhya Pradesh,1446.4,1446.4,40,15,51.2,58.2,10,1,0,0,0,0,-8.4,1
PAI-04324,Railways,Karnataka,159.5,172.2,21,82,91.2,91.8,4,1,1,0,0,1,-2.8,0
PAI-04325,Water & Sanitation,Maharashtra,389.2,397.3,58,83,100.0,100.0,14,0,0,1,0,0,0.2,0
PAI-04326,Ports,Odisha,177.0,177.0,34,63,100.0,100.0,6,0,0,1,0,0,4.8,0
PAI-04327,Roads,Karnataka,192.2,197.2,29,29,92.2,100.0,9,3,0,0,0,0,2.1,0
PAI-04328,Power,Telangana,62.3,64.3,54,52,100.0,100.0,15,1,1,0,0,0,-1.9,0
PAI-04329,Airports,West Bengal,1217.0,1270.2,48,82,90.4,83.5,13,0,0,0,0,0,1.0,0
PAI-04330,Industrial Corridors,Telangana,128.2,134.8,40,55,93.8,86.9,11,1,0,0,0,0,-6.8,0
PAI-04331,Railways,Bihar,63.4,71.9,36,73,99.8,95.2,7,0,1,1,0,0,-2.0,0
PAI-04332,Roads,Karnataka,303.8,316.8,48,50,98.4,94.7,9,0,0,0,1,0,2.0,1
PAI-04333,Water & Sanitation,West Bengal,249.2,262.3,47,54,83.1,85.9,11,0,0,0,0,0,-0.7,0
PAI-04334,Industrial Corridors,Odisha,1278.5,1278.5,37,49,100.0,95.0,8,1,0,0,0,0,-3.6,0
PAI-04335,Ports,Uttar Pradesh,115.9,128.7,37,42,98.9,100.0,9,2,0,0,0,1,10.4,1
PAI-04336,Ports,Gujarat,207.9,217.0,23,80,97.2,95.7,6,0,0,0,1,0,1.0,0
PAI-04337,Water & Sanitation,Uttar Pradesh,369.4,382.6,42,8,18.2,22.4,11,0,0,0,0,0,-6.4,0
PAI-04338,Power,Odisha,248.2,256.1,49,11,19.5,40.3,15,3,0,0,0,0,1.2,0
PAI-04339,Power,Maharashtra,252.9,285.6,64,45,72.4,72.9,17,2,1,1,0,0,-9.6,1
PAI-04340,Water & Sanitation,Kerala,366.5,375.7,24,6,24.3,10.6,9,0,0,0,0,0,1.6,1
PAI-04341,Railways,Telangana,219.5,230.1,43,17,53.6,71.1,7,3,0,0,0,0,8.2,0
PAI-04342,Railways,Rajasthan,75.0,79.1,48,63,100.0,100.0,14,0,0,0,0,0,-2.9,0
PAI-04343,Urban Transit,Bihar,225.7,235.1,45,44,91.7,100.0,12,0,0,0,1,0,-2.5,1
PAI-04344,Urban Transit,Tamil Nadu,370.5,381.0,56,10,8.4,27.1,13,1,0,0,0,0,2.9,1
PAI-04345,Power,Karnataka,651.4,729.4,15,9,72.0,67.2,4,3,0,0,0,0,14.0,1
PAI-04346,Urban Transit,Telangana,186.9,189.9,46,20,46.7,53.6,12,1,1,0,0,0,-9.8,0
PAI-04347,Water & Sanitation,Jharkhand,294.0,318.4,41,66,100.0,90.0,11,1,1,1,0,0,1.0,1
PAI-04348,Roads,Jharkhand,68.1,79.3,36,42,93.8,100.0,9,3,1,0,0,1,11.6,1
PAI-04349,Roads,Odisha,337.7,337.7,46,44,92.6,100.0,11,1,0,0,0,0,6.6,0
PAI-04350,Roads,Gujarat,75.2,76.6,32,16,46.2,45.6,7,1,0,0,0,0,7.5,1
PAI-04351,Roads,Telangana,179.4,204.8,46,42,82.9,91.2,9,0,0,1,1,1,-1.1,1
PAI-04352,Airports,Rajasthan,100.7,102.0,41,27,56.1,71.1,6,0,0,0,0,0,4.1,0
PAI-04353,Ports,Karnataka,338.5,360.2,44,52,97.7,97.5,10,1,1,0,0,0,0.2,1
PAI-04354,Roads,Karnataka,888.2,913.7,39,9,18.1,28.6,9,1,0,0,0,0,0.1,0
PAI-04355,Roads,Bihar,52.0,55.3,15,23,96.6,91.9,4,0,1,1,0,0,1.7,1
PAI-04356,Power,Karnataka,443.8,492.3,20,70,98.0,88.4,5,1,0,1,0,0,5.8,1
PAI-04357,Urban Transit,West Bengal,530.6,533.8,47,39,70.5,69.5,8,0,0,0,0,0,-1.2,0
PAI-04358,Roads,Bihar,951.0,964.1,35,48,91.9,86.7,12,1,0,0,0,0,5.3,0
PAI-04359,Industrial Corridors,Andhra Pradesh,354.2,360.9,49,13,25.4,27.8,11,0,0,0,0,0,2.1,0
PAI-04360,Urban Transit,Gujarat,195.9,200.3,56,18,28.4,35.0,15,1,0,0,0,0,0.3,0
PAI-04361,Railways,West Bengal,652.9,652.9,38,53,97.0,95.9,8,1,0,0,0,0,5.7,0
PAI-04362,Ports,Jharkhand,1433.4,1505.3,29,9,18.0,15.8,4,0,0,0,0,0,-6.8,0
PAI-04363,Railways,West Bengal,971.3,1009.8,54,79,87.1,81.0,10,0,0,1,0,0,-2.5,0
PAI-04364,Railways,Madhya Pradesh,286.0,306.5,45,54,99.7,91.9,11,0,0,0,1,0,4.4,0
PAI-04365,Water & Sanitation,Bihar,26.7,27.1,37,21,51.8,54.9,9,0,0,0,0,0,-3.6,0
PAI-04366,Urban Transit,Karnataka,272.8,291.0,28,81,90.4,91.9,6,4,0,0,0,0,6.5,1
PAI-04367,Water & Sanitation,Jharkhand,270.3,287.9,42,74,100.0,97.7,7,1,0,0,1,0,5.8,0
PAI-04368,Roads,Andhra Pradesh,192.5,226.3,37,38,100.0,90.2,9,0,1,0,1,1,-6.6,0
PAI-04369,Urban Transit,Karnataka,114.0,124.2,16,63,100.0,100.0,4,2,0,0,0,1,5.9,1
PAI-04370,Airports,Karnataka,54.4,55.3,17,10,59.5,63.9,4,0,0,0,0,0,-1.5,0
PAI-04371,Ports,Uttar Pradesh,90.9,92.4,21,53,92.6,99.7,7,1,0,0,0,0,-7.4,0
PAI-04372,Roads,Bihar,880.1,923.8,22,49,87.2,93.9,7,0,0,1,0,0,9.5,0
PAI-04373,Industrial Corridors,Uttar Pradesh,625.1,649.0,50,72,100.0,100.0,16,0,0,1,0,0,3.0,0
PAI-04374,Roads,Odisha,273.8,290.7,39,54,91.3,87.8,10,2,1,0,0,0,1.7,0
PAI-04375,Urban Transit,Odisha,444.4,453.5,28,38,92.7,100.0,4,1,0,0,0,0,1.7,1
PAI-04376,Railways,Rajasthan,69.4,74.5,62,47,70.5,80.5,18,0,1,0,0,0,-4.0,0
PAI-04377,Urban Transit,Karnataka,172.1,182.5,21,53,93.6,96.6,6,0,0,0,1,0,0.5,0
PAI-04378,Railways,Karnataka,836.1,907.7,74,84,100.0,98.3,20,1,1,0,0,1,3.3,1
PAI-04379,Industrial Corridors,Maharashtra,165.5,174.0,50,55,88.1,90.3,15,0,1,1,0,0,1.7,1
PAI-04380,Power,Karnataka,225.7,234.2,53,75,94.2,100.0,15,1,0,0,0,0,6.7,1
PAI-04381,Roads,Andhra Pradesh,526.7,603.4,42,82,100.0,100.0,12,0,1,1,0,1,1.1,1
PAI-04382,Roads,Odisha,204.5,221.8,55,42,81.4,80.6,13,2,0,1,0,0,8.7,1
PAI-04383,Railways,Jharkhand,210.0,210.3,66,36,50.3,48.3,13,1,0,0,0,0,0.6,0
PAI-04384,Ports,Telangana,313.0,332.4,27,62,100.0,99.4,4,0,1,0,0,0,3.3,1
PAI-04385,Railways,Telangana,1088.0,1110.1,35,47,82.9,76.5,11,2,0,0,0,0,3.3,1
PAI-04386,Urban Transit,Maharashtra,322.7,329.2,42,7,18.3,17.1,11,0,0,0,0,0,-6.2,0
PAI-04387,Urban Transit,Maharashtra,648.0,658.5,55,72,100.0,100.0,19,1,0,0,0,0,7.1,0
PAI-04388,Airports,Haryana,119.8,126.2,12,81,99.1,93.4,8,1,0,0,0,0,6.6,1
PAI-04389,Roads,Uttar Pradesh,469.0,495.3,55,20,42.4,46.6,11,1,0,0,0,1,2.7,0
PAI-04390,Water & Sanitation,Tamil Nadu,241.3,255.6,50,18,44.0,29.3,14,3,0,0,0,0,7.6,1
PAI-04391,Airports,Gujarat,559.5,578.5,65,77,92.0,95.3,16,0,1,0,0,0,1.3,1
PAI-04392,Industrial Corridors,Uttar Pradesh,136.4,150.2,56,63,87.2,89.7,14,0,1,1,0,0,5.1,1
PAI-04393,Industrial Corridors,Odisha,254.4,281.0,12,83,100.0,100.0,4,0,1,1,0,1,-1.0,1
PAI-04394,Urban Transit,Telangana,175.0,190.0,55,29,40.1,31.6,14,0,0,0,1,1,-3.9,0
PAI-04395,Power,Andhra Pradesh,67.5,68.9,49,35,65.8,67.2,11,2,0,0,0,0,6.2,1
PAI-04396,Airports,Rajasthan,508.1,552.2,37,62,98.5,96.3,7,1,0,1,1,0,3.1,1
PAI-04397,Water & Sanitation,Madhya Pradesh,131.1,141.8,44,59,99.9,92.1,15,1,0,0,1,0,-2.0,0
PAI-04398,Urban Transit,West Bengal,260.7,270.7,79,37,41.3,42.2,18,0,0,0,1,0,3.7,0
PAI-04399,Urban Transit,Telangana,114.6,114.6,57,8,2.4,8.9,12,0,0,0,0,0,5.0,1
PAI-04400,Ports,Haryana,436.6,467.0,43,43,100.0,86.2,9,1,1,1,0,0,-2.5,0
PAI-04401,Railways,Haryana,556.3,586.3,63,46,72.9,67.5,15,1,0,0,0,1,-0.3,1
PAI-04402,Roads,Andhra Pradesh,306.1,353.7,70,32,41.0,39.7,16,1,1,0,1,0,-3.0,1
PAI-04403,Water & Sanitation,Tamil Nadu,299.7,332.0,36,71,88.9,89.4,8,2,0,0,0,1,2.6,1
PAI-04404,Power,Jharkhand,50.0,52.1,12,69,99.3,100.0,4,1,0,1,0,0,5.1,1
PAI-04405,Roads,Madhya Pradesh,249.1,262.3,52,67,93.1,86.2,12,1,0,1,0,0,3.0,1
PAI-04406,Urban Transit,Kerala,376.7,387.7,47,52,100.0,100.0,16,0,0,0,0,0,-1.1,0
PAI-04407,Water & Sanitation,Madhya Pradesh,396.6,415.0,42,12,25.4,25.0,10,0,0,0,0,1,6.0,0
PAI-04408,Urban Transit,Karnataka,213.6,217.4,39,46,100.0,100.0,10,2,0,0,0,0,9.1,0
PAI-04409,Railways,Andhra Pradesh,250.3,259.1,17,43,91.5,86.3,4,0,0,0,0,1,-0.7,0
PAI-04410,Railways,Madhya Pradesh,97.1,108.6,36,36,91.3,98.6,6,2,1,0,1,0,0.2,1
PAI-04411,Ports,Jharkhand,392.0,403.8,32,24,77.5,90.2,11,0,0,0,0,0,1.9,0
PAI-04412,Industrial Corridors,Odisha,835.3,948.8,50,66,95.4,96.1,11,1,1,1,0,0,2.5,1
PAI-04413,Urban Transit,Kerala,96.7,103.7,31,71,98.2,97.4,6,0,0,0,1,0,6.0,0
PAI-04414,Water & Sanitation,Gujarat,281.1,285.7,29,71,93.6,91.1,9,0,0,0,0,0,-0.3,0
PAI-04415,Industrial Corridors,Kerala,113.3,114.8,16,46,100.0,100.0,4,1,0,0,0,0,-1.9,0
PAI-04416,Railways,Rajasthan,392.8,438.1,45,78,87.0,69.6,10,0,1,0,1,0,-8.5,1
PAI-04417,Ports,Maharashtra,269.0,278.1,48,70,90.4,81.7,16,1,0,0,0,1,6.6,0
PAI-04418,Ports,Andhra Pradesh,31.2,32.3,52,24,50.6,43.6,14,1,0,0,0,0,-3.9,0
PAI-04419,Power,Tamil Nadu,400.1,409.2,79,20,39.2,29.9,22,2,0,0,0,0,5.6,0
PAI-04420,Roads,Madhya Pradesh,745.4,797.3,66,41,66.2,66.5,20,3,0,0,0,0,9.3,1
PAI-04421,Railways,Andhra Pradesh,336.4,346.8,72,51,64.1,65.1,22,1,1,0,0,0,0.6,1
PAI-04422,Urban Transit,Telangana,101.4,108.9,60,72,100.0,87.1,16,2,0,0,0,1,4.3,1
PAI-04423,Water & Sanitation,Maharashtra,526.0,579.9,44,49,100.0,90.6,12,1,1,0,0,1,3.1,1
PAI-04424,Water & Sanitation,Gujarat,126.5,130.2,24,51,100.0,93.9,8,1,0,0,0,0,-2.8,1
PAI-04425,Industrial Corridors,Jharkhand,178.4,181.8,38,33,79.6,84.5,9,0,0,1,0,0,0.1,1
PAI-04426,Railways,Rajasthan,327.8,345.7,37,6,21.7,34.8,8,1,0,1,0,0,5.8,0
PAI-04427,Railways,Haryana,123.9,131.3,44,69,94.5,100.0,10,0,1,1,0,0,6.3,1
PAI-04428,Urban Transit,Karnataka,293.7,301.2,32,74,100.0,99.2,13,2,0,0,0,0,6.9,0
PAI-04429,Water & Sanitation,Odisha,118.7,132.4,56,74,92.3,83.3,13,3,0,0,0,1,5.0,0
PAI-04430,Railways,Rajasthan,87.5,94.2,51,42,87.8,76.0,15,1,1,0,0,0,7.2,1
PAI-04431,Roads,Bihar,197.5,218.2,62,43,55.8,68.7,17,0,1,1,0,0,0.7,0
PAI-04432,Industrial Corridors,Odisha,617.6,623.2,57,60,86.9,94.1,12,0,0,0,0,0,1.1,0
PAI-04433,Urban Transit,Odisha,234.3,253.9,45,81,100.0,100.0,13,0,0,1,1,0,-5.7,1
PAI-04434,Railways,West Bengal,312.5,332.1,59,54,83.1,96.1,13,1,1,0,0,0,8.3,0
PAI-04435,Railways,Kerala,319.3,366.8,34,52,99.2,100.0,9,1,1,1,0,0,13.0,1
PAI-04436,Roads,Bihar,49.6,53.9,18,38,86.6,74.4,4,1,0,0,0,1,9.3,0
PAI-04437,Railways,Jharkhand,272.6,286.8,39,30,69.1,62.8,9,2,0,0,0,0,5.9,0
PAI-04438,Power,Rajasthan,954.1,1035.2,35,39,94.2,97.2,11,1,1,0,0,0,11.2,1
PAI-04439,Roads,Telangana,92.5,99.1,75,37,52.2,53.7,22,0,1,1,0,0,4.2,1
PAI-04440,Urban Transit,Maharashtra,201.6,208.8,66,53,85.1,81.3,14,1,0,0,0,0,0.9,1
PAI-04441,Urban Transit,Tamil Nadu,298.0,305.1,64,80,92.2,85.7,17,0,0,0,0,0,3.3,0
PAI-04442,Power,Telangana,162.5,177.1,52,33,64.6,54.2,13,2,0,0,0,0,5.3,0
PAI-04443,Railways,Tamil Nadu,290.5,313.1,47,9,23.2,1.2,13,0,1,0,0,0,-0.5,1
PAI-04444,Urban Transit,Odisha,175.9,181.4,43,16,41.1,41.8,10,2,0,0,0,0,3.6,0
PAI-04445,Water & Sanitation,Tamil Nadu,250.2,287.4,49,34,75.8,71.9,12,2,0,0,1,1,6.3,0
PAI-04446,Roads,Madhya Pradesh,33.4,34.3,50,25,63.2,47.6,12,1,0,0,0,0,5.6,0
PAI-04447,Industrial Corridors,West Bengal,518.8,557.6,62,67,97.4,100.0,15,0,1,1,0,0,3.7,1
PAI-04448,Railways,Bihar,685.9,771.9,69,42,62.2,43.8,18,2,0,0,1,0,7.0,0
PAI-04449,Urban Transit,Odisha,74.3,76.1,42,71,100.0,91.0,8,1,0,1,0,0,-2.9,0
PAI-04450,Railways,Jharkhand,206.0,212.7,66,23,30.8,22.2,14,0,1,0,0,0,-2.7,1
PAI-04451,Ports,Bihar,251.1,255.9,75,66,87.3,88.3,19,0,1,0,0,0,-2.7,0
PAI-04452,Ports,West Bengal,96.8,105.2,39,22,61.7,67.9,11,2,1,0,0,0,6.5,1
PAI-04453,Roads,Bihar,426.7,451.6,25,6,30.8,34.3,9,2,0,1,0,0,13.0,1
PAI-04454,Roads,Uttar Pradesh,285.3,314.3,50,64,94.1,88.0,13,1,1,0,0,1,-3.4,1
PAI-04455,Power,Telangana,158.5,171.5,44,47,88.1,90.7,12,0,1,0,1,0,-8.5,0
PAI-04456,Roads,Tamil Nadu,213.3,213.3,45,76,91.7,88.7,13,0,1,0,0,0,-1.4,0
PAI-04457,Water & Sanitation,Jharkhand,109.9,125.7,21,65,86.9,77.1,6,0,1,1,1,0,8.9,1
PAI-04458,Airports,Jharkhand,1171.3,1298.7,55,46,79.5,77.5,16,2,0,0,0,1,10.8,1
PAI-04459,Airports,Telangana,159.4,167.3,71,52,65.9,61.5,21,1,1,0,0,0,1.6,1
PAI-04460,Urban Transit,Gujarat,214.0,222.7,38,57,99.3,100.0,9,0,0,0,0,0,-1.1,0
PAI-04461,Water & Sanitation,Rajasthan,183.7,195.0,44,35,86.5,88.5,10,1,1,0,0,0,8.3,0
PAI-04462,Railways,Gujarat,355.5,404.1,38,52,86.7,74.4,11,0,1,0,1,0,2.3,0
PAI-04463,Urban Transit,Uttar Pradesh,182.6,212.4,58,13,36.8,31.2,18,7,0,0,0,0,16.8,1
PAI-04464,Industrial Corridors,Gujarat,868.9,989.1,29,33,92.2,93.0,8,2,1,0,0,1,-3.0,1
PAI-04465,Industrial Corridors,Uttar Pradesh,253.8,265.4,39,14,54.5,47.6,8,1,0,1,0,0,3.3,1
PAI-04466,Urban Transit,Andhra Pradesh,446.5,465.8,31,79,100.0,100.0,5,1,0,0,1,0,-0.4,0
PAI-04467,Roads,Gujarat,565.7,609.0,50,39,57.2,60.0,13,2,0,1,0,0,4.1,1
PAI-04468,Water & Sanitation,Rajasthan,186.2,200.5,15,32,100.0,97.7,6,2,0,1,0,0,2.1,0
PAI-04469,Industrial Corridors,Gujarat,137.4,144.3,41,36,83.9,90.4,12,0,1,0,0,0,5.8,1
PAI-04470,Roads,Bihar,95.0,99.9,21,67,100.0,90.5,6,0,1,0,0,0,-0.7,0
PAI-04471,Water & Sanitation,Haryana,170.5,186.7,46,81,95.4,74.0,11,1,1,0,0,0,9.1,1
PAI-04472,Railways,West Bengal,134.6,146.9,37,40,100.0,100.0,6,2,1,0,0,0,4.6,1
PAI-04473,Power,Bihar,453.2,466.0,12,60,100.0,89.3,4,1,0,0,0,0,5.0,0
PAI-04474,Ports,Tamil Nadu,1024.0,1031.2,24,61,100.0,100.0,9,0,1,0,0,0,-8.7,1
PAI-04475,Railways,Haryana,83.3,84.5,42,65,86.7,77.2,9,0,0,0,0,0,4.0,0
PAI-04476,Railways,Telangana,530.6,556.1,51,37,67.0,80.6,11,1,1,0,0,0,1.8,1
PAI-04477,Ports,Rajasthan,175.2,183.0,58,9,17.3,9.1,19,0,1,0,0,0,2.4,0
PAI-04478,Urban Transit,Telangana,228.0,257.6,24,69,100.0,92.8,4,2,1,0,0,0,7.9,1
PAI-04479,Railways,Gujarat,180.7,197.8,39,55,96.4,98.6,10,0,1,0,0,1,5.8,1
PAI-04480,Airports,Rajasthan,423.4,446.9,24,6,23.9,13.9,8,1,0,0,0,0,3.8,0
PAI-04481,Industrial Corridors,Maharashtra,187.1,205.7,40,79,100.0,94.7,10,1,0,0,1,0,4.4,1
PAI-04482,Roads,Odisha,308.5,312.9,38,72,86.8,85.2,12,1,0,0,0,0,6.7,1
PAI-04483,Railways,Tamil Nadu,161.9,164.1,53,72,94.5,93.1,13,0,0,1,0,0,1.3,0
PAI-04484,Roads,Telangana,457.8,464.0,34,49,89.9,79.5,5,0,0,0,0,0,1.1,0
PAI-04485,Airports,Rajasthan,466.6,526.1,71,40,42.8,49.8,17,1,1,0,1,0,-2.4,1
PAI-04486,Urban Transit,Jharkhand,631.1,671.8,34,65,100.0,90.4,8,2,0,0,1,0,-3.1,1
PAI-04487,Urban Transit,Telangana,80.4,86.3,40,40,92.6,78.3,11,0,0,0,1,1,-1.9,0
PAI-04488,Industrial Corridors,Karnataka,300.9,321.7,52,25,53.6,40.5,14,1,1,0,0,0,-3.3,1
PAI-04489,Urban Transit,Andhra Pradesh,463.1,518.4,26,75,96.8,98.7,7,2,0,0,0,1,9.0,1
PAI-04490,Urban Transit,Rajasthan,215.0,218.7,39,29,90.8,86.3,11,1,0,0,0,0,5.4,0
PAI-04491,Power,Gujarat,97.6,97.6,66,75,90.7,98.9,17,0,0,0,0,0,-6.5,0
PAI-04492,Railways,West Bengal,168.9,193.7,22,59,89.3,89.5,5,1,1,0,0,1,6.0,1
PAI-04493,Water & Sanitation,Tamil Nadu,127.2,129.2,42,77,90.8,82.4,9,1,1,0,0,0,1.3,0
PAI-04494,Water & Sanitation,Uttar Pradesh,242.9,261.0,62,13,25.6,25.8,13,2,0,0,0,1,2.2,0
PAI-04495,Ports,Odisha,242.3,246.1,12,59,99.7,100.0,4,0,0,1,0,0,3.1,0
PAI-04496,Railways,Tamil Nadu,267.8,267.8,53,59,100.0,100.0,12,0,0,0,0,0,-3.3,0
PAI-04497,Roads,Haryana,90.6,93.7,36,84,99.6,100.0,10,0,1,0,0,0,-1.0,0
PAI-04498,Water & Sanitation,Madhya Pradesh,422.8,434.9,51,63,99.6,90.5,15,1,0,0,0,0,5.8,1
PAI-04499,Railways,Odisha,237.8,247.8,32,47,87.4,85.5,9,0,1,0,0,0,7.7,1
PAI-04500,Urban Transit,Andhra Pradesh,463.0,471.8,39,78,92.0,88.7,8,1,0,0,0,0,-0.2,0
PAI-04501,Water & Sanitation,Rajasthan,366.4,413.6,32,78,93.3,85.0,4,1,1,1,0,0,4.8,1
PAI-04502,Power,Rajasthan,217.9,228.0,81,40,48.0,55.1,24,0,0,0,1,0,-3.2,0
PAI-04503,Urban Transit,Karnataka,86.0,88.3,51,47,80.6,86.9,13,2,0,0,0,0,0.7,0
PAI-04504,Water & Sanitation,West Bengal,183.3,189.7,41,62,100.0,100.0,10,3,0,0,0,0,9.3,1
PAI-04505,Airports,Andhra Pradesh,1489.8,1569.9,34,61,100.0,87.4,7,0,0,0,0,0,-5.4,0
PAI-04506,Urban Transit,West Bengal,121.3,123.5,38,51,90.0,96.1,9,0,0,0,0,0,6.5,1
PAI-04507,Roads,Rajasthan,331.2,362.3,50,37,64.8,71.5,15,0,1,0,1,0,-3.4,0
PAI-04508,Railways,Odisha,322.8,352.3,60,81,100.0,100.0,16,1,0,0,1,0,0.5,1
PAI-04509,Roads,Madhya Pradesh,632.0,676.0,40,13,41.9,44.4,10,1,0,0,1,0,-6.5,1
PAI-04510,Water & Sanitation,Andhra Pradesh,887.1,893.7,71,7,1.1,0.0,17,1,0,0,0,0,-1.9,1
PAI-04511,Water & Sanitation,Uttar Pradesh,311.9,311.9,63,11,16.0,7.7,13,1,0,0,0,0,5.4,1
PAI-04512,Railways,Kerala,173.2,202.4,41,83,95.4,84.3,12,4,1,1,0,0,13.9,1
PAI-04513,Power,West Bengal,51.2,53.1,32,17,44.5,62.1,10,1,0,0,0,0,1.8,0
PAI-04514,Roads,Tamil Nadu,629.5,681.4,38,49,98.3,96.5,11,1,1,0,0,0,8.9,1
PAI-04515,Water & Sanitation,West Bengal,502.2,565.3,51,78,100.0,100.0,12,2,1,1,0,1,3.0,1
PAI-04516,Water & Sanitation,Odisha,91.8,98.3,36,41,99.6,97.4,9,0,1,0,0,0,6.6,0
PAI-04517,Urban Transit,Maharashtra,565.6,609.9,63,22,59.5,52.3,14,3,0,0,0,0,6.1,1
PAI-04518,Industrial Corridors,Jharkhand,166.5,169.0,63,46,71.8,75.8,16,2,0,0,0,0,1.0,0
PAI-04519,Urban Transit,Tamil Nadu,430.0,464.4,27,65,93.0,78.9,5,2,0,0,1,0,1.3,1
PAI-04520,Power,Bihar,322.8,343.5,26,9,29.9,34.0,6,1,0,0,0,0,-5.2,0
PAI-04521,Roads,Telangana,1581.4,1659.4,57,35,73.1,58.8,18,1,0,0,0,0,-2.0,0
PAI-04522,Roads,Maharashtra,685.9,713.0,65,35,55.8,72.2,19,0,0,0,0,0,5.4,0
PAI-04523,Power,Odisha,285.6,293.0,45,28,66.4,66.1,13,1,0,0,0,0,-4.8,0
PAI-04524,Industrial Corridors,Tamil Nadu,508.1,532.2,50,80,85.8,97.5,14,0,1,0,0,1,-3.3,0
PAI-04525,Ports,Andhra Pradesh,191.5,198.4,71,6,14.2,24.1,16,1,1,0,0,0,0.4,1
PAI-04526,Ports,Odisha,51.9,54.2,39,66,93.2,100.0,10,0,1,0,0,0,1.2,0
PAI-04527,Railways,Madhya Pradesh,208.3,212.9,66,30,42.9,42.3,17,3,0,0,0,0,4.7,0
PAI-04528,Urban Transit,Odisha,468.9,491.5,50,84,90.1,89.3,11,1,0,0,0,1,2.8,0
PAI-04529,Water & Sanitation,Karnataka,637.8,660.6,51,21,46.3,30.0,13,0,0,0,0,0,-0.3,0
PAI-04530,Power,Andhra Pradesh,103.6,118.5,41,34,91.2,87.1,12,1,0,1,0,1,4.8,1
PAI-04531,Water & Sanitation,Karnataka,205.2,224.0,21,18,92.7,98.7,4,1,0,0,1,1,3.8,0
PAI-04532,Water & Sanitation,Maharashtra,251.4,255.4,54,20,25.8,9.6,14,0,0,0,0,0,5.3,0
PAI-04533,Urban Transit,Gujarat,199.2,203.2,42,47,100.0,100.0,9,0,0,0,0,0,2.6,0
PAI-04534,Roads,Gujarat,220.3,230.1,37,37,96.6,91.9,10,1,0,0,1,0,-1.6,0
PAI-04535,Industrial Corridors,Uttar Pradesh,154.8,161.1,12,81,97.9,100.0,4,0,0,0,0,0,2.0,1
PAI-04536,Ports,Andhra Pradesh,168.8,172.6,12,48,100.0,100.0,6,0,0,1,0,0,6.1,0
PAI-04537,Urban Transit,Odisha,268.1,288.7,36,69,76.0,72.0,11,0,1,0,1,0,-3.2,1
PAI-04538,Ports,Telangana,231.1,232.1,57,26,57.6,52.9,12,1,0,0,0,0,-5.6,0
PAI-04539,Water & Sanitation,Uttar Pradesh,505.6,521.9,24,25,100.0,97.4,7,0,0,0,0,0,6.2,0
PAI-04540,Power,Bihar,219.1,248.1,40,43,100.0,96.9,11,3,0,0,0,1,8.3,0
PAI-04541,Railways,Uttar Pradesh,862.5,929.7,39,36,92.4,84.4,11,1,1,0,0,0,-0.0,1
PAI-04542,Water & Sanitation,Uttar Pradesh,290.3,313.6,61,56,99.9,100.0,15,0,0,0,1,0,-2.8,0
PAI-04543,Power,West Bengal,80.5,82.5,44,18,34.6,40.5,14,1,1,0,0,0,-2.8,1
PAI-04544,Roads,Uttar Pradesh,411.8,413.8,25,30,85.3,92.4,4,0,0,0,0,0,-1.5,0
PAI-04545,Power,Telangana,1004.7,1073.9,55,18,22.0,43.0,12,2,0,0,0,0,-0.0,1
PAI-04546,Railways,Madhya Pradesh,59.6,59.8,44,17,40.6,35.1,11,1,0,0,0,0,0.5,0
PAI-04547,Railways,Rajasthan,69.6,75.8,49,79,100.0,88.5,12,1,1,0,0,0,-2.3,1
PAI-04548,Railways,Odisha,329.7,335.3,12,34,100.0,87.4,4,0,1,0,0,0,-11.5,0
PAI-04549,Ports,Bihar,129.7,142.9,29,32,90.0,80.8,4,2,0,0,0,1,13.8,1
PAI-04550,Urban Transit,Rajasthan,213.3,219.4,39,55,87.3,95.3,10,1,0,0,0,0,7.3,1
PAI-04551,Roads,Kerala,276.8,294.2,62,71,99.1,75.1,17,1,1,0,0,0,4.3,0
PAI-04552,Railways,Maharashtra,1001.5,1031.1,33,68,95.5,100.0,6,1,0,0,0,1,8.6,0
PAI-04553,Airports,Maharashtra,593.6,616.4,42,59,100.0,100.0,15,2,0,0,0,0,-4.2,1
PAI-04554,Industrial Corridors,Maharashtra,251.8,283.1,53,30,71.3,54.5,9,3,1,0,0,0,11.8,1
PAI-04555,Power,Telangana,262.9,272.3,55,13,21.0,16.7,14,1,0,0,0,0,3.3,0
PAI-04556,Power,West Bengal,286.0,296.1,63,21,37.7,50.9,20,1,0,0,0,0,3.3,0
PAI-04557,Water & Sanitation,Haryana,617.6,689.1,62,37,74.6,61.2,16,0,1,0,1,0,5.7,1
PAI-04558,Roads,Andhra Pradesh,243.3,279.3,30,67,100.0,91.9,4,1,1,1,0,0,11.4,0
PAI-04559,Roads,Uttar Pradesh,77.2,79.2,55,36,59.2,57.1,16,1,1,0,0,0,-4.8,1
PAI-04560,Industrial Corridors,Madhya Pradesh,111.9,119.3,73,70,92.1,88.6,19,1,1,0,0,0,3.7,1
PAI-04561,Urban Transit,Madhya Pradesh,237.8,242.2,48,53,100.0,100.0,13,1,0,0,0,0,5.7,1
PAI-04562,Airports,Maharashtra,419.1,440.5,24,10,38.5,32.9,4,0,0,0,1,0,3.1,0
PAI-04563,Water & Sanitation,Bihar,459.1,473.2,43,47,100.0,100.0,13,1,0,0,0,0,-1.8,0
PAI-04564,Railways,Rajasthan,382.3,405.8,63,43,64.2,79.4,14,3,0,0,0,0,7.0,0
PAI-04565,Power,Bihar,294.6,306.8,15,6,48.1,53.2,5,2,0,0,0,0,10.3,0
PAI-04566,Industrial Corridors,Rajasthan,477.6,489.9,36,84,98.7,96.1,6,0,0,0,0,0,-3.8,0
PAI-04567,Urban Transit,Madhya Pradesh,267.9,272.3,50,33,54.0,52.3,14,0,0,0,1,0,2.9,0
PAI-04568,Urban Transit,Telangana,457.2,518.6,41,56,91.3,90.1,10,1,1,1,0,0,6.4,1
PAI-04569,Power,Jharkhand,372.5,409.0,28,41,100.0,100.0,9,1,1,0,0,0,-1.6,1
PAI-04570,Water & Sanitation,Jharkhand,419.4,445.5,47,77,90.8,100.0,19,1,0,0,0,1,4.2,0
PAI-04571,Railways,Bihar,204.9,207.8,12,50,90.5,100.0,5,0,0,1,0,0,-3.8,0
PAI-04572,Water & Sanitation,Odisha,1488.2,1518.9,35,11,19.1,25.0,8,1,0,0,0,0,3.0,0
PAI-04573,Water & Sanitation,Odisha,247.7,269.4,12,9,77.9,78.2,4,1,0,1,1,0,7.8,1
PAI-04574,Power,Maharashtra,466.2,495.5,35,49,95.8,86.0,5,2,0,1,0,0,4.3,0
PAI-04575,Railways,Tamil Nadu,62.1,63.1,69,10,17.1,13.8,21,0,1,0,1,0,-7.5,0
PAI-04576,Urban Transit,Tamil Nadu,568.8,578.7,80,47,64.5,51.7,20,0,0,0,0,0,-2.8,0
PAI-04577,Roads,West Bengal,200.1,212.0,40,25,69.4,80.1,12,3,0,1,0,0,0.4,1
PAI-04578,Roads,Gujarat,572.1,608.0,69,13,24.1,13.4,18,0,0,0,0,1,-3.7,0
PAI-04579,Urban Transit,Maharashtra,1378.6,1412.0,50,15,28.9,32.9,12,0,0,0,0,1,-9.4,0
PAI-04580,Power,Bihar,254.5,273.9,46,24,61.4,65.0,15,3,0,0,1,0,11.4,0
PAI-04581,Ports,Madhya Pradesh,155.9,183.0,41,52,94.1,100.0,12,2,1,0,1,0,9.8,1
PAI-04582,Urban Transit,Uttar Pradesh,303.3,317.1,45,59,96.3,98.6,14,0,1,0,0,0,-7.2,1
PAI-04583,Urban Transit,Madhya Pradesh,100.9,104.9,43,71,93.4,97.8,11,0,0,1,0,0,-0.0,0
PAI-04584,Urban Transit,Madhya Pradesh,238.2,244.2,35,48,97.3,100.0,7,0,1,0,0,0,-0.7,1
PAI-04585,Roads,Jharkhand,194.2,201.2,46,56,94.1,88.4,11,0,1,0,0,0,-3.1,1
PAI-04586,Ports,Andhra Pradesh,618.3,680.5,36,25,60.3,66.5,8,1,1,1,0,0,0.2,1
PAI-04587,Water & Sanitation,Gujarat,595.2,610.5,49,9,27.1,37.7,12,1,0,0,0,0,-3.9,1
PAI-04588,Airports,West Bengal,377.6,388.9,27,75,100.0,100.0,8,1,0,1,0,0,0.6,0
PAI-04589,Water & Sanitation,Bihar,180.4,187.8,28,33,100.0,94.2,9,1,0,0,0,0,-2.4,0
PAI-04590,Roads,Andhra Pradesh,348.0,404.8,71,57,83.3,95.8,18,2,1,1,0,0,5.2,1
PAI-04591,Water & Sanitation,Maharashtra,38.2,43.7,41,56,100.0,79.9,12,1,0,0,1,0,3.1,0
PAI-04592,Roads,Andhra Pradesh,243.3,249.0,55,17,25.0,14.2,15,1,0,0,0,0,3.0,0
PAI-04593,Roads,Maharashtra,518.4,543.0,41,12,18.3,26.1,14,0,0,0,0,0,-2.1,0
PAI-04594,Water & Sanitation,Odisha,194.5,200.9,57,32,65.7,57.8,13,0,0,0,0,0,-1.0,0
PAI-04595,Power,Kerala,173.1,174.1,54,48,88.6,97.8,14,1,1,0,0,0,-5.5,0
PAI-04596,Urban Transit,Bihar,393.1,423.3,45,69,100.0,100.0,11,4,0,0,0,0,15.2,1
PAI-04597,Railways,Kerala,391.2,412.1,12,56,92.3,80.4,4,1,0,1,0,0,5.6,0
PAI-04598,Roads,Odisha,439.5,490.6,44,8,10.4,0.0,12,2,1,0,0,0,1.3,0
PAI-04599,Urban Transit,Maharashtra,1187.6,1252.4,50,28,53.8,31.6,14,0,0,1,0,0,-3.1,0
PAI-04600,Ports,Maharashtra,439.8,482.0,50,35,53.2,56.5,10,0,1,0,0,0,1.0,0
PAI-04601,Railways,Haryana,1527.7,1714.0,46,52,88.4,83.4,13,2,1,1,0,0,0.3,0
PAI-04602,Railways,Rajasthan,99.5,106.5,55,52,100.0,97.1,17,0,1,0,0,0,-5.7,0
PAI-04603,Urban Transit,Madhya Pradesh,584.3,657.6,58,81,97.6,90.5,14,1,1,0,0,0,7.7,1
PAI-04604,Urban Transit,Andhra Pradesh,79.7,82.3,52,26,51.3,53.6,14,0,0,0,0,0,0.1,0
PAI-04605,Railways,Uttar Pradesh,58.4,61.7,35,48,98.3,100.0,13,1,1,0,0,0,8.2,0
PAI-04606,Power,West Bengal,114.6,118.3,37,32,88.5,73.9,9,1,0,0,0,0,11.5,1
PAI-04607,Power,Kerala,75.4,80.2,42,55,100.0,100.0,12,1,1,0,0,0,2.3,0
PAI-04608,Roads,Uttar Pradesh,38.4,39.6,43,78,83.0,83.2,8,0,0,1,0,0,-0.0,1
PAI-04609,Water & Sanitation,Gujarat,230.6,235.2,25,37,87.8,100.0,9,1,1,0,0,0,-6.3,0
PAI-04610,Railways,Rajasthan,38.8,46.6,52,35,85.4,83.9,13,2,1,1,0,1,6.5,1
PAI-04611,Urban Transit,West Bengal,143.7,156.8,61,48,78.5,68.5,11,0,0,1,1,0,4.8,0
PAI-04612,Power,Odisha,142.6,144.8,49,55,91.3,92.6,10,0,0,0,0,1,2.7,1
PAI-04613,Roads,Karnataka,247.5,249.2,32,65,100.0,100.0,9,1,0,0,0,0,-3.7,0
PAI-04614,Urban Transit,Maharashtra,513.8,526.0,55,52,100.0,100.0,14,2,0,0,0,0,-0.8,0
PAI-04615,Urban Transit,Karnataka,149.8,174.0,58,69,98.9,95.9,13,2,0,0,1,1,9.4,1
PAI-04616,Railways,Uttar Pradesh,344.0,350.3,20,31,90.1,100.0,6,0,0,0,0,0,-2.8,0
PAI-04617,Urban Transit,Andhra Pradesh,73.6,74.8,13,36,92.3,90.1,7,0,0,0,0,0,-2.1,0
PAI-04618,Airports,Andhra Pradesh,156.9,163.3,29,45,94.4,100.0,9,0,0,0,0,0,-2.2,1
PAI-04619,Water & Sanitation,Andhra Pradesh,314.0,323.6,53,33,64.0,64.7,11,2,0,0,0,0,0.4,0
PAI-04620,Urban Transit,Andhra Pradesh,138.5,154.0,28,8,23.6,7.9,7,3,0,1,0,0,8.8,0
PAI-04621,Railways,Andhra Pradesh,119.2,122.7,33,32,94.6,100.0,10,0,0,0,0,0,1.2,0
PAI-04622,Industrial Corridors,Kerala,741.0,785.0,20,67,90.7,93.5,4,0,1,0,0,0,3.4,0
PAI-04623,Roads,Haryana,255.3,258.8,58,42,80.6,83.4,15,2,0,0,0,0,3.9,0
PAI-04624,Roads,Tamil Nadu,657.1,717.9,12,36,100.0,100.0,4,1,1,0,0,0,6.2,0
PAI-04625,Water & Sanitation,Jharkhand,475.8,477.4,45,40,93.3,92.5,14,1,0,0,0,0,-0.1,0
PAI-04626,Railways,Tamil Nadu,112.3,122.7,53,66,75.4,68.6,12,1,0,0,1,0,6.9,1
PAI-04627,Roads,Madhya Pradesh,216.4,225.3,12,10,72.2,79.0,4,1,1,0,0,0,3.8,1
PAI-04628,Railways,Karnataka,549.9,570.0,33,53,92.5,99.6,8,0,0,0,0,0,-2.6,0
PAI-04629,Water & Sanitation,Bihar,520.0,525.0,43,8,13.0,17.1,13,0,0,0,0,0,-10.7,0
PAI-04630,Roads,Andhra Pradesh,26.6,29.0,12,40,100.0,94.5,4,2,1,0,0,0,6.8,0
PAI-04631,Industrial Corridors,Maharashtra,99.6,101.9,40,59,92.9,90.0,9,1,0,0,0,0,7.6,1
PAI-04632,Power,Haryana,395.7,460.2,19,84,100.0,98.8,4,3,1,0,1,0,14.5,1
PAI-04633,Railways,Telangana,542.7,558.5,41,16,34.5,52.9,5,0,0,1,0,0,0.8,0
PAI-04634,Roads,Tamil Nadu,595.2,651.8,39,70,92.5,91.9,8,1,1,1,0,0,2.5,0
PAI-04635,Water & Sanitation,Bihar,600.6,630.3,22,37,92.4,100.0,7,1,0,0,0,1,-0.9,0
PAI-04636,Railways,Tamil Nadu,151.2,153.2,26,47,97.9,93.6,9,0,1,0,0,0,-8.1,0
PAI-04637,Roads,Uttar Pradesh,244.5,248.0,79,14,18.6,22.0,17,0,0,0,0,0,-0.8,0
PAI-04638,Power,Rajasthan,98.9,102.1,39,15,46.0,64.7,10,1,0,0,0,0,1.3,0
PAI-04639,Water & Sanitation,Tamil Nadu,1274.7,1324.3,14,31,94.8,86.7,4,2,0,0,0,0,9.4,0
PAI-04640,Roads,Maharashtra,177.5,187.7,49,37,70.4,81.1,10,1,1,0,0,0,4.3,1
PAI-04641,Urban Transit,Bihar,211.4,216.7,53,22,32.3,32.5,14,0,0,0,0,0,-3.4,0
PAI-04642,Power,Kerala,1046.8,1119.6,47,61,100.0,100.0,11,2,1,0,0,0,8.5,1
PAI-04643,Urban Transit,Jharkhand,71.5,80.0,36,43,100.0,100.0,9,3,0,0,0,1,16.8,1
PAI-04644,Airports,Odisha,1050.7,1072.4,48,49,92.8,93.7,13,0,0,0,0,0,1.1,1
PAI-04645,Railways,Jharkhand,429.6,505.8,25,68,100.0,100.0,4,2,0,1,0,1,9.1,1
PAI-04646,Roads,Jharkhand,380.9,392.0,64,10,18.7,5.0,18,1,0,0,0,0,-7.3,0
PAI-04647,Urban Transit,Telangana,136.0,146.3,54,16,48.0,53.2,15,1,0,0,1,0,8.2,1
PAI-04648,Railways,Rajasthan,215.6,223.6,23,43,97.9,100.0,5,1,0,0,0,0,-0.0,0
PAI-04649,Power,Jharkhand,30.4,32.1,66,10,4.8,0.0,17,0,0,0,0,0,-4.6,0
PAI-04650,Water & Sanitation,Andhra Pradesh,231.2,234.3,41,76,99.5,93.9,12,0,0,0,0,0,2.2,0
PAI-04651,Airports,Telangana,107.2,107.2,44,11,24.2,22.3,11,1,0,0,0,0,9.0,0
PAI-04652,Airports,Kerala,263.6,271.4,36,50,100.0,100.0,8,0,0,0,0,0,7.0,0
PAI-04653,Roads,Telangana,257.9,263.9,27,60,98.7,100.0,8,0,1,0,0,0,4.4,1
PAI-04654,Railways,Gujarat,3143.7,3595.1,26,12,50.8,58.2,4,3,1,0,0,0,10.4,1
PAI-04655,Urban Transit,Bihar,322.6,330.1,31,12,38.0,43.8,7,0,0,0,0,0,2.0,0
PAI-04656,Roads,Karnataka,227.5,231.4,30,16,45.7,39.8,4,2,0,0,0,0,-1.7,0
PAI-04657,Urban Transit,Odisha,416.6,437.6,32,82,98.0,94.0,8,0,0,0,0,1,1.5,1
PAI-04658,Urban Transit,Andhra Pradesh,237.2,244.5,43,61,83.4,84.2,8,0,0,0,0,0,-7.9,0
PAI-04659,Urban Transit,Karnataka,74.8,77.9,35,58,95.3,86.5,9,0,0,0,0,0,3.1,0
PAI-04660,Urban Transit,Bihar,76.1,77.2,35,62,97.7,96.3,7,1,0,1,0,0,4.4,0
PAI-04661,Urban Transit,Jharkhand,261.1,267.9,38,81,99.1,100.0,4,1,0,0,0,0,-1.5,1
PAI-04662,Urban Transit,Gujarat,213.9,235.2,31,61,100.0,100.0,7,1,0,0,1,0,5.6,1
PAI-04663,Ports,Madhya Pradesh,165.6,177.2,62,73,81.9,83.4,13,0,1,0,0,0,-4.6,1
PAI-04664,Roads,Andhra Pradesh,102.1,105.0,46,27,63.8,74.7,10,0,0,0,0,1,-4.9,1
PAI-04665,Water & Sanitation,Maharashtra,383.7,419.7,46,76,100.0,97.8,12,2,0,0,0,1,8.6,1
PAI-04666,Railways,Jharkhand,683.0,738.3,49,45,98.3,100.0,13,1,1,0,0,0,8.8,1
PAI-04667,Power,Kerala,53.4,56.2,30,64,84.9,70.4,10,0,0,0,0,0,2.5,0
PAI-04668,Ports,Madhya Pradesh,598.3,637.5,53,54,95.7,91.0,13,1,1,0,0,0,-8.2,0
PAI-04669,Railways,Tamil Nadu,93.7,97.9,32,6,18.5,31.6,5,1,0,0,0,0,2.5,1
PAI-04670,Railways,Tamil Nadu,160.8,162.0,65,47,73.6,82.9,15,1,0,0,0,0,7.0,0
PAI-04671,Water & Sanitation,Jharkhand,140.3,158.7,45,56,100.0,92.1,10,2,1,0,0,1,1.1,1
PAI-04672,Roads,Jharkhand,132.3,136.8,38,31,80.3,79.3,10,2,0,0,0,0,11.6,1
PAI-04673,Water & Sanitation,Tamil Nadu,494.6,509.0,50,40,93.1,98.1,12,1,0,0,0,0,4.9,1
PAI-04674,Railways,Odisha,166.0,168.0,29,50,90.6,92.4,7,0,0,0,0,0,5.0,0
PAI-04675,Water & Sanitation,Odisha,401.5,401.5,27,39,93.4,84.3,9,1,0,0,0,0,2.3,1
PAI-04676,Roads,Madhya Pradesh,2065.3,2104.4,39,13,37.2,18.2,7,1,0,0,0,0,-0.7,1
PAI-04677,Power,Rajasthan,674.0,702.4,34,59,85.6,86.4,10,0,0,0,0,0,0.4,0
PAI-04678,Industrial Corridors,Kerala,1055.6,1188.0,64,80,99.6,100.0,17,1,1,1,0,0,5.3,1
PAI-04679,Water & Sanitation,Jharkhand,119.1,123.4,38,60,92.9,99.5,10,1,0,0,0,0,4.2,0
PAI-04680,Water & Sanitation,Maharashtra,357.8,376.0,68,30,39.6,41.9,16,1,0,0,0,0,4.3,0
PAI-04681,Roads,Odisha,185.4,204.4,20,82,85.9,92.3,5,1,1,0,0,0,5.7,1
PAI-04682,Airports,Telangana,435.6,435.6,12,41,100.0,100.0,4,0,0,0,0,0,-5.1,1
PAI-04683,Railways,Odisha,115.8,124.0,34,72,92.0,96.2,8,0,0,1,0,1,-0.8,0
PAI-04684,Urban Transit,Madhya Pradesh,120.9,128.4,47,11,11.7,2.1,11,0,1,0,0,0,7.2,0
PAI-04685,Water & Sanitation,Andhra Pradesh,1207.7,1307.5,41,12,28.5,40.8,10,2,0,0,0,0,6.3,1
PAI-04686,Industrial Corridors,Madhya Pradesh,605.7,627.9,47,26,58.1,54.4,14,0,0,1,0,0,-3.0,0
PAI-04687,Railways,Andhra Pradesh,51.9,55.4,29,25,72.1,71.7,6,1,0,1,0,1,0.4,1
PAI-04688,Industrial Corridors,Maharashtra,144.3,145.9,32,17,34.5,31.3,9,0,0,0,0,0,-4.8,0
PAI-04689,Railways,Haryana,694.7,705.3,31,69,100.0,100.0,10,0,0,0,0,0,2.3,0
PAI-04690,Railways,Uttar Pradesh,598.0,615.9,41,35,80.2,58.2,9,0,0,0,0,0,2.7,0
PAI-04691,Power,Haryana,221.7,259.5,47,10,31.2,39.3,8,5,0,0,1,0,13.8,1
PAI-04692,Railways,Gujarat,594.3,634.0,22,62,100.0,95.9,7,0,1,0,0,0,1.5,0
PAI-04693,Power,Telangana,194.2,197.1,32,74,91.8,86.1,12,0,1,0,0,0,-6.6,1
PAI-04694,Water & Sanitation,Kerala,185.4,192.2,40,60,100.0,93.1,9,0,0,0,0,0,-7.0,0
PAI-04695,Railways,Jharkhand,842.8,864.3,67,77,87.4,94.5,17,0,0,0,0,0,-1.4,0
PAI-04696,Water & Sanitation,Andhra Pradesh,209.5,228.4,49,58,100.0,100.0,12,2,1,0,0,0,2.2,1
PAI-04697,Power,Kerala,405.6,420.5,80,47,66.2,68.8,21,1,0,0,1,0,4.2,0
PAI-04698,Ports,Jharkhand,281.0,297.2,14,56,94.0,87.0,6,0,1,0,0,0,3.2,0
PAI-04699,Railways,Andhra Pradesh,81.9,92.1,46,67,100.0,97.1,13,2,1,1,0,0,6.4,1
PAI-04700,Airports,Odisha,311.1,312.5,24,83,100.0,84.7,5,1,0,0,0,0,3.7,0
PAI-04701,Urban Transit,Maharashtra,382.6,392.1,67,63,86.5,81.9,16,0,0,0,0,0,-11.3,1
PAI-04702,Water & Sanitation,Jharkhand,322.9,345.9,90,83,90.2,93.8,22,0,1,0,0,0,-10.7,0
PAI-04703,Railways,Uttar Pradesh,335.7,359.8,30,71,100.0,100.0,6,0,0,1,0,1,4.0,1
PAI-04704,Roads,Jharkhand,82.6,87.9,32,20,63.0,57.1,6,1,1,0,0,0,6.1,1
PAI-04705,Urban Transit,Bihar,453.1,499.7,37,64,100.0,100.0,7,1,1,0,0,0,4.3,0
PAI-04706,Railways,Telangana,439.3,467.9,26,11,44.8,43.8,6,1,0,1,0,0,-1.1,0
PAI-04707,Water & Sanitation,Maharashtra,309.7,322.8,56,69,100.0,100.0,16,0,1,0,0,0,-4.4,1
PAI-04708,Railways,Jharkhand,258.3,302.7,62,26,34.4,39.9,17,3,1,0,0,1,1.6,1
PAI-04709,Power,Kerala,322.3,332.1,31,9,30.7,38.3,7,1,0,0,0,0,-5.0,0
PAI-04710,Ports,Kerala,52.5,54.1,58,56,94.9,85.8,12,0,1,0,0,0,-3.9,0
PAI-04711,Power,West Bengal,358.1,376.6,44,45,92.3,100.0,9,1,0,0,1,0,2.1,0
PAI-04712,Airports,Madhya Pradesh,509.1,542.8,20,18,80.6,80.5,8,0,0,1,0,1,4.5,1
PAI-04713,Roads,Tamil Nadu,222.1,235.1,43,6,15.5,24.3,10,0,1,0,0,0,-8.8,0
PAI-04714,Railways,Kerala,386.6,396.1,75,13,18.9,21.8,17,0,0,0,0,0,0.1,0
PAI-04715,Railways,Madhya Pradesh,510.0,546.4,57,12,14.5,20.7,19,1,1,0,0,0,-1.8,1
PAI-04716,Railways,Kerala,270.2,285.3,43,51,96.5,91.3,9,1,1,0,0,0,-2.0,0
PAI-04717,Railways,Rajasthan,175.6,190.2,31,14,54.9,47.7,7,3,0,0,0,0,5.1,1
PAI-04718,Airports,Andhra Pradesh,507.1,542.4,69,24,32.4,20.9,15,1,0,0,0,1,2.3,0
PAI-04719,Railways,Andhra Pradesh,108.2,111.7,27,46,100.0,100.0,4,0,0,0,0,0,-7.9,0
PAI-04720,Industrial Corridors,Odisha,106.8,114.5,48,7,8.7,0.6,12,2,1,0,0,0,3.9,1
PAI-04721,Roads,Bihar,175.3,185.2,35,29,87.1,89.6,7,0,1,0,0,0,6.3,0
PAI-04722,Urban Transit,Madhya Pradesh,181.7,188.6,26,64,100.0,100.0,4,0,0,0,1,0,-0.1,0
PAI-04723,Water & Sanitation,Maharashtra,433.4,434.7,53,52,93.9,96.4,15,0,0,0,0,0,-1.1,0
PAI-04724,Power,Rajasthan,366.5,413.5,48,62,81.6,83.8,10,1,0,1,0,1,9.9,1
PAI-04725,Roads,Madhya Pradesh,447.4,491.7,42,71,96.9,100.0,7,2,0,1,0,0,8.6,1
PAI-04726,Railways,Uttar Pradesh,126.7,130.6,62,35,44.5,57.6,17,2,0,0,0,0,0.4,1
PAI-04727,Ports,Madhya Pradesh,243.9,248.1,37,84,96.3,97.2,11,1,0,0,0,0,8.6,0
PAI-04728,Water & Sanitation,Kerala,57.0,57.8,38,15,31.2,28.4,12,1,0,0,0,0,0.4,0
PAI-04729,Ports,Haryana,416.2,431.0,74,54,62.0,62.0,17,1,1,0,0,0,-2.7,1
PAI-04730,Industrial Corridors,Odisha,146.1,160.4,37,15,42.0,44.3,9,1,1,0,0,0,4.6,1
PAI-04731,Ports,Haryana,624.0,719.8,46,74,90.6,97.7,9,0,1,1,1,0,4.1,1
PAI-04732,Urban Transit,Odisha,217.8,222.9,59,6,17.4,22.0,16,0,0,0,0,0,-9.3,0
PAI-04733,Railways,Rajasthan,386.7,404.1,48,39,96.3,93.3,9,3,0,0,0,0,11.9,0
PAI-04734,Ports,Kerala,255.7,268.1,33,39,95.4,100.0,6,2,0,0,0,1,1.2,0
PAI-04735,Urban Transit,Maharashtra,74.6,78.1,14,34,82.1,82.0,5,0,1,0,0,0,-2.4,0
PAI-04736,Water & Sanitation,Andhra Pradesh,1146.0,1152.2,29,51,97.0,100.0,9,2,0,0,0,0,-1.9,0
PAI-04737,Urban Transit,Madhya Pradesh,381.3,386.9,32,51,100.0,98.2,5,0,1,0,0,0,1.5,0
PAI-04738,Industrial Corridors,Telangana,2588.9,2644.2,27,24,90.6,100.0,7,0,0,0,0,0,-8.1,0
PAI-04739,Roads,Madhya Pradesh,333.5,385.8,47,26,61.3,65.0,10,3,0,0,0,1,12.8,1
PAI-04740,Railways,Haryana,1109.3,1204.9,25,66,100.0,96.4,7,2,0,0,1,0,-1.9,1
PAI-04741,Roads,Maharashtra,1145.6,1160.4,60,17,39.4,38.0,15,1,1,0,0,0,-2.0,0
PAI-04742,Water & Sanitation,Odisha,343.6,360.4,24,20,86.2,87.4,6,2,0,0,0,1,0.2,0
PAI-04743,Railways,Madhya Pradesh,467.1,551.0,34,15,55.8,41.7,7,3,1,0,0,1,10.2,1
PAI-04744,Urban Transit,West Bengal,78.6,83.4,30,9,24.2,16.8,7,2,0,0,0,0,8.6,0
PAI-04745,Urban Transit,Karnataka,202.5,218.1,41,71,83.9,71.0,9,1,0,0,1,0,2.4,0
PAI-04746,Roads,Maharashtra,142.5,147.4,42,41,86.1,97.2,11,1,0,0,0,1,-2.1,0
PAI-04747,Roads,Kerala,1068.0,1122.6,25,71,90.7,90.6,6,1,0,0,0,0,8.1,0
PAI-04748,Ports,Maharashtra,211.8,218.9,35,66,98.2,81.7,12,1,0,0,0,1,0.9,0
PAI-04749,Industrial Corridors,Rajasthan,142.8,158.5,39,53,99.5,100.0,9,2,1,0,0,0,11.8,1
PAI-04750,Ports,Jharkhand,131.7,136.9,62,57,82.5,75.5,13,0,0,0,0,0,-0.8,0
PAI-04751,Water & Sanitation,Tamil Nadu,485.8,502.1,40,38,82.2,89.9,8,0,0,0,0,0,-6.7,0
PAI-04752,Railways,Gujarat,583.3,618.7,45,50,96.4,98.0,12,0,0,1,0,0,1.4,0
PAI-04753,Urban Transit,Haryana,239.1,264.3,54,74,90.2,93.5,14,1,1,0,0,0,5.5,1
PAI-04754,Urban Transit,Bihar,27.2,27.2,34,84,100.0,80.3,7,0,0,0,0,0,1.6,0
PAI-04755,Urban Transit,Kerala,261.1,269.4,49,52,90.1,84.8,15,0,1,0,0,0,-3.1,0
PAI-04756,Railways,Rajasthan,982.6,999.8,82,28,36.3,32.8,21,0,1,0,0,0,-1.1,0
PAI-04757,Power,Gujarat,76.3,82.1,36,46,100.0,100.0,10,1,1,0,0,0,6.4,1
PAI-04758,Roads,Uttar Pradesh,195.2,201.3,25,13,55.3,54.0,7,2,0,0,0,0,4.2,1
PAI-04759,Urban Transit,Odisha,532.2,551.4,57,14,21.5,4.4,14,2,0,0,0,0,7.6,0
PAI-04760,Power,Gujarat,1460.5,1513.6,44,66,98.2,97.3,11,3,0,0,0,0,10.0,0
PAI-04761,Railways,Odisha,506.3,550.8,43,56,80.8,87.1,11,1,1,0,1,0,6.1,1
PAI-04762,Urban Transit,Bihar,98.1,108.7,56,59,96.5,82.5,11,1,1,0,1,0,3.4,1
PAI-04763,Urban Transit,Telangana,397.7,418.9,28,74,82.4,73.0,7,0,0,0,0,0,2.3,0
PAI-04764,Industrial Corridors,Uttar Pradesh,72.1,80.3,61,74,90.9,74.7,16,1,1,1,0,0,0.2,1
PAI-04765,Ports,Maharashtra,288.4,302.5,22,68,93.6,83.8,6,0,0,0,0,1,2.2,0
PAI-04766,Industrial Corridors,Karnataka,554.8,558.0,46,36,72.3,64.1,12,1,0,0,0,0,8.0,0
PAI-04767,Industrial Corridors,Odisha,727.9,732.1,53,18,24.9,19.2,16,1,0,0,0,0,3.7,0
PAI-04768,Railways,Maharashtra,141.5,144.4,33,39,100.0,100.0,8,0,0,0,0,1,-8.3,0
PAI-04769,Ports,Tamil Nadu,239.3,247.8,28,84,89.3,95.5,7,1,1,0,0,0,0.7,1
PAI-04770,Industrial Corridors,Rajasthan,699.8,785.7,62,57,97.4,100.0,16,2,1,1,0,0,5.7,1
PAI-04771,Urban Transit,Jharkhand,955.6,979.4,43,41,96.5,100.0,10,2,0,0,0,0,4.3,0
PAI-04772,Power,Rajasthan,123.7,126.6,49,23,50.6,53.5,13,1,0,0,0,0,9.3,0
PAI-04773,Airports,Gujarat,161.0,170.7,43,75,100.0,100.0,12,4,0,1,0,0,7.4,1
PAI-04774,Power,Haryana,98.3,107.1,28,10,28.5,20.6,6,3,0,0,0,0,10.6,1
PAI-04775,Power,Tamil Nadu,2600.0,2698.4,63,22,35.5,29.8,17,1,0,0,0,0,1.2,0
PAI-04776,Water & Sanitation,West Bengal,260.7,262.0,43,21,48.9,44.3,12,1,0,0,0,0,0.3,0
PAI-04777,Water & Sanitation,Uttar Pradesh,100.9,108.0,24,63,100.0,100.0,6,0,0,0,1,0,10.8,0
PAI-04778,Railways,Madhya Pradesh,197.6,198.6,43,67,98.5,96.2,13,1,0,1,0,0,2.9,0
PAI-04779,Urban Transit,Odisha,99.2,102.7,19,81,100.0,83.1,4,0,0,0,0,0,-5.2,0
PAI-04780,Ports,Andhra Pradesh,190.9,198.7,32,77,100.0,95.2,7,0,1,0,0,0,-5.4,1
PAI-04781,Industrial Corridors,Haryana,1087.4,1102.4,44,37,74.6,65.3,16,1,0,0,0,0,6.7,0
PAI-04782,Industrial Corridors,Andhra Pradesh,161.3,167.6,66,7,13.1,9.7,13,0,1,0,0,0,-3.7,0
PAI-04783,Roads,Jharkhand,1271.6,1305.7,51,45,78.8,71.1,13,1,0,1,0,0,2.0,1
PAI-04784,Ports,Kerala,229.0,235.9,45,23,51.8,33.0,13,0,0,1,0,1,-0.4,0
PAI-04785,Roads,Kerala,160.5,172.7,36,58,94.8,100.0,7,1,0,1,0,0,4.5,0
PAI-04786,Industrial Corridors,Bihar,179.7,187.2,37,26,61.4,52.8,11,1,1,0,0,0,-2.4,1
PAI-04787,Railways,Telangana,161.0,164.8,32,17,61.2,68.2,6,1,0,1,0,0,2.1,0
PAI-04788,Urban Transit,Jharkhand,235.5,240.1,53,78,99.9,92.5,13,1,0,0,0,0,3.3,0
PAI-04789,Roads,Karnataka,217.0,245.7,59,53,89.3,86.5,15,3,1,0,0,0,6.2,1
PAI-04790,Urban Transit,Andhra Pradesh,425.6,435.3,56,21,37.1,39.4,14,1,0,0,0,0,1.6,0
PAI-04791,Ports,Tamil Nadu,965.7,976.3,52,10,24.0,17.2,13,1,0,0,0,0,-1.8,0
PAI-04792,Power,Odisha,283.8,297.6,27,7,25.3,20.5,5,2,0,0,0,0,4.6,0
PAI-04793,Water & Sanitation,Jharkhand,157.5,160.4,24,34,100.0,100.0,6,1,0,0,0,0,5.8,0
PAI-04794,Railways,West Bengal,143.2,166.4,58,57,94.2,76.4,13,0,1,0,1,0,1.0,1
PAI-04795,Water & Sanitation,Karnataka,92.8,95.2,42,52,100.0,100.0,6,2,0,0,0,0,3.4,0
PAI-04796,Urban Transit,Madhya Pradesh,45.6,47.9,19,55,100.0,100.0,5,0,1,0,0,0,-2.9,0
PAI-04797,Railways,Jharkhand,145.6,158.0,31,73,100.0,95.2,9,0,0,0,0,1,7.7,0
PAI-04798,Railways,Odisha,391.4,448.4,16,80,95.3,96.8,6,1,1,1,1,0,-3.0,0
PAI-04799,Water & Sanitation,Gujarat,396.5,426.6,24,73,100.0,100.0,4,0,1,0,1,0,1.3,0
PAI-04800,Power,Rajasthan,109.0,113.3,66,56,88.8,92.3,17,0,0,0,0,0,2.3,0
PAI-04801,Airports,Maharashtra,84.5,87.0,48,60,89.0,88.3,14,0,0,0,0,0,4.2,0
PAI-04802,Water & Sanitation,Odisha,90.4,95.0,17,33,100.0,100.0,8,0,0,0,0,1,-2.9,1
PAI-04803,Railways,Gujarat,141.8,158.6,44,79,90.8,93.3,10,0,1,0,1,0,-2.4,1
PAI-04804,Airports,Telangana,242.3,249.7,12,38,100.0,92.9,4,0,0,0,0,0,6.1,0
PAI-04805,Railways,Haryana,36.4,41.8,63,45,54.9,51.6,14,0,1,1,1,0,-2.9,0
PAI-04806,Water & Sanitation,Maharashtra,114.3,117.8,33,21,61.3,56.8,7,0,0,0,0,0,-3.0,0
PAI-04807,Railways,Jharkhand,260.5,285.4,35,14,58.1,55.0,8,2,0,0,0,0,18.0,0
PAI-04808,Urban Transit,Gujarat,257.7,257.7,42,51,99.4,99.3,9,0,0,0,0,0,-2.4,0
PAI-04809,Urban Transit,Kerala,271.6,277.2,37,29,81.0,75.1,10,1,0,0,0,0,7.6,1
PAI-04810,Railways,West Bengal,144.9,149.1,80,31,43.8,48.8,20,1,0,0,0,1,-0.8,0
PAI-04811,Water & Sanitation,Rajasthan,108.7,112.5,23,40,100.0,100.0,4,0,0,0,0,0,4.4,0
PAI-04812,Airports,West Bengal,50.5,51.7,47,60,100.0,100.0,11,1,0,0,0,0,-1.3,1
PAI-04813,Airports,Uttar Pradesh,472.0,487.4,40,56,87.4,76.5,12,1,0,0,0,0,2.3,1
PAI-04814,Roads,Telangana,449.8,456.3,47,77,100.0,100.0,9,1,0,0,0,0,9.4,1
PAI-04815,Industrial Corridors,Odisha,203.2,228.9,29,76,92.6,95.4,6,2,1,0,1,0,3.5,1
PAI-04816,Roads,Madhya Pradesh,238.6,256.3,41,29,83.4,83.5,9,2,0,0,0,1,2.9,1
PAI-04817,Water & Sanitation,Kerala,161.6,166.5,78,32,44.6,49.2,18,0,0,0,0,0,-2.7,0
PAI-04818,Urban Transit,Tamil Nadu,151.4,153.9,52,82,99.3,100.0,10,0,1,0,0,0,-0.7,0
PAI-04819,Railways,Madhya Pradesh,365.9,410.2,47,38,72.5,54.3,11,1,0,0,0,0,6.9,1
PAI-04820,Roads,Maharashtra,221.4,225.5,21,7,30.1,25.1,7,1,0,0,0,0,-3.3,1
PAI-04821,Roads,Bihar,354.2,381.0,50,29,54.2,52.7,13,1,0,1,0,1,3.5,0
PAI-04822,Roads,Odisha,226.9,226.9,28,29,95.7,100.0,7,0,1,0,0,0,-3.6,0
PAI-04823,Urban Transit,Kerala,267.9,274.0,24,19,71.3,66.1,8,0,0,0,0,0,4.3,0
PAI-04824,Airports,Maharashtra,253.2,278.2,39,14,46.5,54.4,11,3,0,0,0,0,9.8,1
PAI-04825,Water & Sanitation,Gujarat,574.4,576.2,37,7,21.4,12.5,9,0,0,0,0,0,-7.4,1
PAI-04826,Water & Sanitation,Karnataka,489.3,509.1,38,48,99.0,100.0,8,0,0,0,0,0,-5.5,1
PAI-04827,Ports,Andhra Pradesh,1790.2,1844.3,39,72,100.0,100.0,11,0,1,0,0,0,-6.0,0
PAI-04828,Airports,Andhra Pradesh,190.8,197.8,47,27,84.0,87.6,10,2,0,0,0,0,5.4,0
PAI-04829,Power,West Bengal,1440.7,1471.4,47,37,81.9,75.2,14,0,0,0,0,0,0.9,0
PAI-04830,Roads,Andhra Pradesh,156.0,163.1,27,67,98.7,79.8,7,0,1,0,0,0,-2.0,1
PAI-04831,Power,Uttar Pradesh,259.4,292.3,56,20,37.4,34.1,14,5,0,0,0,0,6.1,1
PAI-04832,Power,Odisha,447.3,473.2,27,65,92.6,100.0,7,1,0,1,0,1,0.7,0
PAI-04833,Water & Sanitation,Karnataka,96.3,100.1,42,33,75.8,66.0,14,0,0,0,0,0,-3.8,1
PAI-04834,Roads,Gujarat,146.6,159.0,66,17,26.5,25.0,15,1,0,0,0,1,7.1,1
PAI-04835,Roads,Tamil Nadu,115.7,120.5,24,13,46.7,45.6,6,2,0,1,0,0,1.3,0
PAI-04836,Railways,Odisha,524.6,601.4,31,78,90.2,82.3,7,1,1,0,1,0,5.1,1
PAI-04837,Railways,Uttar Pradesh,376.7,414.7,38,55,96.5,93.4,10,0,0,0,1,0,8.2,1
PAI-04838,Urban Transit,West Bengal,312.9,319.4,68,59,95.1,98.0,18,1,0,0,0,0,1.4,0
PAI-04839,Railways,Bihar,250.5,251.3,52,82,90.9,87.0,16,1,0,0,0,0,3.7,1
PAI-04840,Railways,Haryana,453.2,550.2,60,41,83.4,93.8,18,5,1,0,1,0,17.0,1
PAI-04841,Roads,Andhra Pradesh,76.8,79.1,46,30,77.1,75.7,13,2,0,0,0,0,-3.5,1
PAI-04842,Urban Transit,Madhya Pradesh,82.1,85.0,23,25,91.5,90.8,4,0,0,0,0,0,-4.9,0
PAI-04843,Roads,Haryana,87.0,98.2,24,20,99.9,100.0,7,4,1,0,0,1,6.2,0
PAI-04844,Railways,Odisha,261.4,295.6,34,26,70.2,70.8,10,1,0,1,0,1,18.5,1
PAI-04845,Power,Odisha,121.8,127.5,48,64,92.9,87.3,11,1,0,0,0,0,5.9,1
PAI-04846,Railways,Gujarat,799.3,884.3,36,81,100.0,95.2,9,1,1,1,0,0,0.9,1
PAI-04847,Urban Transit,Jharkhand,2536.7,2539.4,54,28,50.6,63.9,16,1,0,0,0,0,-7.2,1
PAI-04848,Water & Sanitation,Kerala,266.1,275.1,29,74,100.0,100.0,7,0,0,0,0,0,-4.3,1
PAI-04849,Roads,Kerala,241.0,279.4,60,76,98.7,100.0,14,0,1,0,1,1,3.0,1
PAI-04850,Industrial Corridors,Odisha,209.5,224.4,47,32,76.9,77.9,9,1,1,1,0,0,-7.0,0
PAI-04851,Roads,Maharashtra,154.2,159.7,24,48,98.1,100.0,6,0,0,0,0,0,2.2,0
PAI-04852,Urban Transit,Gujarat,407.5,412.6,46,59,100.0,87.4,11,1,0,0,0,0,0.2,0
PAI-04853,Roads,West Bengal,49.4,53.9,43,45,100.0,91.7,11,2,1,0,0,0,0.3,1
PAI-04854,Railways,Andhra Pradesh,136.8,159.7,42,62,99.0,100.0,13,1,1,1,1,0,9.0,1
PAI-04855,Urban Transit,Odisha,86.4,88.2,76,75,94.0,100.0,20,0,0,0,0,0,2.0,0
PAI-04856,Urban Transit,Kerala,177.1,183.0,37,19,41.2,32.4,9,1,0,0,0,0,2.5,0
PAI-04857,Roads,Karnataka,67.8,76.1,20,31,100.0,100.0,6,2,1,0,0,0,13.2,0
PAI-04858,Railways,Uttar Pradesh,139.0,143.2,68,54,75.8,75.0,17,0,0,1,0,0,3.0,1
PAI-04859,Water & Sanitation,Haryana,715.3,720.1,30,63,98.6,100.0,6,1,0,1,0,0,-1.7,0
PAI-04860,Industrial Corridors,Jharkhand,995.7,1042.1,23,24,84.8,91.2,8,0,0,0,1,0,-4.2,0
PAI-04861,Urban Transit,Andhra Pradesh,197.4,200.4,28,34,93.3,92.4,6,0,0,0,0,0,-0.7,0
PAI-04862,Industrial Corridors,Telangana,361.2,387.1,58,44,75.1,87.4,18,0,1,0,0,0,-5.3,0
PAI-04863,Power,Odisha,83.8,99.0,58,25,59.8,60.5,12,7,0,0,0,0,22.1,1
PAI-04864,Railways,Rajasthan,123.8,141.2,30,52,100.0,100.0,5,2,0,0,1,0,16.8,1
PAI-04865,Water & Sanitation,Madhya Pradesh,47.5,48.9,36,25,79.8,66.9,11,0,0,0,0,0,-0.1,0
PAI-04866,Airports,Kerala,350.9,365.9,40,44,99.6,100.0,11,1,0,0,0,0,1.6,0
PAI-04867,Railways,Andhra Pradesh,1157.6,1209.0,39,72,92.3,91.8,12,1,0,0,0,0,12.4,0
PAI-04868,Urban Transit,Kerala,722.1,734.7,18,73,98.5,100.0,4,1,0,1,0,0,2.1,0
PAI-04869,Power,Jharkhand,253.8,259.7,52,68,98.9,92.0,14,0,0,0,0,0,5.7,0
PAI-04870,Power,Karnataka,230.1,239.6,59,45,80.5,80.9,14,0,0,0,0,1,-5.9,0
PAI-04871,Industrial Corridors,Bihar,246.2,255.2,50,79,97.0,96.7,13,0,1,0,0,0,-11.4,1
PAI-04872,Water & Sanitation,Maharashtra,380.8,420.0,31,55,92.3,81.8,9,0,0,1,0,1,4.2,0
PAI-04873,Roads,Madhya Pradesh,580.0,618.8,53,38,80.1,95.6,14,1,1,0,0,0,-5.8,0
PAI-04874,Ports,Karnataka,78.0,90.3,49,42,89.9,90.9,17,3,1,0,0,1,-0.8,1
PAI-04875,Railways,Odisha,116.1,133.1,37,68,100.0,81.1,13,0,1,0,1,0,0.1,0
PAI-04876,Urban Transit,Karnataka,25.0,26.8,48,77,100.0,95.4,13,0,1,0,0,0,-0.6,0
PAI-04877,Power,Karnataka,130.6,134.6,26,68,100.0,98.0,6,1,0,0,0,0,0.5,0
PAI-04878,Industrial Corridors,Gujarat,600.7,639.1,41,78,86.6,89.7,8,1,1,0,0,0,-5.0,0
PAI-04879,Railways,Haryana,62.3,64.6,12,46,91.2,89.6,4,0,0,0,0,0,0.1,0
PAI-04880,Roads,Uttar Pradesh,325.0,334.1,33,66,93.2,83.7,8,1,1,0,0,0,-3.3,1
PAI-04881,Power,Andhra Pradesh,231.2,258.9,37,81,96.5,96.1,10,0,1,1,0,1,-4.4,1
PAI-04882,Ports,Gujarat,86.2,89.4,19,21,100.0,100.0,6,0,0,0,0,1,-2.7,1
PAI-04883,Industrial Corridors,West Bengal,119.4,125.5,26,35,100.0,100.0,6,1,0,0,0,0,11.1,0
PAI-04884,Water & Sanitation,West Bengal,157.2,171.3,42,19,37.3,34.9,11,2,0,0,1,0,8.9,1
PAI-04885,Roads,Odisha,754.2,759.9,36,46,100.0,100.0,7,2,0,0,0,0,4.3,1
PAI-04886,Industrial Corridors,Rajasthan,328.5,355.7,57,61,97.5,100.0,15,2,1,0,0,0,2.4,0
PAI-04887,Airports,Tamil Nadu,350.8,365.5,19,41,100.0,100.0,4,1,0,1,0,0,0.4,0
PAI-04888,Railways,West Bengal,259.3,263.7,46,41,100.0,98.2,11,0,0,0,0,0,-2.1,0
PAI-04889,Urban Transit,Gujarat,406.4,473.2,36,49,100.0,93.2,10,3,1,0,0,0,12.6,1
PAI-04890,Water & Sanitation,Kerala,295.4,295.4,58,66,98.8,98.9,15,1,1,0,0,0,-2.7,1
PAI-04891,Industrial Corridors,Tamil Nadu,156.8,168.4,44,23,43.6,53.1,8,0,0,0,0,1,6.1,0
PAI-04892,Urban Transit,Gujarat,104.2,105.9,12,34,89.5,88.9,4,0,0,1,0,0,7.5,0
PAI-04893,Water & Sanitation,Odisha,685.0,743.1,42,8,11.7,19.5,9,1,0,0,0,1,10.1,1
PAI-04894,Industrial Corridors,Andhra Pradesh,463.6,483.0,28,45,100.0,100.0,4,1,1,1,0,0,-1.2,1
PAI-04895,Railways,West Bengal,190.4,213.6,35,61,97.3,100.0,12,2,0,1,0,1,7.8,1
PAI-04896,Power,Madhya Pradesh,25.0,25.5,13,82,100.0,100.0,4,0,0,0,0,0,10.8,0
PAI-04897,Airports,Tamil Nadu,132.4,138.9,43,43,98.7,100.0,11,0,0,0,0,1,-5.3,0
PAI-04898,Railways,Bihar,612.3,627.1,44,19,50.5,51.6,11,1,0,0,1,0,2.2,0
PAI-04899,Railways,Madhya Pradesh,458.4,492.2,50,44,84.3,100.0,16,1,0,1,0,0,4.3,1
PAI-04900,Roads,Telangana,471.5,523.7,15,72,89.6,96.8,6,2,1,1,0,0,7.7,0
PAI-04901,Urban Transit,Maharashtra,347.6,347.6,38,33,84.3,93.5,10,0,0,0,0,0,2.2,0
PAI-04902,Railways,Telangana,120.1,124.6,32,64,100.0,98.0,6,1,0,1,0,0,4.7,1
PAI-04903,Railways,Jharkhand,78.1,81.1,25,38,100.0,91.0,5,1,0,0,0,0,4.8,1
PAI-04904,Roads,Haryana,469.2,491.2,57,50,100.0,100.0,13,0,1,0,0,0,-0.9,0
PAI-04905,Urban Transit,Odisha,330.0,339.3,27,43,95.4,85.1,6,0,0,0,0,0,-4.6,0
PAI-04906,Power,Karnataka,221.1,236.3,79,60,69.0,78.6,21,1,1,0,0,0,7.0,0
PAI-04907,Railways,Uttar Pradesh,468.2,471.6,52,47,78.8,89.0,13,1,0,0,0,0,5.0,0
PAI-04908,Railways,Karnataka,228.4,232.2,53,32,58.5,53.8,14,1,0,0,0,0,-4.8,0
PAI-04909,Roads,Kerala,203.0,230.7,57,30,53.3,86.7,15,3,0,0,0,1,7.7,1
PAI-04910,Railways,Telangana,651.5,674.4,26,64,100.0,100.0,8,0,1,0,0,0,4.3,0
PAI-04911,Roads,Madhya Pradesh,659.8,758.1,23,53,100.0,100.0,4,2,1,0,1,0,7.6,1
PAI-04912,Urban Transit,Maharashtra,633.5,633.6,18,18,100.0,97.2,4,0,0,1,0,0,3.0,0
PAI-04913,Urban Transit,Uttar Pradesh,97.7,104.7,68,62,95.2,92.6,18,1,1,0,0,0,-0.2,1
PAI-04914,Roads,West Bengal,214.4,235.2,56,77,100.0,93.7,14,1,1,0,0,0,5.0,0
PAI-04915,Industrial Corridors,Gujarat,115.4,117.8,49,35,73.0,84.7,9,0,0,0,0,0,7.6,0
PAI-04916,Power,Haryana,337.0,386.4,65,61,100.0,79.1,15,0,1,0,1,0,0.4,0
PAI-04917,Urban Transit,Tamil Nadu,148.0,163.3,36,75,84.5,91.6,12,1,1,0,0,0,1.7,0
PAI-04918,Airports,Telangana,212.8,215.5,37,31,79.4,72.4,11,0,0,0,0,0,1.8,0
PAI-04919,Water & Sanitation,Telangana,218.6,224.1,27,51,100.0,90.9,5,1,0,0,0,0,1.8,0
PAI-04920,Roads,Tamil Nadu,264.2,271.3,50,67,96.5,92.2,10,2,0,1,0,0,4.2,0
PAI-04921,Industrial Corridors,Uttar Pradesh,158.4,163.4,19,51,98.6,96.3,4,0,0,0,0,0,0.6,0
PAI-04922,Industrial Corridors,Bihar,179.1,187.5,20,62,96.6,100.0,7,0,1,1,0,0,-0.9,1
PAI-04923,Roads,Karnataka,482.8,487.4,42,62,97.0,100.0,10,1,0,1,0,0,-0.6,0
PAI-04924,Industrial Corridors,Gujarat,1047.4,1155.1,37,55,100.0,91.5,11,1,0,1,1,0,7.1,1
PAI-04925,Power,West Bengal,367.8,379.4,38,81,90.0,97.1,8,0,0,0,0,0,5.9,0
PAI-04926,Water & Sanitation,West Bengal,436.9,444.5,41,40,94.6,100.0,9,0,1,0,0,0,3.1,0
PAI-04927,Roads,Odisha,269.0,294.0,78,39,54.2,65.6,19,0,1,1,0,0,4.0,0
PAI-04928,Railways,West Bengal,77.5,80.6,45,34,68.0,79.2,11,2,0,0,0,0,0.9,0
PAI-04929,Power,Telangana,418.2,427.8,36,22,74.6,76.2,10,2,0,0,0,0,6.5,1
PAI-04930,Roads,Rajasthan,466.6,509.1,53,33,73.8,80.6,11,1,1,1,0,0,4.7,0
PAI-04931,Ports,Uttar Pradesh,141.5,144.4,43,34,75.7,66.8,10,0,0,0,0,0,-2.6,0
PAI-04932,Ports,Tamil Nadu,223.4,231.2,29,16,52.2,76.6,6,0,0,0,0,0,-4.0,0
PAI-04933,Water & Sanitation,Telangana,131.2,135.7,17,43,99.4,100.0,5,0,0,0,1,0,5.2,1
PAI-04934,Water & Sanitation,Andhra Pradesh,142.3,144.5,48,59,99.5,100.0,11,0,0,0,0,0,1.9,0
PAI-04935,Urban Transit,Karnataka,321.4,326.8,40,78,96.1,93.5,9,0,0,1,0,0,2.8,0
PAI-04936,Roads,Maharashtra,69.0,75.8,65,26,40.8,51.9,14,2,0,0,0,1,6.5,1
PAI-04937,Railways,Jharkhand,489.9,499.3,26,11,50.5,39.2,8,1,0,0,0,1,-6.0,0
PAI-04938,Power,Bihar,314.0,326.3,31,26,96.7,94.0,6,0,0,1,0,0,-4.7,0
PAI-04939,Water & Sanitation,Maharashtra,686.0,740.8,12,32,100.0,91.5,4,1,1,1,0,0,2.8,1
PAI-04940,Airports,Uttar Pradesh,245.5,254.8,36,52,100.0,100.0,11,2,0,0,0,0,9.7,1
PAI-04941,Power,Andhra Pradesh,227.6,244.4,31,65,94.8,85.8,8,1,0,1,0,0,8.4,0
PAI-04942,Industrial Corridors,Andhra Pradesh,223.5,251.0,25,30,98.2,87.8,4,3,1,0,0,0,12.2,1
PAI-04943,Urban Transit,Madhya Pradesh,536.1,551.7,48,13,32.0,30.1,12,0,0,1,0,0,3.0,0
PAI-04944,Railways,Jharkhand,167.6,169.1,35,84,100.0,100.0,10,0,0,0,0,0,3.9,1
PAI-04945,Urban Transit,Odisha,149.2,152.7,19,39,89.4,97.2,4,1,1,0,0,0,0.9,0
PAI-04946,Urban Transit,Rajasthan,201.9,232.5,59,84,100.0,98.2,13,2,1,0,0,1,5.4,1
PAI-04947,Water & Sanitation,Odisha,702.9,784.6,60,62,100.0,71.4,15,1,0,0,1,0,1.1,1
PAI-04948,Ports,Karnataka,199.2,217.0,28,31,95.3,99.1,7,2,1,1,0,0,1.3,0
PAI-04949,Roads,Haryana,647.7,707.5,24,27,88.4,95.8,4,1,0,0,1,1,0.5,1
PAI-04950,Railways,Madhya Pradesh,421.7,443.9,45,51,92.2,92.7,9,0,0,0,1,0,5.5,0
PAI-04951,Urban Transit,Karnataka,809.1,867.3,50,76,97.3,99.0,15,0,1,1,0,0,1.3,0
PAI-04952,Water & Sanitation,Rajasthan,200.9,211.7,46,62,100.0,85.3,8,0,1,0,0,0,-2.6,1
PAI-04953,Urban Transit,Andhra Pradesh,396.2,417.1,26,20,90.2,100.0,4,1,0,0,1,0,4.4,0
PAI-04954,Urban Transit,West Bengal,467.1,489.8,57,48,78.6,65.1,9,0,0,0,1,0,-4.6,0
PAI-04955,Urban Transit,Andhra Pradesh,39.5,39.5,45,61,100.0,100.0,9,1,0,0,0,0,1.2,0
PAI-04956,Railways,Haryana,412.8,426.0,45,12,32.1,35.0,12,0,0,0,0,1,-2.6,0
PAI-04957,Industrial Corridors,Kerala,49.6,55.4,49,32,81.9,100.0,13,3,1,1,0,0,12.6,0
PAI-04958,Urban Transit,Uttar Pradesh,221.3,239.8,23,16,58.6,54.3,4,3,0,0,0,0,11.0,1
PAI-04959,Water & Sanitation,Jharkhand,103.6,106.8,23,82,100.0,93.8,6,0,0,0,0,0,-0.2,0
PAI-04960,Urban Transit,Kerala,257.3,266.4,12,53,92.5,90.1,4,1,0,0,0,0,10.8,1
PAI-04961,Power,Madhya Pradesh,1537.0,1578.5,22,81,87.6,76.8,4,0,0,0,0,0,6.4,0
PAI-04962,Power,Kerala,182.9,195.8,44,59,100.0,95.5,10,0,0,0,1,0,10.4,1
PAI-04963,Ports,Odisha,244.2,262.6,30,73,100.0,100.0,11,1,0,1,0,0,0.7,1
PAI-04964,Urban Transit,Bihar,533.7,549.0,35,11,32.2,30.8,11,2,0,0,0,0,7.9,1
PAI-04965,Power,Uttar Pradesh,133.4,136.4,28,39,99.2,86.2,10,0,0,0,0,0,5.1,0
PAI-04966,Urban Transit,Telangana,147.1,161.1,34,17,50.0,45.6,9,2,1,0,0,0,5.4,1
PAI-04967,Urban Transit,Andhra Pradesh,329.4,329.4,14,40,97.5,100.0,4,2,0,0,0,0,1.0,1
PAI-04968,Industrial Corridors,Uttar Pradesh,482.0,540.1,40,44,100.0,97.6,7,1,1,1,0,0,5.9,1
PAI-04969,Power,Maharashtra,456.3,493.1,58,27,60.6,64.4,19,2,0,0,0,1,12.5,1
PAI-04970,Urban Transit,West Bengal,76.9,79.4,14,27,100.0,100.0,4,1,0,0,0,0,1.3,1
PAI-04971,Railways,Haryana,636.0,701.9,44,66,98.6,91.8,14,1,1,0,0,0,-1.7,1
PAI-04972,Railways,Telangana,928.4,977.9,38,33,82.6,87.1,8,1,0,0,0,0,-2.6,0
PAI-04973,Power,Jharkhand,139.3,144.7,39,78,100.0,100.0,11,2,0,0,0,0,8.2,1
PAI-04974,Water & Sanitation,Jharkhand,132.5,136.7,37,80,80.6,91.9,11,0,0,0,0,0,2.5,0
PAI-04975,Ports,Gujarat,157.6,161.6,40,12,24.7,28.0,10,0,0,0,0,0,-0.9,0
PAI-04976,Railways,Haryana,82.9,85.6,31,42,100.0,100.0,9,0,0,0,0,1,-2.8,0
PAI-04977,Roads,Karnataka,379.6,398.0,29,58,94.8,98.2,5,1,1,0,0,0,1.1,0
PAI-04978,Water & Sanitation,Telangana,187.3,198.4,58,46,83.5,80.8,12,1,0,1,1,0,-2.1,0
PAI-04979,Railways,Jharkhand,553.8,580.8,53,33,55.1,53.8,12,1,1,0,0,0,-6.8,1
PAI-04980,Power,Kerala,588.9,609.3,63,18,33.0,25.7,15,1,0,0,0,0,-0.3,1
PAI-04981,Ports,Odisha,161.7,191.6,28,64,100.0,95.8,7,0,1,1,1,1,-0.7,1
PAI-04982,Power,Haryana,513.6,529.6,12,49,100.0,95.7,7,0,0,0,0,0,-7.5,0
PAI-04983,Power,Rajasthan,171.9,195.3,53,77,82.5,69.7,13,0,1,0,1,0,-5.4,1
PAI-04984,Roads,Jharkhand,896.9,920.3,53,51,97.6,88.4,14,0,0,0,0,0,-0.7,1
PAI-04985,Roads,Jharkhand,150.6,160.0,43,9,36.3,41.6,15,3,0,1,0,0,9.6,1
PAI-04986,Roads,Bihar,188.7,198.2,38,64,82.7,77.4,9,0,0,0,0,1,2.1,0
PAI-04987,Water & Sanitation,Andhra Pradesh,365.4,414.9,54,72,99.0,99.2,15,1,0,1,0,0,18.3,1
PAI-04988,Water & Sanitation,Jharkhand,1466.1,1624.1,42,53,100.0,92.3,10,2,0,1,0,0,5.2,0
PAI-04989,Industrial Corridors,Tamil Nadu,1210.8,1289.1,50,24,53.4,58.1,17,1,0,0,0,1,6.5,0
PAI-04990,Urban Transit,Madhya Pradesh,523.1,530.0,55,15,27.5,19.0,14,0,0,0,0,0,-3.6,0
PAI-04991,Power,Karnataka,384.9,409.3,32,48,100.0,100.0,9,0,1,1,0,0,-3.7,1
PAI-04992,Roads,West Bengal,364.5,396.3,50,34,69.8,73.2,12,1,1,1,0,0,-2.2,1
PAI-04993,Roads,Haryana,448.7,458.2,18,20,96.7,100.0,5,1,0,0,0,0,-1.5,0
PAI-04994,Railways,Kerala,607.9,644.1,47,66,98.9,92.3,13,0,1,0,0,0,1.5,1
PAI-04995,Power,Kerala,101.5,104.5,43,29,63.2,75.8,10,2,0,0,0,0,5.0,0
PAI-04996,Roads,Telangana,175.2,189.0,32,12,38.6,65.1,9,1,1,0,0,0,8.1,1
PAI-04997,Urban Transit,Jharkhand,515.8,533.6,71,65,100.0,100.0,22,0,0,0,1,0,-0.6,0
PAI-04998,Power,Maharashtra,50.1,54.0,70,27,38.8,31.2,14,1,0,0,0,1,4.8,0
PAI-04999,Roads,Jharkhand,193.0,208.2,20,52,88.0,75.8,5,1,0,0,0,1,5.0,1
PAI-05000,Water & Sanitation,Odisha,162.1,168.7,34,45,97.3,98.8,10,2,0,0,0,0,11.2,1
